off_tech_id,off_tech,d3fend_id,def_tech,phase,tactic,shared_artifacts,shared_artifact_names,trust,proxy_quality,band
_meta,provenance,,"source=02-projects/d3fend-wall/data/matrix_long.csv+wall_columns.csv; upstream=build_wall_leaf.py (git-less, deterministic re-run reproduces 5616-row matrix_long / 120-col wall_columns byte-identical); matrix_long_sha256=35500f5917cfe4f52a6217f0563b423fff11ebf1e9f5dbcfc4c7cd4f8d1acda7; wall_columns_sha256=bd5ba6ae956b31d7d635707226fe20a836f1b3d2351446b3d18d1e444cf395bf",gen_date=2026-06-21,"SCOPE=6 detection techniques {T1071,T1048,T1110,T1490,T1003.001,T1530} UNION neighbors sharing >=1 d3fend_id; T1530 has no covered cells so it is absent (honest-degrade not-in-corpus)",5578,n_zero_defense=27;n_in_scope_off_tech=411,0.25,artifact_cooccurrence,_meta
T1037.004,RC Scripts,D3-CI,Configuration Inventory,prepare,Model,1,Configuration Resource,0.25,artifact_cooccurrence,prepare
T1037.005,Startup Items,D3-CI,Configuration Inventory,prepare,Model,1,Configuration Resource,0.25,artifact_cooccurrence,prepare
T1037,Boot or Logon Initialization Scripts,D3-CI,Configuration Inventory,prepare,Model,1,Configuration Resource,0.25,artifact_cooccurrence,prepare
T1114.003,Email Forwarding Rule,D3-CI,Configuration Inventory,prepare,Model,1,Configuration Resource,0.25,artifact_cooccurrence,prepare
T1114,Email Collection,D3-CI,Configuration Inventory,prepare,Model,1,Configuration Resource,0.25,artifact_cooccurrence,prepare
T1134.005,SID-History Injection,D3-CI,Configuration Inventory,prepare,Model,1,Configuration Resource,0.25,artifact_cooccurrence,prepare
T1134,Access Token Manipulation,D3-CI,Configuration Inventory,prepare,Model,1,Configuration Resource,0.25,artifact_cooccurrence,prepare
T1137.001,Office Template Macros,D3-CI,Configuration Inventory,prepare,Model,1,Configuration Resource,0.25,artifact_cooccurrence,prepare
T1137.002,Office Test,D3-CI,Configuration Inventory,prepare,Model,1,Configuration Resource,0.25,artifact_cooccurrence,prepare
T1137.004,Outlook Home Page,D3-CI,Configuration Inventory,prepare,Model,1,Configuration Resource,0.25,artifact_cooccurrence,prepare
T1137.005,Outlook Rules,D3-CI,Configuration Inventory,prepare,Model,1,Configuration Resource,0.25,artifact_cooccurrence,prepare
T1137,Office Application Startup,D3-CI,Configuration Inventory,prepare,Model,1,Configuration Resource,0.25,artifact_cooccurrence,prepare
T1218.002,Control Panel,D3-CI,Configuration Inventory,prepare,Model,1,Configuration Resource,0.25,artifact_cooccurrence,prepare
T1218,System Binary Proxy Execution,D3-CI,Configuration Inventory,prepare,Model,1,Configuration Resource,0.25,artifact_cooccurrence,prepare
T1222.001,Windows File and Directory Permissions Modification,D3-CI,Configuration Inventory,prepare,Model,1,Configuration Resource,0.25,artifact_cooccurrence,prepare
T1222.002,Linux and Mac File and Directory Permissions Modification,D3-CI,Configuration Inventory,prepare,Model,1,Configuration Resource,0.25,artifact_cooccurrence,prepare
T1222,File and Directory Permissions Modification,D3-CI,Configuration Inventory,prepare,Model,1,Configuration Resource,0.25,artifact_cooccurrence,prepare
T1484.001,Group Policy Modification,D3-CI,Configuration Inventory,prepare,Model,1,Configuration Resource,0.25,artifact_cooccurrence,prepare
T1484.002,Trust Modification,D3-CI,Configuration Inventory,prepare,Model,1,Configuration Resource,0.25,artifact_cooccurrence,prepare
T1484,Domain or Tenant Policy Modification,D3-CI,Configuration Inventory,prepare,Model,1,Configuration Resource,0.25,artifact_cooccurrence,prepare
T1490,Inhibit System Recovery,D3-CI,Configuration Inventory,prepare,Model,1,Configuration Resource,0.25,artifact_cooccurrence,prepare
T1518.001,Security Software Discovery,D3-CI,Configuration Inventory,prepare,Model,1,Configuration Resource,0.25,artifact_cooccurrence,prepare
T1518,Software Discovery,D3-CI,Configuration Inventory,prepare,Model,1,Configuration Resource,0.25,artifact_cooccurrence,prepare
T1526,Cloud Service Discovery,D3-CI,Configuration Inventory,prepare,Model,1,Configuration Resource,0.25,artifact_cooccurrence,prepare
T1538,Cloud Service Dashboard,D3-CI,Configuration Inventory,prepare,Model,1,Configuration Resource,0.25,artifact_cooccurrence,prepare
T1546.001,Change Default File Association,D3-CI,Configuration Inventory,prepare,Model,1,Configuration Resource,0.25,artifact_cooccurrence,prepare
T1546.002,Screensaver,D3-CI,Configuration Inventory,prepare,Model,1,Configuration Resource,0.25,artifact_cooccurrence,prepare
T1546.007,Netsh Helper DLL,D3-CI,Configuration Inventory,prepare,Model,1,Configuration Resource,0.25,artifact_cooccurrence,prepare
T1546.008,Accessibility Features,D3-CI,Configuration Inventory,prepare,Model,1,Configuration Resource,0.25,artifact_cooccurrence,prepare
T1546.009,AppCert DLLs,D3-CI,Configuration Inventory,prepare,Model,1,Configuration Resource,0.25,artifact_cooccurrence,prepare
T1546.010,AppInit DLLs,D3-CI,Configuration Inventory,prepare,Model,1,Configuration Resource,0.25,artifact_cooccurrence,prepare
T1546.011,Application Shimming,D3-CI,Configuration Inventory,prepare,Model,1,Configuration Resource,0.25,artifact_cooccurrence,prepare
T1546.014,Emond,D3-CI,Configuration Inventory,prepare,Model,1,Configuration Resource,0.25,artifact_cooccurrence,prepare
T1546,Event Triggered Execution,D3-CI,Configuration Inventory,prepare,Model,1,Configuration Resource,0.25,artifact_cooccurrence,prepare
T1547.001,Registry Run Keys / Startup Folder,D3-CI,Configuration Inventory,prepare,Model,1,Configuration Resource,0.25,artifact_cooccurrence,prepare
T1547.002,Authentication Package,D3-CI,Configuration Inventory,prepare,Model,1,Configuration Resource,0.25,artifact_cooccurrence,prepare
T1547.003,Time Providers,D3-CI,Configuration Inventory,prepare,Model,1,Configuration Resource,0.25,artifact_cooccurrence,prepare
T1547.004,Winlogon Helper DLL,D3-CI,Configuration Inventory,prepare,Model,1,Configuration Resource,0.25,artifact_cooccurrence,prepare
T1547.005,Security Support Provider,D3-CI,Configuration Inventory,prepare,Model,1,Configuration Resource,0.25,artifact_cooccurrence,prepare
T1547.010,Port Monitors,D3-CI,Configuration Inventory,prepare,Model,1,Configuration Resource,0.25,artifact_cooccurrence,prepare
T1547,Boot or Logon Autostart Execution,D3-CI,Configuration Inventory,prepare,Model,1,Configuration Resource,0.25,artifact_cooccurrence,prepare
T1548.001,Setuid and Setgid,D3-CI,Configuration Inventory,prepare,Model,1,Configuration Resource,0.25,artifact_cooccurrence,prepare
T1548.002,Bypass User Account Control,D3-CI,Configuration Inventory,prepare,Model,1,Configuration Resource,0.25,artifact_cooccurrence,prepare
T1548.005,Temporary Elevated Cloud Access,D3-CI,Configuration Inventory,prepare,Model,1,Configuration Resource,0.25,artifact_cooccurrence,prepare
T1548,Abuse Elevation Control Mechanism,D3-CI,Configuration Inventory,prepare,Model,1,Configuration Resource,0.25,artifact_cooccurrence,prepare
T1552.005,Cloud Instance Metadata API,D3-CI,Configuration Inventory,prepare,Model,1,Configuration Resource,0.25,artifact_cooccurrence,prepare
T1552.006,Group Policy Preferences,D3-CI,Configuration Inventory,prepare,Model,1,Configuration Resource,0.25,artifact_cooccurrence,prepare
T1552,Unsecured Credentials,D3-CI,Configuration Inventory,prepare,Model,1,Configuration Resource,0.25,artifact_cooccurrence,prepare
T1553.003,SIP and Trust Provider Hijacking,D3-CI,Configuration Inventory,prepare,Model,1,Configuration Resource,0.25,artifact_cooccurrence,prepare
T1553,Subvert Trust Controls,D3-CI,Configuration Inventory,prepare,Model,1,Configuration Resource,0.25,artifact_cooccurrence,prepare
T1556.002,Password Filter DLL,D3-CI,Configuration Inventory,prepare,Model,1,Configuration Resource,0.25,artifact_cooccurrence,prepare
T1556.009,Conditional Access Policies,D3-CI,Configuration Inventory,prepare,Model,1,Configuration Resource,0.25,artifact_cooccurrence,prepare
T1556,Modify Authentication Process,D3-CI,Configuration Inventory,prepare,Model,1,Configuration Resource,0.25,artifact_cooccurrence,prepare
T1562.002,Disable Windows Event Logging,D3-CI,Configuration Inventory,prepare,Model,1,Configuration Resource,0.25,artifact_cooccurrence,prepare
T1562.003,Impair Command History Logging,D3-CI,Configuration Inventory,prepare,Model,1,Configuration Resource,0.25,artifact_cooccurrence,prepare
T1562.004,Disable or Modify System Firewall,D3-CI,Configuration Inventory,prepare,Model,1,Configuration Resource,0.25,artifact_cooccurrence,prepare
T1562.007,Disable or Modify Cloud Firewall,D3-CI,Configuration Inventory,prepare,Model,1,Configuration Resource,0.25,artifact_cooccurrence,prepare
T1562.008,Disable or Modify Cloud Logs,D3-CI,Configuration Inventory,prepare,Model,1,Configuration Resource,0.25,artifact_cooccurrence,prepare
T1562.009,Safe Mode Boot,D3-CI,Configuration Inventory,prepare,Model,1,Configuration Resource,0.25,artifact_cooccurrence,prepare
T1562,Impair Defenses,D3-CI,Configuration Inventory,prepare,Model,1,Configuration Resource,0.25,artifact_cooccurrence,prepare
T1564.008,Email Hiding Rules,D3-CI,Configuration Inventory,prepare,Model,1,Configuration Resource,0.25,artifact_cooccurrence,prepare
T1564,Hide Artifacts,D3-CI,Configuration Inventory,prepare,Model,1,Configuration Resource,0.25,artifact_cooccurrence,prepare
T1574.011,Services Registry Permissions Weakness,D3-CI,Configuration Inventory,prepare,Model,1,Configuration Resource,0.25,artifact_cooccurrence,prepare
T1574.012,COR_PROFILER,D3-CI,Configuration Inventory,prepare,Model,1,Configuration Resource,0.25,artifact_cooccurrence,prepare
T1574,Hijack Execution Flow,D3-CI,Configuration Inventory,prepare,Model,1,Configuration Resource,0.25,artifact_cooccurrence,prepare
T1578.002,Create Cloud Instance,D3-CI,Configuration Inventory,prepare,Model,1,Configuration Resource,0.25,artifact_cooccurrence,prepare
T1578.003,Delete Cloud Instance,D3-CI,Configuration Inventory,prepare,Model,1,Configuration Resource,0.25,artifact_cooccurrence,prepare
T1578.004,Revert Cloud Instance,D3-CI,Configuration Inventory,prepare,Model,1,Configuration Resource,0.25,artifact_cooccurrence,prepare
T1578.005,Modify Cloud Compute Configurations,D3-CI,Configuration Inventory,prepare,Model,1,Configuration Resource,0.25,artifact_cooccurrence,prepare
T1578,Modify Cloud Compute Infrastructure,D3-CI,Configuration Inventory,prepare,Model,1,Configuration Resource,0.25,artifact_cooccurrence,prepare
T1614.001,System Language Discovery,D3-CI,Configuration Inventory,prepare,Model,1,Configuration Resource,0.25,artifact_cooccurrence,prepare
T1614,System Location Discovery,D3-CI,Configuration Inventory,prepare,Model,1,Configuration Resource,0.25,artifact_cooccurrence,prepare
T1615,Group Policy Discovery,D3-CI,Configuration Inventory,prepare,Model,1,Configuration Resource,0.25,artifact_cooccurrence,prepare
T1666,Modify Cloud Resource Hierarchy,D3-CI,Configuration Inventory,prepare,Model,1,Configuration Resource,0.25,artifact_cooccurrence,prepare
T1003.002,Security Account Manager,D3-DI,Data Inventory,prepare,Model,1,Database,0.25,artifact_cooccurrence,prepare
T1003.004,LSA Secrets,D3-DI,Data Inventory,prepare,Model,1,Database,0.25,artifact_cooccurrence,prepare
T1003.008,/etc/passwd and /etc/shadow,D3-DI,Data Inventory,prepare,Model,1,Database,0.25,artifact_cooccurrence,prepare
T1003,OS Credential Dumping,D3-DI,Data Inventory,prepare,Model,1,Database,0.25,artifact_cooccurrence,prepare
T1012,Query Registry,D3-DI,Data Inventory,prepare,Model,1,Database,0.25,artifact_cooccurrence,prepare
T1033,System Owner/User Discovery,D3-DI,Data Inventory,prepare,Model,1,Database,0.25,artifact_cooccurrence,prepare
T1112,Modify Registry,D3-DI,Data Inventory,prepare,Model,1,Database,0.25,artifact_cooccurrence,prepare
T1114.001,Local Email Collection,D3-DI,Data Inventory,prepare,Model,1,Document File,0.25,artifact_cooccurrence,prepare
T1114,Email Collection,D3-DI,Data Inventory,prepare,Model,1,Document File,0.25,artifact_cooccurrence,prepare
T1137.003,Outlook Forms,D3-DI,Data Inventory,prepare,Model,1,Document File,0.25,artifact_cooccurrence,prepare
T1137.006,Add-ins,D3-DI,Data Inventory,prepare,Model,1,Database,0.25,artifact_cooccurrence,prepare
T1137,Office Application Startup,D3-DI,Data Inventory,prepare,Model,2,Database|Document File,0.25,artifact_cooccurrence,prepare
T1207,Rogue Domain Controller,D3-DI,Data Inventory,prepare,Model,1,Database,0.25,artifact_cooccurrence,prepare
T1213.003,Code Repositories,D3-DI,Data Inventory,prepare,Model,1,Database,0.25,artifact_cooccurrence,prepare
T1213,Data from Information Repositories,D3-DI,Data Inventory,prepare,Model,1,Database,0.25,artifact_cooccurrence,prepare
T1218.005,Mshta,D3-DI,Data Inventory,prepare,Model,1,Document File,0.25,artifact_cooccurrence,prepare
T1218.014,MMC,D3-DI,Data Inventory,prepare,Model,1,Database,0.25,artifact_cooccurrence,prepare
T1218,System Binary Proxy Execution,D3-DI,Data Inventory,prepare,Model,2,Database|Document File,0.25,artifact_cooccurrence,prepare
T1534,Internal Spearphishing,D3-DI,Data Inventory,prepare,Model,1,Document File,0.25,artifact_cooccurrence,prepare
T1543.003,Windows Service,D3-DI,Data Inventory,prepare,Model,1,Database,0.25,artifact_cooccurrence,prepare
T1543,Create or Modify System Process,D3-DI,Data Inventory,prepare,Model,1,Database,0.25,artifact_cooccurrence,prepare
T1546.012,Image File Execution Options Injection,D3-DI,Data Inventory,prepare,Model,1,Database,0.25,artifact_cooccurrence,prepare
T1546.015,Component Object Model Hijacking,D3-DI,Data Inventory,prepare,Model,1,Database,0.25,artifact_cooccurrence,prepare
T1546,Event Triggered Execution,D3-DI,Data Inventory,prepare,Model,1,Database,0.25,artifact_cooccurrence,prepare
T1548.004,Elevated Execution with Prompt,D3-DI,Data Inventory,prepare,Model,1,Database,0.25,artifact_cooccurrence,prepare
T1548,Abuse Elevation Control Mechanism,D3-DI,Data Inventory,prepare,Model,1,Database,0.25,artifact_cooccurrence,prepare
T1552.002,Credentials in Registry,D3-DI,Data Inventory,prepare,Model,1,Database,0.25,artifact_cooccurrence,prepare
T1552,Unsecured Credentials,D3-DI,Data Inventory,prepare,Model,1,Database,0.25,artifact_cooccurrence,prepare
T1555.001,Keychain,D3-DI,Data Inventory,prepare,Model,1,Database,0.25,artifact_cooccurrence,prepare
T1555.002,Securityd Memory,D3-DI,Data Inventory,prepare,Model,1,Database,0.25,artifact_cooccurrence,prepare
T1555.003,Credentials from Web Browsers,D3-DI,Data Inventory,prepare,Model,1,Database,0.25,artifact_cooccurrence,prepare
T1555.004,Windows Credential Manager,D3-DI,Data Inventory,prepare,Model,1,Database,0.25,artifact_cooccurrence,prepare
T1555.005,Password Managers,D3-DI,Data Inventory,prepare,Model,1,Database,0.25,artifact_cooccurrence,prepare
T1555.006,Cloud Secrets Management Stores,D3-DI,Data Inventory,prepare,Model,1,Database,0.25,artifact_cooccurrence,prepare
T1555,Credentials from Password Stores,D3-DI,Data Inventory,prepare,Model,1,Database,0.25,artifact_cooccurrence,prepare
T1564.003,Hidden Window,D3-DI,Data Inventory,prepare,Model,1,Database,0.25,artifact_cooccurrence,prepare
T1564.005,Hidden File System,D3-DI,Data Inventory,prepare,Model,1,Database,0.25,artifact_cooccurrence,prepare
T1564.007,VBA Stomping,D3-DI,Data Inventory,prepare,Model,1,Document File,0.25,artifact_cooccurrence,prepare
T1564,Hide Artifacts,D3-DI,Data Inventory,prepare,Model,2,Database|Document File,0.25,artifact_cooccurrence,prepare
T1566.001,Spearphishing Attachment,D3-DI,Data Inventory,prepare,Model,1,Document File,0.25,artifact_cooccurrence,prepare
T1566.002,Spearphishing Link,D3-DI,Data Inventory,prepare,Model,1,Document File,0.25,artifact_cooccurrence,prepare
T1566,Phishing,D3-DI,Data Inventory,prepare,Model,1,Document File,0.25,artifact_cooccurrence,prepare
T1614.001,System Language Discovery,D3-DI,Data Inventory,prepare,Model,1,Database,0.25,artifact_cooccurrence,prepare
T1614,System Location Discovery,D3-DI,Data Inventory,prepare,Model,1,Database,0.25,artifact_cooccurrence,prepare
T1056,Input Capture,D3-HCI,Hardware Component Inventory,prepare,Model,1,Hardware Device,0.25,artifact_cooccurrence,prepare
T1114.002,Remote Email Collection,D3-HCI,Hardware Component Inventory,prepare,Model,1,Hardware Device,0.25,artifact_cooccurrence,prepare
T1114,Email Collection,D3-HCI,Hardware Component Inventory,prepare,Model,1,Hardware Device,0.25,artifact_cooccurrence,prepare
T1195,Supply Chain Compromise,D3-HCI,Hardware Component Inventory,prepare,Model,1,Hardware Device,0.25,artifact_cooccurrence,prepare
T1505.002,Transport Agent,D3-HCI,Hardware Component Inventory,prepare,Model,1,Hardware Device,0.25,artifact_cooccurrence,prepare
T1505.003,Web Shell,D3-HCI,Hardware Component Inventory,prepare,Model,1,Hardware Device,0.25,artifact_cooccurrence,prepare
T1505,Server Software Component,D3-HCI,Hardware Component Inventory,prepare,Model,1,Hardware Device,0.25,artifact_cooccurrence,prepare
T1562.013,Disable or Modify Network Device Firewall,D3-HCI,Hardware Component Inventory,prepare,Model,1,Hardware Device,0.25,artifact_cooccurrence,prepare
T1562,Impair Defenses,D3-HCI,Hardware Component Inventory,prepare,Model,1,Hardware Device,0.25,artifact_cooccurrence,prepare
T1578.002,Create Cloud Instance,D3-HCI,Hardware Component Inventory,prepare,Model,1,Hardware Device,0.25,artifact_cooccurrence,prepare
T1578.003,Delete Cloud Instance,D3-HCI,Hardware Component Inventory,prepare,Model,1,Hardware Device,0.25,artifact_cooccurrence,prepare
T1578.004,Revert Cloud Instance,D3-HCI,Hardware Component Inventory,prepare,Model,1,Hardware Device,0.25,artifact_cooccurrence,prepare
T1578,Modify Cloud Compute Infrastructure,D3-HCI,Hardware Component Inventory,prepare,Model,1,Hardware Device,0.25,artifact_cooccurrence,prepare
T1619,Cloud Storage Object Discovery,D3-HCI,Hardware Component Inventory,prepare,Model,1,Hardware Device,0.25,artifact_cooccurrence,prepare
T1001.001,Junk Data,D3-NNI,Network Node Inventory,prepare,Model,1,Network Node,0.25,artifact_cooccurrence,prepare
T1001.002,Steganography,D3-NNI,Network Node Inventory,prepare,Model,1,Network Node,0.25,artifact_cooccurrence,prepare
T1001.003,Protocol or Service Impersonation,D3-NNI,Network Node Inventory,prepare,Model,1,Network Node,0.25,artifact_cooccurrence,prepare
T1001,Data Obfuscation,D3-NNI,Network Node Inventory,prepare,Model,1,Network Node,0.25,artifact_cooccurrence,prepare
T1003.006,DCSync,D3-NNI,Network Node Inventory,prepare,Model,1,Network Node,0.25,artifact_cooccurrence,prepare
T1003,OS Credential Dumping,D3-NNI,Network Node Inventory,prepare,Model,1,Network Node,0.25,artifact_cooccurrence,prepare
T1008,Fallback Channels,D3-NNI,Network Node Inventory,prepare,Model,1,Network Node,0.25,artifact_cooccurrence,prepare
T1011.001,Exfiltration Over Bluetooth,D3-NNI,Network Node Inventory,prepare,Model,1,Network Node,0.25,artifact_cooccurrence,prepare
T1011,Exfiltration Over Other Network Medium,D3-NNI,Network Node Inventory,prepare,Model,1,Network Node,0.25,artifact_cooccurrence,prepare
T1018,Remote System Discovery,D3-NNI,Network Node Inventory,prepare,Model,1,Network Node,0.25,artifact_cooccurrence,prepare
T1020.001,Traffic Duplication,D3-NNI,Network Node Inventory,prepare,Model,1,Network Node,0.25,artifact_cooccurrence,prepare
T1020,Automated Exfiltration,D3-NNI,Network Node Inventory,prepare,Model,1,Network Node,0.25,artifact_cooccurrence,prepare
T1021.001,Remote Desktop Protocol,D3-NNI,Network Node Inventory,prepare,Model,1,Network Node,0.25,artifact_cooccurrence,prepare
T1021.002,SMB/Windows Admin Shares,D3-NNI,Network Node Inventory,prepare,Model,1,Network Node,0.25,artifact_cooccurrence,prepare
T1021.003,Distributed Component Object Model,D3-NNI,Network Node Inventory,prepare,Model,1,Network Node,0.25,artifact_cooccurrence,prepare
T1021.004,SSH,D3-NNI,Network Node Inventory,prepare,Model,1,Network Node,0.25,artifact_cooccurrence,prepare
T1021.005,VNC,D3-NNI,Network Node Inventory,prepare,Model,1,Network Node,0.25,artifact_cooccurrence,prepare
T1021.006,Windows Remote Management,D3-NNI,Network Node Inventory,prepare,Model,1,Network Node,0.25,artifact_cooccurrence,prepare
T1021.007,Cloud Services,D3-NNI,Network Node Inventory,prepare,Model,1,Network Node,0.25,artifact_cooccurrence,prepare
T1021.008,Direct Cloud VM Connections,D3-NNI,Network Node Inventory,prepare,Model,1,Network Node,0.25,artifact_cooccurrence,prepare
T1021,Remote Services,D3-NNI,Network Node Inventory,prepare,Model,1,Network Node,0.25,artifact_cooccurrence,prepare
T1029,Scheduled Transfer,D3-NNI,Network Node Inventory,prepare,Model,1,Network Node,0.25,artifact_cooccurrence,prepare
T1030,Data Transfer Size Limits,D3-NNI,Network Node Inventory,prepare,Model,1,Network Node,0.25,artifact_cooccurrence,prepare
T1041,Exfiltration Over C2 Channel,D3-NNI,Network Node Inventory,prepare,Model,1,Network Node,0.25,artifact_cooccurrence,prepare
T1047,Windows Management Instrumentation,D3-NNI,Network Node Inventory,prepare,Model,1,Network Node,0.25,artifact_cooccurrence,prepare
T1048.001,Exfiltration Over Symmetric Encrypted Non-C2 Protocol,D3-NNI,Network Node Inventory,prepare,Model,1,Network Node,0.25,artifact_cooccurrence,prepare
T1048.002,Exfiltration Over Asymmetric Encrypted Non-C2 Protocol,D3-NNI,Network Node Inventory,prepare,Model,1,Network Node,0.25,artifact_cooccurrence,prepare
T1048.003,Exfiltration Over Unencrypted Non-C2 Protocol,D3-NNI,Network Node Inventory,prepare,Model,1,Network Node,0.25,artifact_cooccurrence,prepare
T1048,Exfiltration Over Alternative Protocol,D3-NNI,Network Node Inventory,prepare,Model,1,Network Node,0.25,artifact_cooccurrence,prepare
T1071.001,Web Protocols,D3-NNI,Network Node Inventory,prepare,Model,1,Network Node,0.25,artifact_cooccurrence,prepare
T1071.002,File Transfer Protocols,D3-NNI,Network Node Inventory,prepare,Model,1,Network Node,0.25,artifact_cooccurrence,prepare
T1071.003,Mail Protocols,D3-NNI,Network Node Inventory,prepare,Model,1,Network Node,0.25,artifact_cooccurrence,prepare
T1071.004,DNS,D3-NNI,Network Node Inventory,prepare,Model,1,Network Node,0.25,artifact_cooccurrence,prepare
T1071.005,Publish/Subscribe Protocols,D3-NNI,Network Node Inventory,prepare,Model,1,Network Node,0.25,artifact_cooccurrence,prepare
T1071,Application Layer Protocol,D3-NNI,Network Node Inventory,prepare,Model,1,Network Node,0.25,artifact_cooccurrence,prepare
T1090.001,Internal Proxy,D3-NNI,Network Node Inventory,prepare,Model,1,Network Node,0.25,artifact_cooccurrence,prepare
T1090.002,External Proxy,D3-NNI,Network Node Inventory,prepare,Model,1,Network Node,0.25,artifact_cooccurrence,prepare
T1090.003,Multi-hop Proxy,D3-NNI,Network Node Inventory,prepare,Model,1,Network Node,0.25,artifact_cooccurrence,prepare
T1090.004,Domain Fronting,D3-NNI,Network Node Inventory,prepare,Model,1,Network Node,0.25,artifact_cooccurrence,prepare
T1090,Proxy,D3-NNI,Network Node Inventory,prepare,Model,1,Network Node,0.25,artifact_cooccurrence,prepare
T1095,Non-Application Layer Protocol,D3-NNI,Network Node Inventory,prepare,Model,1,Network Node,0.25,artifact_cooccurrence,prepare
T1098.001,Additional Cloud Credentials,D3-NNI,Network Node Inventory,prepare,Model,1,Network Node,0.25,artifact_cooccurrence,prepare
T1098,Account Manipulation,D3-NNI,Network Node Inventory,prepare,Model,1,Network Node,0.25,artifact_cooccurrence,prepare
T1102.001,Dead Drop Resolver,D3-NNI,Network Node Inventory,prepare,Model,1,Network Node,0.25,artifact_cooccurrence,prepare
T1102.002,Bidirectional Communication,D3-NNI,Network Node Inventory,prepare,Model,1,Network Node,0.25,artifact_cooccurrence,prepare
T1102.003,One-Way Communication,D3-NNI,Network Node Inventory,prepare,Model,1,Network Node,0.25,artifact_cooccurrence,prepare
T1102,Web Service,D3-NNI,Network Node Inventory,prepare,Model,1,Network Node,0.25,artifact_cooccurrence,prepare
T1104,Multi-Stage Channels,D3-NNI,Network Node Inventory,prepare,Model,1,Network Node,0.25,artifact_cooccurrence,prepare
T1105,Ingress Tool Transfer,D3-NNI,Network Node Inventory,prepare,Model,1,Network Node,0.25,artifact_cooccurrence,prepare
T1110.003,Password Spraying,D3-NNI,Network Node Inventory,prepare,Model,1,Network Node,0.25,artifact_cooccurrence,prepare
T1110.004,Credential Stuffing,D3-NNI,Network Node Inventory,prepare,Model,1,Network Node,0.25,artifact_cooccurrence,prepare
T1110,Brute Force,D3-NNI,Network Node Inventory,prepare,Model,1,Network Node,0.25,artifact_cooccurrence,prepare
T1114.002,Remote Email Collection,D3-NNI,Network Node Inventory,prepare,Model,1,Network Node,0.25,artifact_cooccurrence,prepare
T1114,Email Collection,D3-NNI,Network Node Inventory,prepare,Model,1,Network Node,0.25,artifact_cooccurrence,prepare
T1132.001,Standard Encoding,D3-NNI,Network Node Inventory,prepare,Model,1,Network Node,0.25,artifact_cooccurrence,prepare
T1132.002,Non-Standard Encoding,D3-NNI,Network Node Inventory,prepare,Model,1,Network Node,0.25,artifact_cooccurrence,prepare
T1132,Data Encoding,D3-NNI,Network Node Inventory,prepare,Model,1,Network Node,0.25,artifact_cooccurrence,prepare
T1185,Browser Session Hijacking,D3-NNI,Network Node Inventory,prepare,Model,1,Network Node,0.25,artifact_cooccurrence,prepare
T1189,Drive-by Compromise,D3-NNI,Network Node Inventory,prepare,Model,1,Network Node,0.25,artifact_cooccurrence,prepare
T1190,Exploit Public-Facing Application,D3-NNI,Network Node Inventory,prepare,Model,1,Network Node,0.25,artifact_cooccurrence,prepare
T1197,BITS Jobs,D3-NNI,Network Node Inventory,prepare,Model,1,Network Node,0.25,artifact_cooccurrence,prepare
T1199,Trusted Relationship,D3-NNI,Network Node Inventory,prepare,Model,1,Network Node,0.25,artifact_cooccurrence,prepare
T1204.001,Malicious Link,D3-NNI,Network Node Inventory,prepare,Model,1,Network Node,0.25,artifact_cooccurrence,prepare
T1204,User Execution,D3-NNI,Network Node Inventory,prepare,Model,1,Network Node,0.25,artifact_cooccurrence,prepare
T1205.001,Port Knocking,D3-NNI,Network Node Inventory,prepare,Model,1,Network Node,0.25,artifact_cooccurrence,prepare
T1205.002,Socket Filters,D3-NNI,Network Node Inventory,prepare,Model,1,Network Node,0.25,artifact_cooccurrence,prepare
T1205,Traffic Signaling,D3-NNI,Network Node Inventory,prepare,Model,1,Network Node,0.25,artifact_cooccurrence,prepare
T1207,Rogue Domain Controller,D3-NNI,Network Node Inventory,prepare,Model,1,Network Node,0.25,artifact_cooccurrence,prepare
T1210,Exploitation of Remote Services,D3-NNI,Network Node Inventory,prepare,Model,1,Network Node,0.25,artifact_cooccurrence,prepare
T1218.003,CMSTP,D3-NNI,Network Node Inventory,prepare,Model,1,Network Node,0.25,artifact_cooccurrence,prepare
T1218,System Binary Proxy Execution,D3-NNI,Network Node Inventory,prepare,Model,1,Network Node,0.25,artifact_cooccurrence,prepare
T1219.001,IDE Tunneling,D3-NNI,Network Node Inventory,prepare,Model,1,Network Node,0.25,artifact_cooccurrence,prepare
T1219.002,Remote Desktop Software,D3-NNI,Network Node Inventory,prepare,Model,1,Network Node,0.25,artifact_cooccurrence,prepare
T1219.003,Remote Access Hardware,D3-NNI,Network Node Inventory,prepare,Model,1,Network Node,0.25,artifact_cooccurrence,prepare
T1219,Remote Access Tools,D3-NNI,Network Node Inventory,prepare,Model,1,Network Node,0.25,artifact_cooccurrence,prepare
T1498.001,Direct Network Flood,D3-NNI,Network Node Inventory,prepare,Model,1,Network Node,0.25,artifact_cooccurrence,prepare
T1498.002,Reflection Amplification,D3-NNI,Network Node Inventory,prepare,Model,1,Network Node,0.25,artifact_cooccurrence,prepare
T1498,Network Denial of Service,D3-NNI,Network Node Inventory,prepare,Model,1,Network Node,0.25,artifact_cooccurrence,prepare
T1499.002,Service Exhaustion Flood,D3-NNI,Network Node Inventory,prepare,Model,1,Network Node,0.25,artifact_cooccurrence,prepare
T1499,Endpoint Denial of Service,D3-NNI,Network Node Inventory,prepare,Model,1,Network Node,0.25,artifact_cooccurrence,prepare
T1505.002,Transport Agent,D3-NNI,Network Node Inventory,prepare,Model,1,Network Node,0.25,artifact_cooccurrence,prepare
T1505.003,Web Shell,D3-NNI,Network Node Inventory,prepare,Model,1,Network Node,0.25,artifact_cooccurrence,prepare
T1505,Server Software Component,D3-NNI,Network Node Inventory,prepare,Model,1,Network Node,0.25,artifact_cooccurrence,prepare
T1542.005,TFTP Boot,D3-NNI,Network Node Inventory,prepare,Model,1,Network Node,0.25,artifact_cooccurrence,prepare
T1542,Pre-OS Boot,D3-NNI,Network Node Inventory,prepare,Model,1,Network Node,0.25,artifact_cooccurrence,prepare
T1546.003,Windows Management Instrumentation Event Subscription,D3-NNI,Network Node Inventory,prepare,Model,1,Network Node,0.25,artifact_cooccurrence,prepare
T1546.008,Accessibility Features,D3-NNI,Network Node Inventory,prepare,Model,1,Network Node,0.25,artifact_cooccurrence,prepare
T1546,Event Triggered Execution,D3-NNI,Network Node Inventory,prepare,Model,1,Network Node,0.25,artifact_cooccurrence,prepare
T1550.001,Application Access Token,D3-NNI,Network Node Inventory,prepare,Model,1,Network Node,0.25,artifact_cooccurrence,prepare
T1550.004,Web Session Cookie,D3-NNI,Network Node Inventory,prepare,Model,1,Network Node,0.25,artifact_cooccurrence,prepare
T1550,Use Alternate Authentication Material,D3-NNI,Network Node Inventory,prepare,Model,1,Network Node,0.25,artifact_cooccurrence,prepare
T1557.001,LLMNR/NBT-NS Poisoning and SMB Relay,D3-NNI,Network Node Inventory,prepare,Model,1,Network Node,0.25,artifact_cooccurrence,prepare
T1557.002,ARP Cache Poisoning,D3-NNI,Network Node Inventory,prepare,Model,1,Network Node,0.25,artifact_cooccurrence,prepare
T1557.003,DHCP Spoofing,D3-NNI,Network Node Inventory,prepare,Model,1,Network Node,0.25,artifact_cooccurrence,prepare
T1557.004,Evil Twin,D3-NNI,Network Node Inventory,prepare,Model,1,Network Node,0.25,artifact_cooccurrence,prepare
T1557,Adversary-in-the-Middle,D3-NNI,Network Node Inventory,prepare,Model,1,Network Node,0.25,artifact_cooccurrence,prepare
T1558.003,Kerberoasting,D3-NNI,Network Node Inventory,prepare,Model,1,Network Node,0.25,artifact_cooccurrence,prepare
T1558,Steal or Forge Kerberos Tickets,D3-NNI,Network Node Inventory,prepare,Model,1,Network Node,0.25,artifact_cooccurrence,prepare
T1562.013,Disable or Modify Network Device Firewall,D3-NNI,Network Node Inventory,prepare,Model,1,Network Node,0.25,artifact_cooccurrence,prepare
T1562,Impair Defenses,D3-NNI,Network Node Inventory,prepare,Model,1,Network Node,0.25,artifact_cooccurrence,prepare
T1563.001,SSH Hijacking,D3-NNI,Network Node Inventory,prepare,Model,1,Network Node,0.25,artifact_cooccurrence,prepare
T1563.002,RDP Hijacking,D3-NNI,Network Node Inventory,prepare,Model,1,Network Node,0.25,artifact_cooccurrence,prepare
T1563,Remote Service Session Hijacking,D3-NNI,Network Node Inventory,prepare,Model,1,Network Node,0.25,artifact_cooccurrence,prepare
T1565.002,Transmitted Data Manipulation,D3-NNI,Network Node Inventory,prepare,Model,1,Network Node,0.25,artifact_cooccurrence,prepare
T1565,Data Manipulation,D3-NNI,Network Node Inventory,prepare,Model,1,Network Node,0.25,artifact_cooccurrence,prepare
T1566.001,Spearphishing Attachment,D3-NNI,Network Node Inventory,prepare,Model,1,Network Node,0.25,artifact_cooccurrence,prepare
T1566.002,Spearphishing Link,D3-NNI,Network Node Inventory,prepare,Model,1,Network Node,0.25,artifact_cooccurrence,prepare
T1566,Phishing,D3-NNI,Network Node Inventory,prepare,Model,1,Network Node,0.25,artifact_cooccurrence,prepare
T1567.001,Exfiltration to Code Repository,D3-NNI,Network Node Inventory,prepare,Model,1,Network Node,0.25,artifact_cooccurrence,prepare
T1567.002,Exfiltration to Cloud Storage,D3-NNI,Network Node Inventory,prepare,Model,1,Network Node,0.25,artifact_cooccurrence,prepare
T1567.003,Exfiltration to Text Storage Sites,D3-NNI,Network Node Inventory,prepare,Model,1,Network Node,0.25,artifact_cooccurrence,prepare
T1567.004,Exfiltration Over Webhook,D3-NNI,Network Node Inventory,prepare,Model,1,Network Node,0.25,artifact_cooccurrence,prepare
T1567,Exfiltration Over Web Service,D3-NNI,Network Node Inventory,prepare,Model,1,Network Node,0.25,artifact_cooccurrence,prepare
T1568.001,Fast Flux DNS,D3-NNI,Network Node Inventory,prepare,Model,1,Network Node,0.25,artifact_cooccurrence,prepare
T1568.002,Domain Generation Algorithms,D3-NNI,Network Node Inventory,prepare,Model,1,Network Node,0.25,artifact_cooccurrence,prepare
T1568.003,DNS Calculation,D3-NNI,Network Node Inventory,prepare,Model,1,Network Node,0.25,artifact_cooccurrence,prepare
T1568,Dynamic Resolution,D3-NNI,Network Node Inventory,prepare,Model,1,Network Node,0.25,artifact_cooccurrence,prepare
T1570,Lateral Tool Transfer,D3-NNI,Network Node Inventory,prepare,Model,1,Network Node,0.25,artifact_cooccurrence,prepare
T1571,Non-Standard Port,D3-NNI,Network Node Inventory,prepare,Model,1,Network Node,0.25,artifact_cooccurrence,prepare
T1572,Protocol Tunneling,D3-NNI,Network Node Inventory,prepare,Model,1,Network Node,0.25,artifact_cooccurrence,prepare
T1573.001,Symmetric Cryptography,D3-NNI,Network Node Inventory,prepare,Model,1,Network Node,0.25,artifact_cooccurrence,prepare
T1573.002,Asymmetric Cryptography,D3-NNI,Network Node Inventory,prepare,Model,1,Network Node,0.25,artifact_cooccurrence,prepare
T1573,Encrypted Channel,D3-NNI,Network Node Inventory,prepare,Model,1,Network Node,0.25,artifact_cooccurrence,prepare
T1578.002,Create Cloud Instance,D3-NNI,Network Node Inventory,prepare,Model,1,Network Node,0.25,artifact_cooccurrence,prepare
T1578.003,Delete Cloud Instance,D3-NNI,Network Node Inventory,prepare,Model,1,Network Node,0.25,artifact_cooccurrence,prepare
T1578.004,Revert Cloud Instance,D3-NNI,Network Node Inventory,prepare,Model,1,Network Node,0.25,artifact_cooccurrence,prepare
T1578,Modify Cloud Compute Infrastructure,D3-NNI,Network Node Inventory,prepare,Model,1,Network Node,0.25,artifact_cooccurrence,prepare
T1014,Rootkit,D3-SWI,Software Inventory,prepare,Model,1,Software,0.25,artifact_cooccurrence,prepare
T1056.003,Web Portal Capture,D3-SWI,Software Inventory,prepare,Model,1,Software,0.25,artifact_cooccurrence,prepare
T1056,Input Capture,D3-SWI,Software Inventory,prepare,Model,1,Software,0.25,artifact_cooccurrence,prepare
T1072,Software Deployment Tools,D3-SWI,Software Inventory,prepare,Model,1,Software,0.25,artifact_cooccurrence,prepare
T1127.001,MSBuild,D3-SWI,Software Inventory,prepare,Model,1,Software,0.25,artifact_cooccurrence,prepare
T1127,Trusted Developer Utilities Proxy Execution,D3-SWI,Software Inventory,prepare,Model,1,Software,0.25,artifact_cooccurrence,prepare
T1137.006,Add-ins,D3-SWI,Software Inventory,prepare,Model,1,Software,0.25,artifact_cooccurrence,prepare
T1137,Office Application Startup,D3-SWI,Software Inventory,prepare,Model,1,Software,0.25,artifact_cooccurrence,prepare
T1176.001,Browser Extensions,D3-SWI,Software Inventory,prepare,Model,1,Software,0.25,artifact_cooccurrence,prepare
T1176.002,IDE Extensions,D3-SWI,Software Inventory,prepare,Model,1,Software,0.25,artifact_cooccurrence,prepare
T1176,Software Extensions,D3-SWI,Software Inventory,prepare,Model,1,Software,0.25,artifact_cooccurrence,prepare
T1195.001,Compromise Software Dependencies and Development Tools,D3-SWI,Software Inventory,prepare,Model,1,Software,0.25,artifact_cooccurrence,prepare
T1195.002,Compromise Software Supply Chain,D3-SWI,Software Inventory,prepare,Model,1,Software,0.25,artifact_cooccurrence,prepare
T1195,Supply Chain Compromise,D3-SWI,Software Inventory,prepare,Model,1,Software,0.25,artifact_cooccurrence,prepare
T1212,Exploitation for Credential Access,D3-SWI,Software Inventory,prepare,Model,1,Software,0.25,artifact_cooccurrence,prepare
T1218.014,MMC,D3-SWI,Software Inventory,prepare,Model,1,Software,0.25,artifact_cooccurrence,prepare
T1218,System Binary Proxy Execution,D3-SWI,Software Inventory,prepare,Model,1,Software,0.25,artifact_cooccurrence,prepare
T1490,Inhibit System Recovery,D3-SWI,Software Inventory,prepare,Model,1,Software,0.25,artifact_cooccurrence,prepare
T1497.003,Time Based Checks,D3-SWI,Software Inventory,prepare,Model,1,Software,0.25,artifact_cooccurrence,prepare
T1497,Virtualization/Sandbox Evasion,D3-SWI,Software Inventory,prepare,Model,1,Software,0.25,artifact_cooccurrence,prepare
T1505.001,SQL Stored Procedures,D3-SWI,Software Inventory,prepare,Model,1,Software,0.25,artifact_cooccurrence,prepare
T1505.004,IIS Components,D3-SWI,Software Inventory,prepare,Model,1,Software,0.25,artifact_cooccurrence,prepare
T1505,Server Software Component,D3-SWI,Software Inventory,prepare,Model,1,Software,0.25,artifact_cooccurrence,prepare
T1542.001,System Firmware,D3-SWI,Software Inventory,prepare,Model,1,Software,0.25,artifact_cooccurrence,prepare
T1542.002,Component Firmware,D3-SWI,Software Inventory,prepare,Model,1,Software,0.25,artifact_cooccurrence,prepare
T1542.003,Bootkit,D3-SWI,Software Inventory,prepare,Model,1,Software,0.25,artifact_cooccurrence,prepare
T1542.004,ROMMONkit,D3-SWI,Software Inventory,prepare,Model,1,Software,0.25,artifact_cooccurrence,prepare
T1542,Pre-OS Boot,D3-SWI,Software Inventory,prepare,Model,1,Software,0.25,artifact_cooccurrence,prepare
T1546.011,Application Shimming,D3-SWI,Software Inventory,prepare,Model,1,Software,0.25,artifact_cooccurrence,prepare
T1546,Event Triggered Execution,D3-SWI,Software Inventory,prepare,Model,1,Software,0.25,artifact_cooccurrence,prepare
T1547.008,LSASS Driver,D3-SWI,Software Inventory,prepare,Model,1,Software,0.25,artifact_cooccurrence,prepare
T1547,Boot or Logon Autostart Execution,D3-SWI,Software Inventory,prepare,Model,1,Software,0.25,artifact_cooccurrence,prepare
T1554,Compromise Host Software Binary,D3-SWI,Software Inventory,prepare,Model,1,Software,0.25,artifact_cooccurrence,prepare
T1564.006,Run Virtual Instance,D3-SWI,Software Inventory,prepare,Model,1,Software,0.25,artifact_cooccurrence,prepare
T1564,Hide Artifacts,D3-SWI,Software Inventory,prepare,Model,1,Software,0.25,artifact_cooccurrence,prepare
T1574.005,Executable Installer File Permissions Weakness,D3-SWI,Software Inventory,prepare,Model,1,Software,0.25,artifact_cooccurrence,prepare
T1574.010,Services File Permissions Weakness,D3-SWI,Software Inventory,prepare,Model,1,Software,0.25,artifact_cooccurrence,prepare
T1574,Hijack Execution Flow,D3-SWI,Software Inventory,prepare,Model,1,Software,0.25,artifact_cooccurrence,prepare
T1649,Steal or Forge Authentication Certificates,D3-SWI,Software Inventory,prepare,Model,1,Software,0.25,artifact_cooccurrence,prepare
T1134.005,SID-History Injection,D3-NTPM,Network Traffic Policy Mapping,prepare,Model,1,Access Control Configuration,0.25,artifact_cooccurrence,prepare
T1134,Access Token Manipulation,D3-NTPM,Network Traffic Policy Mapping,prepare,Model,1,Access Control Configuration,0.25,artifact_cooccurrence,prepare
T1222.001,Windows File and Directory Permissions Modification,D3-NTPM,Network Traffic Policy Mapping,prepare,Model,1,Access Control Configuration,0.25,artifact_cooccurrence,prepare
T1222.002,Linux and Mac File and Directory Permissions Modification,D3-NTPM,Network Traffic Policy Mapping,prepare,Model,1,Access Control Configuration,0.25,artifact_cooccurrence,prepare
T1222,File and Directory Permissions Modification,D3-NTPM,Network Traffic Policy Mapping,prepare,Model,1,Access Control Configuration,0.25,artifact_cooccurrence,prepare
T1484.001,Group Policy Modification,D3-NTPM,Network Traffic Policy Mapping,prepare,Model,1,Access Control Configuration,0.25,artifact_cooccurrence,prepare
T1484.002,Trust Modification,D3-NTPM,Network Traffic Policy Mapping,prepare,Model,1,Access Control Configuration,0.25,artifact_cooccurrence,prepare
T1484,Domain or Tenant Policy Modification,D3-NTPM,Network Traffic Policy Mapping,prepare,Model,1,Access Control Configuration,0.25,artifact_cooccurrence,prepare
T1548.001,Setuid and Setgid,D3-NTPM,Network Traffic Policy Mapping,prepare,Model,1,Access Control Configuration,0.25,artifact_cooccurrence,prepare
T1548.005,Temporary Elevated Cloud Access,D3-NTPM,Network Traffic Policy Mapping,prepare,Model,1,Access Control Configuration,0.25,artifact_cooccurrence,prepare
T1548,Abuse Elevation Control Mechanism,D3-NTPM,Network Traffic Policy Mapping,prepare,Model,1,Access Control Configuration,0.25,artifact_cooccurrence,prepare
T1552.006,Group Policy Preferences,D3-NTPM,Network Traffic Policy Mapping,prepare,Model,1,Access Control Configuration,0.25,artifact_cooccurrence,prepare
T1552,Unsecured Credentials,D3-NTPM,Network Traffic Policy Mapping,prepare,Model,1,Access Control Configuration,0.25,artifact_cooccurrence,prepare
T1556.009,Conditional Access Policies,D3-NTPM,Network Traffic Policy Mapping,prepare,Model,1,Access Control Configuration,0.25,artifact_cooccurrence,prepare
T1556,Modify Authentication Process,D3-NTPM,Network Traffic Policy Mapping,prepare,Model,1,Access Control Configuration,0.25,artifact_cooccurrence,prepare
T1615,Group Policy Discovery,D3-NTPM,Network Traffic Policy Mapping,prepare,Model,1,Access Control Configuration,0.25,artifact_cooccurrence,prepare
T1078.001,Default Accounts,D3-AM,Access Modeling,prepare,Model,1,User Account,0.25,artifact_cooccurrence,prepare
T1078.002,Domain Accounts,D3-AM,Access Modeling,prepare,Model,1,User Account,0.25,artifact_cooccurrence,prepare
T1078.003,Local Accounts,D3-AM,Access Modeling,prepare,Model,1,User Account,0.25,artifact_cooccurrence,prepare
T1078.004,Cloud Accounts,D3-AM,Access Modeling,prepare,Model,1,User Account,0.25,artifact_cooccurrence,prepare
T1078,Valid Accounts,D3-AM,Access Modeling,prepare,Model,1,User Account,0.25,artifact_cooccurrence,prepare
T1087.001,Local Account,D3-AM,Access Modeling,prepare,Model,1,User Account,0.25,artifact_cooccurrence,prepare
T1087.002,Domain Account,D3-AM,Access Modeling,prepare,Model,1,User Account,0.25,artifact_cooccurrence,prepare
T1087.004,Cloud Account,D3-AM,Access Modeling,prepare,Model,1,User Account,0.25,artifact_cooccurrence,prepare
T1087,Account Discovery,D3-AM,Access Modeling,prepare,Model,1,User Account,0.25,artifact_cooccurrence,prepare
T1098.001,Additional Cloud Credentials,D3-AM,Access Modeling,prepare,Model,1,User Account,0.25,artifact_cooccurrence,prepare
T1098.002,Additional Email Delegate Permissions,D3-AM,Access Modeling,prepare,Model,1,User Account,0.25,artifact_cooccurrence,prepare
T1098.003,Additional Cloud Roles,D3-AM,Access Modeling,prepare,Model,1,User Account,0.25,artifact_cooccurrence,prepare
T1098.004,SSH Authorized Keys,D3-AM,Access Modeling,prepare,Model,1,User Account,0.25,artifact_cooccurrence,prepare
T1098.005,Device Registration,D3-AM,Access Modeling,prepare,Model,1,User Account,0.25,artifact_cooccurrence,prepare
T1098.006,Additional Container Cluster Roles,D3-AM,Access Modeling,prepare,Model,1,User Account,0.25,artifact_cooccurrence,prepare
T1098.007,Additional Local or Domain Groups,D3-AM,Access Modeling,prepare,Model,1,User Account,0.25,artifact_cooccurrence,prepare
T1098,Account Manipulation,D3-AM,Access Modeling,prepare,Model,1,User Account,0.25,artifact_cooccurrence,prepare
T1134.005,SID-History Injection,D3-AM,Access Modeling,prepare,Model,1,Access Control Configuration,0.25,artifact_cooccurrence,prepare
T1134,Access Token Manipulation,D3-AM,Access Modeling,prepare,Model,1,Access Control Configuration,0.25,artifact_cooccurrence,prepare
T1136.001,Local Account,D3-AM,Access Modeling,prepare,Model,1,User Account,0.25,artifact_cooccurrence,prepare
T1136.002,Domain Account,D3-AM,Access Modeling,prepare,Model,1,User Account,0.25,artifact_cooccurrence,prepare
T1136.003,Cloud Account,D3-AM,Access Modeling,prepare,Model,1,User Account,0.25,artifact_cooccurrence,prepare
T1136,Create Account,D3-AM,Access Modeling,prepare,Model,1,User Account,0.25,artifact_cooccurrence,prepare
T1222.001,Windows File and Directory Permissions Modification,D3-AM,Access Modeling,prepare,Model,1,Access Control Configuration,0.25,artifact_cooccurrence,prepare
T1222.002,Linux and Mac File and Directory Permissions Modification,D3-AM,Access Modeling,prepare,Model,1,Access Control Configuration,0.25,artifact_cooccurrence,prepare
T1222,File and Directory Permissions Modification,D3-AM,Access Modeling,prepare,Model,1,Access Control Configuration,0.25,artifact_cooccurrence,prepare
T1484.001,Group Policy Modification,D3-AM,Access Modeling,prepare,Model,1,Access Control Configuration,0.25,artifact_cooccurrence,prepare
T1484.002,Trust Modification,D3-AM,Access Modeling,prepare,Model,1,Access Control Configuration,0.25,artifact_cooccurrence,prepare
T1484,Domain or Tenant Policy Modification,D3-AM,Access Modeling,prepare,Model,1,Access Control Configuration,0.25,artifact_cooccurrence,prepare
T1531,Account Access Removal,D3-AM,Access Modeling,prepare,Model,1,User Account,0.25,artifact_cooccurrence,prepare
T1548.001,Setuid and Setgid,D3-AM,Access Modeling,prepare,Model,1,Access Control Configuration,0.25,artifact_cooccurrence,prepare
T1548.005,Temporary Elevated Cloud Access,D3-AM,Access Modeling,prepare,Model,2,Access Control Configuration|User Account,0.25,artifact_cooccurrence,prepare
T1548,Abuse Elevation Control Mechanism,D3-AM,Access Modeling,prepare,Model,2,Access Control Configuration|User Account,0.25,artifact_cooccurrence,prepare
T1552.006,Group Policy Preferences,D3-AM,Access Modeling,prepare,Model,1,Access Control Configuration,0.25,artifact_cooccurrence,prepare
T1552,Unsecured Credentials,D3-AM,Access Modeling,prepare,Model,1,Access Control Configuration,0.25,artifact_cooccurrence,prepare
T1556.009,Conditional Access Policies,D3-AM,Access Modeling,prepare,Model,1,Access Control Configuration,0.25,artifact_cooccurrence,prepare
T1556,Modify Authentication Process,D3-AM,Access Modeling,prepare,Model,1,Access Control Configuration,0.25,artifact_cooccurrence,prepare
T1615,Group Policy Discovery,D3-AM,Access Modeling,prepare,Model,1,Access Control Configuration,0.25,artifact_cooccurrence,prepare
T1562,Impair Defenses,D3-SYSVA,System Vulnerability Assessment,prepare,Model,1,Digital System,0.25,artifact_cooccurrence,prepare
T1041,Exfiltration Over C2 Channel,D3-CBAN,Certificate-based Authentication,prepare,Harden,1,Certificate,0.25,artifact_cooccurrence,prepare
T1048.002,Exfiltration Over Asymmetric Encrypted Non-C2 Protocol,D3-CBAN,Certificate-based Authentication,prepare,Harden,1,Certificate,0.25,artifact_cooccurrence,prepare
T1048,Exfiltration Over Alternative Protocol,D3-CBAN,Certificate-based Authentication,prepare,Harden,1,Certificate,0.25,artifact_cooccurrence,prepare
T1071.001,Web Protocols,D3-CBAN,Certificate-based Authentication,prepare,Harden,1,Certificate,0.25,artifact_cooccurrence,prepare
T1071.002,File Transfer Protocols,D3-CBAN,Certificate-based Authentication,prepare,Harden,1,Certificate,0.25,artifact_cooccurrence,prepare
T1071.003,Mail Protocols,D3-CBAN,Certificate-based Authentication,prepare,Harden,1,Certificate,0.25,artifact_cooccurrence,prepare
T1071.004,DNS,D3-CBAN,Certificate-based Authentication,prepare,Harden,1,Certificate,0.25,artifact_cooccurrence,prepare
T1071.005,Publish/Subscribe Protocols,D3-CBAN,Certificate-based Authentication,prepare,Harden,1,Certificate,0.25,artifact_cooccurrence,prepare
T1071,Application Layer Protocol,D3-CBAN,Certificate-based Authentication,prepare,Harden,1,Certificate,0.25,artifact_cooccurrence,prepare
T1553.004,Install Root Certificate,D3-CBAN,Certificate-based Authentication,prepare,Harden,1,Certificate,0.25,artifact_cooccurrence,prepare
T1553,Subvert Trust Controls,D3-CBAN,Certificate-based Authentication,prepare,Harden,1,Certificate,0.25,artifact_cooccurrence,prepare
T1573.002,Asymmetric Cryptography,D3-CBAN,Certificate-based Authentication,prepare,Harden,1,Certificate,0.25,artifact_cooccurrence,prepare
T1573,Encrypted Channel,D3-CBAN,Certificate-based Authentication,prepare,Harden,1,Certificate,0.25,artifact_cooccurrence,prepare
T1649,Steal or Forge Authentication Certificates,D3-CBAN,Certificate-based Authentication,prepare,Harden,1,Certificate,0.25,artifact_cooccurrence,prepare
T1003.003,NTDS,D3-MFA,Multi-factor Authentication,prepare,Harden,1,Credential,0.25,artifact_cooccurrence,prepare
T1003.005,Cached Domain Credentials,D3-MFA,Multi-factor Authentication,prepare,Harden,1,Credential,0.25,artifact_cooccurrence,prepare
T1003.008,/etc/passwd and /etc/shadow,D3-MFA,Multi-factor Authentication,prepare,Harden,1,Credential,0.25,artifact_cooccurrence,prepare
T1003,OS Credential Dumping,D3-MFA,Multi-factor Authentication,prepare,Harden,1,Credential,0.25,artifact_cooccurrence,prepare
T1098.001,Additional Cloud Credentials,D3-MFA,Multi-factor Authentication,prepare,Harden,1,Credential,0.25,artifact_cooccurrence,prepare
T1098,Account Manipulation,D3-MFA,Multi-factor Authentication,prepare,Harden,1,Credential,0.25,artifact_cooccurrence,prepare
T1110.001,Password Guessing,D3-MFA,Multi-factor Authentication,prepare,Harden,1,Credential,0.25,artifact_cooccurrence,prepare
T1110.002,Password Cracking,D3-MFA,Multi-factor Authentication,prepare,Harden,1,Credential,0.25,artifact_cooccurrence,prepare
T1110.003,Password Spraying,D3-MFA,Multi-factor Authentication,prepare,Harden,1,Credential,0.25,artifact_cooccurrence,prepare
T1110,Brute Force,D3-MFA,Multi-factor Authentication,prepare,Harden,1,Credential,0.25,artifact_cooccurrence,prepare
T1134.001,Token Impersonation/Theft,D3-MFA,Multi-factor Authentication,prepare,Harden,1,Credential,0.25,artifact_cooccurrence,prepare
T1134.002,Create Process with Token,D3-MFA,Multi-factor Authentication,prepare,Harden,1,Credential,0.25,artifact_cooccurrence,prepare
T1134.003,Make and Impersonate Token,D3-MFA,Multi-factor Authentication,prepare,Harden,1,Credential,0.25,artifact_cooccurrence,prepare
T1134,Access Token Manipulation,D3-MFA,Multi-factor Authentication,prepare,Harden,1,Credential,0.25,artifact_cooccurrence,prepare
T1142,Keychain,D3-MFA,Multi-factor Authentication,prepare,Harden,1,Credential,0.25,artifact_cooccurrence,prepare
T1528,Steal Application Access Token,D3-MFA,Multi-factor Authentication,prepare,Harden,1,Credential,0.25,artifact_cooccurrence,prepare
T1539,Steal Web Session Cookie,D3-MFA,Multi-factor Authentication,prepare,Harden,1,Credential,0.25,artifact_cooccurrence,prepare
T1550.001,Application Access Token,D3-MFA,Multi-factor Authentication,prepare,Harden,1,Credential,0.25,artifact_cooccurrence,prepare
T1550.004,Web Session Cookie,D3-MFA,Multi-factor Authentication,prepare,Harden,1,Credential,0.25,artifact_cooccurrence,prepare
T1550,Use Alternate Authentication Material,D3-MFA,Multi-factor Authentication,prepare,Harden,1,Credential,0.25,artifact_cooccurrence,prepare
T1552.001,Credentials In Files,D3-MFA,Multi-factor Authentication,prepare,Harden,1,Credential,0.25,artifact_cooccurrence,prepare
T1552.002,Credentials in Registry,D3-MFA,Multi-factor Authentication,prepare,Harden,1,Credential,0.25,artifact_cooccurrence,prepare
T1552.003,Shell History,D3-MFA,Multi-factor Authentication,prepare,Harden,1,Credential,0.25,artifact_cooccurrence,prepare
T1552.004,Private Keys,D3-MFA,Multi-factor Authentication,prepare,Harden,1,Credential,0.25,artifact_cooccurrence,prepare
T1552.005,Cloud Instance Metadata API,D3-MFA,Multi-factor Authentication,prepare,Harden,1,Credential,0.25,artifact_cooccurrence,prepare
T1552.006,Group Policy Preferences,D3-MFA,Multi-factor Authentication,prepare,Harden,1,Credential,0.25,artifact_cooccurrence,prepare
T1552.007,Container API,D3-MFA,Multi-factor Authentication,prepare,Harden,1,Credential,0.25,artifact_cooccurrence,prepare
T1552.008,Chat Messages,D3-MFA,Multi-factor Authentication,prepare,Harden,1,Credential,0.25,artifact_cooccurrence,prepare
T1552,Unsecured Credentials,D3-MFA,Multi-factor Authentication,prepare,Harden,1,Credential,0.25,artifact_cooccurrence,prepare
T1558.001,Golden Ticket,D3-MFA,Multi-factor Authentication,prepare,Harden,1,Credential,0.25,artifact_cooccurrence,prepare
T1558.002,Silver Ticket,D3-MFA,Multi-factor Authentication,prepare,Harden,1,Credential,0.25,artifact_cooccurrence,prepare
T1558.003,Kerberoasting,D3-MFA,Multi-factor Authentication,prepare,Harden,1,Credential,0.25,artifact_cooccurrence,prepare
T1558.004,AS-REP Roasting,D3-MFA,Multi-factor Authentication,prepare,Harden,1,Credential,0.25,artifact_cooccurrence,prepare
T1558.005,Ccache Files,D3-MFA,Multi-factor Authentication,prepare,Harden,1,Credential,0.25,artifact_cooccurrence,prepare
T1558,Steal or Forge Kerberos Tickets,D3-MFA,Multi-factor Authentication,prepare,Harden,1,Credential,0.25,artifact_cooccurrence,prepare
T1606.001,Web Cookies,D3-MFA,Multi-factor Authentication,prepare,Harden,1,Credential,0.25,artifact_cooccurrence,prepare
T1606.002,SAML Tokens,D3-MFA,Multi-factor Authentication,prepare,Harden,1,Credential,0.25,artifact_cooccurrence,prepare
T1606,Forge Web Credentials,D3-MFA,Multi-factor Authentication,prepare,Harden,1,Credential,0.25,artifact_cooccurrence,prepare
T1110.001,Password Guessing,D3-PWA,Password Authentication,prepare,Harden,1,Password,0.25,artifact_cooccurrence,prepare
T1110.002,Password Cracking,D3-PWA,Password Authentication,prepare,Harden,1,Password,0.25,artifact_cooccurrence,prepare
T1110.003,Password Spraying,D3-PWA,Password Authentication,prepare,Harden,1,Password,0.25,artifact_cooccurrence,prepare
T1110,Brute Force,D3-PWA,Password Authentication,prepare,Harden,1,Password,0.25,artifact_cooccurrence,prepare
T1134.001,Token Impersonation/Theft,D3-TBA,Token-based Authentication,prepare,Harden,1,Access Token,0.25,artifact_cooccurrence,prepare
T1134.002,Create Process with Token,D3-TBA,Token-based Authentication,prepare,Harden,1,Access Token,0.25,artifact_cooccurrence,prepare
T1134.003,Make and Impersonate Token,D3-TBA,Token-based Authentication,prepare,Harden,1,Access Token,0.25,artifact_cooccurrence,prepare
T1134,Access Token Manipulation,D3-TBA,Token-based Authentication,prepare,Harden,1,Access Token,0.25,artifact_cooccurrence,prepare
T1528,Steal Application Access Token,D3-TBA,Token-based Authentication,prepare,Harden,1,Access Token,0.25,artifact_cooccurrence,prepare
T1550.001,Application Access Token,D3-TBA,Token-based Authentication,prepare,Harden,1,Access Token,0.25,artifact_cooccurrence,prepare
T1550,Use Alternate Authentication Material,D3-TBA,Token-based Authentication,prepare,Harden,1,Access Token,0.25,artifact_cooccurrence,prepare
T1558.001,Golden Ticket,D3-TBA,Token-based Authentication,prepare,Harden,1,Access Token,0.25,artifact_cooccurrence,prepare
T1558.002,Silver Ticket,D3-TBA,Token-based Authentication,prepare,Harden,1,Access Token,0.25,artifact_cooccurrence,prepare
T1558.003,Kerberoasting,D3-TBA,Token-based Authentication,prepare,Harden,1,Access Token,0.25,artifact_cooccurrence,prepare
T1558.004,AS-REP Roasting,D3-TBA,Token-based Authentication,prepare,Harden,1,Access Token,0.25,artifact_cooccurrence,prepare
T1558.005,Ccache Files,D3-TBA,Token-based Authentication,prepare,Harden,1,Access Token,0.25,artifact_cooccurrence,prepare
T1558,Steal or Forge Kerberos Tickets,D3-TBA,Token-based Authentication,prepare,Harden,1,Access Token,0.25,artifact_cooccurrence,prepare
T1056.003,Web Portal Capture,D3-DRA,Disable Remote Access,prepare,Harden,1,Application Configuration,0.25,artifact_cooccurrence,prepare
T1056,Input Capture,D3-DRA,Disable Remote Access,prepare,Harden,1,Application Configuration,0.25,artifact_cooccurrence,prepare
T1072,Software Deployment Tools,D3-DRA,Disable Remote Access,prepare,Harden,1,Application Configuration,0.25,artifact_cooccurrence,prepare
T1114.002,Remote Email Collection,D3-DRA,Disable Remote Access,prepare,Harden,1,Application Configuration,0.25,artifact_cooccurrence,prepare
T1114.003,Email Forwarding Rule,D3-DRA,Disable Remote Access,prepare,Harden,1,Application Configuration,0.25,artifact_cooccurrence,prepare
T1114,Email Collection,D3-DRA,Disable Remote Access,prepare,Harden,1,Application Configuration,0.25,artifact_cooccurrence,prepare
T1127.001,MSBuild,D3-DRA,Disable Remote Access,prepare,Harden,1,Application Configuration,0.25,artifact_cooccurrence,prepare
T1127,Trusted Developer Utilities Proxy Execution,D3-DRA,Disable Remote Access,prepare,Harden,1,Application Configuration,0.25,artifact_cooccurrence,prepare
T1137.006,Add-ins,D3-DRA,Disable Remote Access,prepare,Harden,1,Application Configuration,0.25,artifact_cooccurrence,prepare
T1137,Office Application Startup,D3-DRA,Disable Remote Access,prepare,Harden,1,Application Configuration,0.25,artifact_cooccurrence,prepare
T1176.001,Browser Extensions,D3-DRA,Disable Remote Access,prepare,Harden,1,Application Configuration,0.25,artifact_cooccurrence,prepare
T1176.002,IDE Extensions,D3-DRA,Disable Remote Access,prepare,Harden,1,Application Configuration,0.25,artifact_cooccurrence,prepare
T1176,Software Extensions,D3-DRA,Disable Remote Access,prepare,Harden,1,Application Configuration,0.25,artifact_cooccurrence,prepare
T1212,Exploitation for Credential Access,D3-DRA,Disable Remote Access,prepare,Harden,1,Application Configuration,0.25,artifact_cooccurrence,prepare
T1505.002,Transport Agent,D3-DRA,Disable Remote Access,prepare,Harden,1,Application Configuration,0.25,artifact_cooccurrence,prepare
T1505.003,Web Shell,D3-DRA,Disable Remote Access,prepare,Harden,1,Application Configuration,0.25,artifact_cooccurrence,prepare
T1505,Server Software Component,D3-DRA,Disable Remote Access,prepare,Harden,1,Application Configuration,0.25,artifact_cooccurrence,prepare
T1547.007,Re-opened Applications,D3-DRA,Disable Remote Access,prepare,Harden,1,Application Configuration,0.25,artifact_cooccurrence,prepare
T1547.011,Plist Modification,D3-DRA,Disable Remote Access,prepare,Harden,1,Application Configuration,0.25,artifact_cooccurrence,prepare
T1547,Boot or Logon Autostart Execution,D3-DRA,Disable Remote Access,prepare,Harden,1,Application Configuration,0.25,artifact_cooccurrence,prepare
T1554,Compromise Host Software Binary,D3-DRA,Disable Remote Access,prepare,Harden,1,Application Configuration,0.25,artifact_cooccurrence,prepare
T1562.002,Disable Windows Event Logging,D3-DRA,Disable Remote Access,prepare,Harden,1,Application Configuration,0.25,artifact_cooccurrence,prepare
T1562.003,Impair Command History Logging,D3-DRA,Disable Remote Access,prepare,Harden,1,Application Configuration,0.25,artifact_cooccurrence,prepare
T1562,Impair Defenses,D3-DRA,Disable Remote Access,prepare,Harden,1,Application Configuration,0.25,artifact_cooccurrence,prepare
T1564.006,Run Virtual Instance,D3-DRA,Disable Remote Access,prepare,Harden,1,Application Configuration,0.25,artifact_cooccurrence,prepare
T1564.008,Email Hiding Rules,D3-DRA,Disable Remote Access,prepare,Harden,1,Application Configuration,0.25,artifact_cooccurrence,prepare
T1564,Hide Artifacts,D3-DRA,Disable Remote Access,prepare,Harden,1,Application Configuration,0.25,artifact_cooccurrence,prepare
T1574.005,Executable Installer File Permissions Weakness,D3-DRA,Disable Remote Access,prepare,Harden,1,Application Configuration,0.25,artifact_cooccurrence,prepare
T1574.010,Services File Permissions Weakness,D3-DRA,Disable Remote Access,prepare,Harden,1,Application Configuration,0.25,artifact_cooccurrence,prepare
T1574,Hijack Execution Flow,D3-DRA,Disable Remote Access,prepare,Harden,1,Application Configuration,0.25,artifact_cooccurrence,prepare
T1578.002,Create Cloud Instance,D3-DRA,Disable Remote Access,prepare,Harden,1,Application Configuration,0.25,artifact_cooccurrence,prepare
T1578.003,Delete Cloud Instance,D3-DRA,Disable Remote Access,prepare,Harden,1,Application Configuration,0.25,artifact_cooccurrence,prepare
T1578.004,Revert Cloud Instance,D3-DRA,Disable Remote Access,prepare,Harden,1,Application Configuration,0.25,artifact_cooccurrence,prepare
T1578,Modify Cloud Compute Infrastructure,D3-DRA,Disable Remote Access,prepare,Harden,1,Application Configuration,0.25,artifact_cooccurrence,prepare
T1649,Steal or Forge Authentication Certificates,D3-DRA,Disable Remote Access,prepare,Harden,1,Application Configuration,0.25,artifact_cooccurrence,prepare
T1068,Exploitation for Privilege Escalation,D3-EHPV,Exception Handler Pointer Validation,prepare,Harden,1,Pointer,0.25,artifact_cooccurrence,prepare
T1203,Exploitation for Client Execution,D3-EHPV,Exception Handler Pointer Validation,prepare,Harden,1,Pointer,0.25,artifact_cooccurrence,prepare
T1210,Exploitation of Remote Services,D3-EHPV,Exception Handler Pointer Validation,prepare,Harden,1,Pointer,0.25,artifact_cooccurrence,prepare
T1211,Exploitation for Defense Evasion,D3-EHPV,Exception Handler Pointer Validation,prepare,Harden,1,Pointer,0.25,artifact_cooccurrence,prepare
T1212,Exploitation for Credential Access,D3-EHPV,Exception Handler Pointer Validation,prepare,Harden,1,Pointer,0.25,artifact_cooccurrence,prepare
T1068,Exploitation for Privilege Escalation,D3-PAN,Pointer Authentication,prepare,Harden,1,Pointer,0.25,artifact_cooccurrence,prepare
T1203,Exploitation for Client Execution,D3-PAN,Pointer Authentication,prepare,Harden,1,Pointer,0.25,artifact_cooccurrence,prepare
T1210,Exploitation of Remote Services,D3-PAN,Pointer Authentication,prepare,Harden,1,Pointer,0.25,artifact_cooccurrence,prepare
T1211,Exploitation for Defense Evasion,D3-PAN,Pointer Authentication,prepare,Harden,1,Pointer,0.25,artifact_cooccurrence,prepare
T1212,Exploitation for Credential Access,D3-PAN,Pointer Authentication,prepare,Harden,1,Pointer,0.25,artifact_cooccurrence,prepare
T1003.001,LSASS Memory,D3-PSEP,Process Segment Execution Prevention,prepare,Harden,1,Process Segment,0.25,artifact_cooccurrence,prepare
T1003.002,Security Account Manager,D3-PSEP,Process Segment Execution Prevention,prepare,Harden,1,Process Segment,0.25,artifact_cooccurrence,prepare
T1003.004,LSA Secrets,D3-PSEP,Process Segment Execution Prevention,prepare,Harden,1,Process Segment,0.25,artifact_cooccurrence,prepare
T1003.007,Proc Filesystem,D3-PSEP,Process Segment Execution Prevention,prepare,Harden,1,Process Segment,0.25,artifact_cooccurrence,prepare
T1003,OS Credential Dumping,D3-PSEP,Process Segment Execution Prevention,prepare,Harden,1,Process Segment,0.25,artifact_cooccurrence,prepare
T1033,System Owner/User Discovery,D3-PSEP,Process Segment Execution Prevention,prepare,Harden,1,Process Segment,0.25,artifact_cooccurrence,prepare
T1053.001,At (Linux) Execution,D3-PSEP,Process Segment Execution Prevention,prepare,Harden,1,Process Segment,0.25,artifact_cooccurrence,prepare
T1053.002,At,D3-PSEP,Process Segment Execution Prevention,prepare,Harden,1,Process Segment,0.25,artifact_cooccurrence,prepare
T1053.003,Cron,D3-PSEP,Process Segment Execution Prevention,prepare,Harden,1,Process Segment,0.25,artifact_cooccurrence,prepare
T1053.004,Launchd,D3-PSEP,Process Segment Execution Prevention,prepare,Harden,1,Process Segment,0.25,artifact_cooccurrence,prepare
T1053.005,Scheduled Task,D3-PSEP,Process Segment Execution Prevention,prepare,Harden,1,Process Segment,0.25,artifact_cooccurrence,prepare
T1053.006,Systemd Timers,D3-PSEP,Process Segment Execution Prevention,prepare,Harden,1,Process Segment,0.25,artifact_cooccurrence,prepare
T1053.007,Container Orchestration Job,D3-PSEP,Process Segment Execution Prevention,prepare,Harden,1,Process Segment,0.25,artifact_cooccurrence,prepare
T1053,Scheduled Task/Job,D3-PSEP,Process Segment Execution Prevention,prepare,Harden,1,Process Segment,0.25,artifact_cooccurrence,prepare
T1055.012,Process Hollowing,D3-PSEP,Process Segment Execution Prevention,prepare,Harden,1,Process Segment,0.25,artifact_cooccurrence,prepare
T1055,Process Injection,D3-PSEP,Process Segment Execution Prevention,prepare,Harden,1,Process Segment,0.25,artifact_cooccurrence,prepare
T1056.004,Credential API Hooking,D3-PSEP,Process Segment Execution Prevention,prepare,Harden,1,Process Segment,0.25,artifact_cooccurrence,prepare
T1056,Input Capture,D3-PSEP,Process Segment Execution Prevention,prepare,Harden,1,Process Segment,0.25,artifact_cooccurrence,prepare
T1068,Exploitation for Privilege Escalation,D3-PSEP,Process Segment Execution Prevention,prepare,Harden,1,Process Segment,0.25,artifact_cooccurrence,prepare
T1189,Drive-by Compromise,D3-PSEP,Process Segment Execution Prevention,prepare,Harden,1,Process Segment,0.25,artifact_cooccurrence,prepare
T1190,Exploit Public-Facing Application,D3-PSEP,Process Segment Execution Prevention,prepare,Harden,1,Process Segment,0.25,artifact_cooccurrence,prepare
T1203,Exploitation for Client Execution,D3-PSEP,Process Segment Execution Prevention,prepare,Harden,1,Process Segment,0.25,artifact_cooccurrence,prepare
T1210,Exploitation of Remote Services,D3-PSEP,Process Segment Execution Prevention,prepare,Harden,1,Process Segment,0.25,artifact_cooccurrence,prepare
T1211,Exploitation for Defense Evasion,D3-PSEP,Process Segment Execution Prevention,prepare,Harden,1,Process Segment,0.25,artifact_cooccurrence,prepare
T1212,Exploitation for Credential Access,D3-PSEP,Process Segment Execution Prevention,prepare,Harden,1,Process Segment,0.25,artifact_cooccurrence,prepare
T1218.013,Mavinject,D3-PSEP,Process Segment Execution Prevention,prepare,Harden,1,Process Segment,0.25,artifact_cooccurrence,prepare
T1218,System Binary Proxy Execution,D3-PSEP,Process Segment Execution Prevention,prepare,Harden,1,Process Segment,0.25,artifact_cooccurrence,prepare
T1505.002,Transport Agent,D3-PSEP,Process Segment Execution Prevention,prepare,Harden,1,Process Segment,0.25,artifact_cooccurrence,prepare
T1505.003,Web Shell,D3-PSEP,Process Segment Execution Prevention,prepare,Harden,1,Process Segment,0.25,artifact_cooccurrence,prepare
T1505,Server Software Component,D3-PSEP,Process Segment Execution Prevention,prepare,Harden,1,Process Segment,0.25,artifact_cooccurrence,prepare
T1546.007,Netsh Helper DLL,D3-PSEP,Process Segment Execution Prevention,prepare,Harden,1,Process Segment,0.25,artifact_cooccurrence,prepare
T1546,Event Triggered Execution,D3-PSEP,Process Segment Execution Prevention,prepare,Harden,1,Process Segment,0.25,artifact_cooccurrence,prepare
T1550.001,Application Access Token,D3-PSEP,Process Segment Execution Prevention,prepare,Harden,1,Process Segment,0.25,artifact_cooccurrence,prepare
T1550.002,Pass the Hash,D3-PSEP,Process Segment Execution Prevention,prepare,Harden,1,Process Segment,0.25,artifact_cooccurrence,prepare
T1550.003,Pass the Ticket,D3-PSEP,Process Segment Execution Prevention,prepare,Harden,1,Process Segment,0.25,artifact_cooccurrence,prepare
T1550.004,Web Session Cookie,D3-PSEP,Process Segment Execution Prevention,prepare,Harden,1,Process Segment,0.25,artifact_cooccurrence,prepare
T1550,Use Alternate Authentication Material,D3-PSEP,Process Segment Execution Prevention,prepare,Harden,1,Process Segment,0.25,artifact_cooccurrence,prepare
T1556.001,Domain Controller Authentication,D3-PSEP,Process Segment Execution Prevention,prepare,Harden,1,Process Segment,0.25,artifact_cooccurrence,prepare
T1556.002,Password Filter DLL,D3-PSEP,Process Segment Execution Prevention,prepare,Harden,1,Process Segment,0.25,artifact_cooccurrence,prepare
T1556.003,Pluggable Authentication Modules,D3-PSEP,Process Segment Execution Prevention,prepare,Harden,1,Process Segment,0.25,artifact_cooccurrence,prepare
T1556.004,Network Device Authentication,D3-PSEP,Process Segment Execution Prevention,prepare,Harden,1,Process Segment,0.25,artifact_cooccurrence,prepare
T1556.005,Reversible Encryption,D3-PSEP,Process Segment Execution Prevention,prepare,Harden,1,Process Segment,0.25,artifact_cooccurrence,prepare
T1556.006,Multi-Factor Authentication,D3-PSEP,Process Segment Execution Prevention,prepare,Harden,1,Process Segment,0.25,artifact_cooccurrence,prepare
T1556.007,Hybrid Identity,D3-PSEP,Process Segment Execution Prevention,prepare,Harden,1,Process Segment,0.25,artifact_cooccurrence,prepare
T1556.008,Network Provider DLL,D3-PSEP,Process Segment Execution Prevention,prepare,Harden,1,Process Segment,0.25,artifact_cooccurrence,prepare
T1556.009,Conditional Access Policies,D3-PSEP,Process Segment Execution Prevention,prepare,Harden,1,Process Segment,0.25,artifact_cooccurrence,prepare
T1556,Modify Authentication Process,D3-PSEP,Process Segment Execution Prevention,prepare,Harden,1,Process Segment,0.25,artifact_cooccurrence,prepare
T1562.001,Disable or Modify Tools,D3-PSEP,Process Segment Execution Prevention,prepare,Harden,1,Process Segment,0.25,artifact_cooccurrence,prepare
T1562,Impair Defenses,D3-PSEP,Process Segment Execution Prevention,prepare,Harden,1,Process Segment,0.25,artifact_cooccurrence,prepare
T1620,Reflective Code Loading,D3-PSEP,Process Segment Execution Prevention,prepare,Harden,1,Process Segment,0.25,artifact_cooccurrence,prepare
T1621,Multi-Factor Authentication Request Generation,D3-PSEP,Process Segment Execution Prevention,prepare,Harden,1,Process Segment,0.25,artifact_cooccurrence,prepare
T1003.001,LSASS Memory,D3-SAOR,Segment Address Offset Randomization,prepare,Harden,1,Process Segment,0.25,artifact_cooccurrence,prepare
T1003.002,Security Account Manager,D3-SAOR,Segment Address Offset Randomization,prepare,Harden,1,Process Segment,0.25,artifact_cooccurrence,prepare
T1003.004,LSA Secrets,D3-SAOR,Segment Address Offset Randomization,prepare,Harden,1,Process Segment,0.25,artifact_cooccurrence,prepare
T1003.007,Proc Filesystem,D3-SAOR,Segment Address Offset Randomization,prepare,Harden,1,Process Segment,0.25,artifact_cooccurrence,prepare
T1003,OS Credential Dumping,D3-SAOR,Segment Address Offset Randomization,prepare,Harden,1,Process Segment,0.25,artifact_cooccurrence,prepare
T1033,System Owner/User Discovery,D3-SAOR,Segment Address Offset Randomization,prepare,Harden,1,Process Segment,0.25,artifact_cooccurrence,prepare
T1053.001,At (Linux) Execution,D3-SAOR,Segment Address Offset Randomization,prepare,Harden,1,Process Segment,0.25,artifact_cooccurrence,prepare
T1053.002,At,D3-SAOR,Segment Address Offset Randomization,prepare,Harden,1,Process Segment,0.25,artifact_cooccurrence,prepare
T1053.003,Cron,D3-SAOR,Segment Address Offset Randomization,prepare,Harden,1,Process Segment,0.25,artifact_cooccurrence,prepare
T1053.004,Launchd,D3-SAOR,Segment Address Offset Randomization,prepare,Harden,1,Process Segment,0.25,artifact_cooccurrence,prepare
T1053.005,Scheduled Task,D3-SAOR,Segment Address Offset Randomization,prepare,Harden,1,Process Segment,0.25,artifact_cooccurrence,prepare
T1053.006,Systemd Timers,D3-SAOR,Segment Address Offset Randomization,prepare,Harden,1,Process Segment,0.25,artifact_cooccurrence,prepare
T1053.007,Container Orchestration Job,D3-SAOR,Segment Address Offset Randomization,prepare,Harden,1,Process Segment,0.25,artifact_cooccurrence,prepare
T1053,Scheduled Task/Job,D3-SAOR,Segment Address Offset Randomization,prepare,Harden,1,Process Segment,0.25,artifact_cooccurrence,prepare
T1055.012,Process Hollowing,D3-SAOR,Segment Address Offset Randomization,prepare,Harden,1,Process Segment,0.25,artifact_cooccurrence,prepare
T1055,Process Injection,D3-SAOR,Segment Address Offset Randomization,prepare,Harden,1,Process Segment,0.25,artifact_cooccurrence,prepare
T1056.004,Credential API Hooking,D3-SAOR,Segment Address Offset Randomization,prepare,Harden,1,Process Segment,0.25,artifact_cooccurrence,prepare
T1056,Input Capture,D3-SAOR,Segment Address Offset Randomization,prepare,Harden,1,Process Segment,0.25,artifact_cooccurrence,prepare
T1068,Exploitation for Privilege Escalation,D3-SAOR,Segment Address Offset Randomization,prepare,Harden,1,Process Segment,0.25,artifact_cooccurrence,prepare
T1189,Drive-by Compromise,D3-SAOR,Segment Address Offset Randomization,prepare,Harden,1,Process Segment,0.25,artifact_cooccurrence,prepare
T1190,Exploit Public-Facing Application,D3-SAOR,Segment Address Offset Randomization,prepare,Harden,1,Process Segment,0.25,artifact_cooccurrence,prepare
T1203,Exploitation for Client Execution,D3-SAOR,Segment Address Offset Randomization,prepare,Harden,1,Process Segment,0.25,artifact_cooccurrence,prepare
T1210,Exploitation of Remote Services,D3-SAOR,Segment Address Offset Randomization,prepare,Harden,1,Process Segment,0.25,artifact_cooccurrence,prepare
T1211,Exploitation for Defense Evasion,D3-SAOR,Segment Address Offset Randomization,prepare,Harden,1,Process Segment,0.25,artifact_cooccurrence,prepare
T1212,Exploitation for Credential Access,D3-SAOR,Segment Address Offset Randomization,prepare,Harden,1,Process Segment,0.25,artifact_cooccurrence,prepare
T1218.013,Mavinject,D3-SAOR,Segment Address Offset Randomization,prepare,Harden,1,Process Segment,0.25,artifact_cooccurrence,prepare
T1218,System Binary Proxy Execution,D3-SAOR,Segment Address Offset Randomization,prepare,Harden,1,Process Segment,0.25,artifact_cooccurrence,prepare
T1505.002,Transport Agent,D3-SAOR,Segment Address Offset Randomization,prepare,Harden,1,Process Segment,0.25,artifact_cooccurrence,prepare
T1505.003,Web Shell,D3-SAOR,Segment Address Offset Randomization,prepare,Harden,1,Process Segment,0.25,artifact_cooccurrence,prepare
T1505,Server Software Component,D3-SAOR,Segment Address Offset Randomization,prepare,Harden,1,Process Segment,0.25,artifact_cooccurrence,prepare
T1546.007,Netsh Helper DLL,D3-SAOR,Segment Address Offset Randomization,prepare,Harden,1,Process Segment,0.25,artifact_cooccurrence,prepare
T1546,Event Triggered Execution,D3-SAOR,Segment Address Offset Randomization,prepare,Harden,1,Process Segment,0.25,artifact_cooccurrence,prepare
T1550.001,Application Access Token,D3-SAOR,Segment Address Offset Randomization,prepare,Harden,1,Process Segment,0.25,artifact_cooccurrence,prepare
T1550.002,Pass the Hash,D3-SAOR,Segment Address Offset Randomization,prepare,Harden,1,Process Segment,0.25,artifact_cooccurrence,prepare
T1550.003,Pass the Ticket,D3-SAOR,Segment Address Offset Randomization,prepare,Harden,1,Process Segment,0.25,artifact_cooccurrence,prepare
T1550.004,Web Session Cookie,D3-SAOR,Segment Address Offset Randomization,prepare,Harden,1,Process Segment,0.25,artifact_cooccurrence,prepare
T1550,Use Alternate Authentication Material,D3-SAOR,Segment Address Offset Randomization,prepare,Harden,1,Process Segment,0.25,artifact_cooccurrence,prepare
T1556.001,Domain Controller Authentication,D3-SAOR,Segment Address Offset Randomization,prepare,Harden,1,Process Segment,0.25,artifact_cooccurrence,prepare
T1556.002,Password Filter DLL,D3-SAOR,Segment Address Offset Randomization,prepare,Harden,1,Process Segment,0.25,artifact_cooccurrence,prepare
T1556.003,Pluggable Authentication Modules,D3-SAOR,Segment Address Offset Randomization,prepare,Harden,1,Process Segment,0.25,artifact_cooccurrence,prepare
T1556.004,Network Device Authentication,D3-SAOR,Segment Address Offset Randomization,prepare,Harden,1,Process Segment,0.25,artifact_cooccurrence,prepare
T1556.005,Reversible Encryption,D3-SAOR,Segment Address Offset Randomization,prepare,Harden,1,Process Segment,0.25,artifact_cooccurrence,prepare
T1556.006,Multi-Factor Authentication,D3-SAOR,Segment Address Offset Randomization,prepare,Harden,1,Process Segment,0.25,artifact_cooccurrence,prepare
T1556.007,Hybrid Identity,D3-SAOR,Segment Address Offset Randomization,prepare,Harden,1,Process Segment,0.25,artifact_cooccurrence,prepare
T1556.008,Network Provider DLL,D3-SAOR,Segment Address Offset Randomization,prepare,Harden,1,Process Segment,0.25,artifact_cooccurrence,prepare
T1556.009,Conditional Access Policies,D3-SAOR,Segment Address Offset Randomization,prepare,Harden,1,Process Segment,0.25,artifact_cooccurrence,prepare
T1556,Modify Authentication Process,D3-SAOR,Segment Address Offset Randomization,prepare,Harden,1,Process Segment,0.25,artifact_cooccurrence,prepare
T1562.001,Disable or Modify Tools,D3-SAOR,Segment Address Offset Randomization,prepare,Harden,1,Process Segment,0.25,artifact_cooccurrence,prepare
T1562,Impair Defenses,D3-SAOR,Segment Address Offset Randomization,prepare,Harden,1,Process Segment,0.25,artifact_cooccurrence,prepare
T1620,Reflective Code Loading,D3-SAOR,Segment Address Offset Randomization,prepare,Harden,1,Process Segment,0.25,artifact_cooccurrence,prepare
T1621,Multi-Factor Authentication Request Generation,D3-SAOR,Segment Address Offset Randomization,prepare,Harden,1,Process Segment,0.25,artifact_cooccurrence,prepare
T1068,Exploitation for Privilege Escalation,D3-SFCV,Stack Frame Canary Validation,prepare,Harden,1,Stack Frame,0.25,artifact_cooccurrence,prepare
T1203,Exploitation for Client Execution,D3-SFCV,Stack Frame Canary Validation,prepare,Harden,1,Stack Frame,0.25,artifact_cooccurrence,prepare
T1210,Exploitation of Remote Services,D3-SFCV,Stack Frame Canary Validation,prepare,Harden,1,Stack Frame,0.25,artifact_cooccurrence,prepare
T1211,Exploitation for Defense Evasion,D3-SFCV,Stack Frame Canary Validation,prepare,Harden,1,Stack Frame,0.25,artifact_cooccurrence,prepare
T1212,Exploitation for Credential Access,D3-SFCV,Stack Frame Canary Validation,prepare,Harden,1,Stack Frame,0.25,artifact_cooccurrence,prepare
T1041,Exfiltration Over C2 Channel,D3-CP,Certificate Pinning,prepare,Harden,2,Certificate|Public Key,0.25,artifact_cooccurrence,prepare
T1048.002,Exfiltration Over Asymmetric Encrypted Non-C2 Protocol,D3-CP,Certificate Pinning,prepare,Harden,2,Certificate|Public Key,0.25,artifact_cooccurrence,prepare
T1048,Exfiltration Over Alternative Protocol,D3-CP,Certificate Pinning,prepare,Harden,2,Certificate|Public Key,0.25,artifact_cooccurrence,prepare
T1071.001,Web Protocols,D3-CP,Certificate Pinning,prepare,Harden,2,Certificate|Public Key,0.25,artifact_cooccurrence,prepare
T1071.002,File Transfer Protocols,D3-CP,Certificate Pinning,prepare,Harden,2,Certificate|Public Key,0.25,artifact_cooccurrence,prepare
T1071.003,Mail Protocols,D3-CP,Certificate Pinning,prepare,Harden,2,Certificate|Public Key,0.25,artifact_cooccurrence,prepare
T1071.004,DNS,D3-CP,Certificate Pinning,prepare,Harden,2,Certificate|Public Key,0.25,artifact_cooccurrence,prepare
T1071.005,Publish/Subscribe Protocols,D3-CP,Certificate Pinning,prepare,Harden,2,Certificate|Public Key,0.25,artifact_cooccurrence,prepare
T1071,Application Layer Protocol,D3-CP,Certificate Pinning,prepare,Harden,2,Certificate|Public Key,0.25,artifact_cooccurrence,prepare
T1553.004,Install Root Certificate,D3-CP,Certificate Pinning,prepare,Harden,2,Certificate|Public Key,0.25,artifact_cooccurrence,prepare
T1553,Subvert Trust Controls,D3-CP,Certificate Pinning,prepare,Harden,2,Certificate|Public Key,0.25,artifact_cooccurrence,prepare
T1573.002,Asymmetric Cryptography,D3-CP,Certificate Pinning,prepare,Harden,2,Certificate|Public Key,0.25,artifact_cooccurrence,prepare
T1573,Encrypted Channel,D3-CP,Certificate Pinning,prepare,Harden,2,Certificate|Public Key,0.25,artifact_cooccurrence,prepare
T1649,Steal or Forge Authentication Certificates,D3-CP,Certificate Pinning,prepare,Harden,2,Certificate|Public Key,0.25,artifact_cooccurrence,prepare
T1041,Exfiltration Over C2 Channel,D3-CERO,Certificate Rotation,prepare,Harden,1,Certificate,0.25,artifact_cooccurrence,prepare
T1048.002,Exfiltration Over Asymmetric Encrypted Non-C2 Protocol,D3-CERO,Certificate Rotation,prepare,Harden,1,Certificate,0.25,artifact_cooccurrence,prepare
T1048,Exfiltration Over Alternative Protocol,D3-CERO,Certificate Rotation,prepare,Harden,1,Certificate,0.25,artifact_cooccurrence,prepare
T1071.001,Web Protocols,D3-CERO,Certificate Rotation,prepare,Harden,1,Certificate,0.25,artifact_cooccurrence,prepare
T1071.002,File Transfer Protocols,D3-CERO,Certificate Rotation,prepare,Harden,1,Certificate,0.25,artifact_cooccurrence,prepare
T1071.003,Mail Protocols,D3-CERO,Certificate Rotation,prepare,Harden,1,Certificate,0.25,artifact_cooccurrence,prepare
T1071.004,DNS,D3-CERO,Certificate Rotation,prepare,Harden,1,Certificate,0.25,artifact_cooccurrence,prepare
T1071.005,Publish/Subscribe Protocols,D3-CERO,Certificate Rotation,prepare,Harden,1,Certificate,0.25,artifact_cooccurrence,prepare
T1071,Application Layer Protocol,D3-CERO,Certificate Rotation,prepare,Harden,1,Certificate,0.25,artifact_cooccurrence,prepare
T1553.004,Install Root Certificate,D3-CERO,Certificate Rotation,prepare,Harden,1,Certificate,0.25,artifact_cooccurrence,prepare
T1553,Subvert Trust Controls,D3-CERO,Certificate Rotation,prepare,Harden,1,Certificate,0.25,artifact_cooccurrence,prepare
T1573.002,Asymmetric Cryptography,D3-CERO,Certificate Rotation,prepare,Harden,1,Certificate,0.25,artifact_cooccurrence,prepare
T1573,Encrypted Channel,D3-CERO,Certificate Rotation,prepare,Harden,1,Certificate,0.25,artifact_cooccurrence,prepare
T1649,Steal or Forge Authentication Certificates,D3-CERO,Certificate Rotation,prepare,Harden,1,Certificate,0.25,artifact_cooccurrence,prepare
T1110.001,Password Guessing,D3-OTP,One-time Password,prepare,Harden,1,Password,0.25,artifact_cooccurrence,prepare
T1110.002,Password Cracking,D3-OTP,One-time Password,prepare,Harden,1,Password,0.25,artifact_cooccurrence,prepare
T1110.003,Password Spraying,D3-OTP,One-time Password,prepare,Harden,1,Password,0.25,artifact_cooccurrence,prepare
T1110,Brute Force,D3-OTP,One-time Password,prepare,Harden,1,Password,0.25,artifact_cooccurrence,prepare
T1078.001,Default Accounts,D3-CDP,Change Default Password,prepare,Harden,1,User Account,0.25,artifact_cooccurrence,prepare
T1078.002,Domain Accounts,D3-CDP,Change Default Password,prepare,Harden,1,User Account,0.25,artifact_cooccurrence,prepare
T1078.003,Local Accounts,D3-CDP,Change Default Password,prepare,Harden,1,User Account,0.25,artifact_cooccurrence,prepare
T1078.004,Cloud Accounts,D3-CDP,Change Default Password,prepare,Harden,1,User Account,0.25,artifact_cooccurrence,prepare
T1078,Valid Accounts,D3-CDP,Change Default Password,prepare,Harden,1,User Account,0.25,artifact_cooccurrence,prepare
T1087.001,Local Account,D3-CDP,Change Default Password,prepare,Harden,1,User Account,0.25,artifact_cooccurrence,prepare
T1087.002,Domain Account,D3-CDP,Change Default Password,prepare,Harden,1,User Account,0.25,artifact_cooccurrence,prepare
T1087.004,Cloud Account,D3-CDP,Change Default Password,prepare,Harden,1,User Account,0.25,artifact_cooccurrence,prepare
T1087,Account Discovery,D3-CDP,Change Default Password,prepare,Harden,1,User Account,0.25,artifact_cooccurrence,prepare
T1098.001,Additional Cloud Credentials,D3-CDP,Change Default Password,prepare,Harden,1,User Account,0.25,artifact_cooccurrence,prepare
T1098.002,Additional Email Delegate Permissions,D3-CDP,Change Default Password,prepare,Harden,1,User Account,0.25,artifact_cooccurrence,prepare
T1098.003,Additional Cloud Roles,D3-CDP,Change Default Password,prepare,Harden,1,User Account,0.25,artifact_cooccurrence,prepare
T1098.004,SSH Authorized Keys,D3-CDP,Change Default Password,prepare,Harden,1,User Account,0.25,artifact_cooccurrence,prepare
T1098.005,Device Registration,D3-CDP,Change Default Password,prepare,Harden,1,User Account,0.25,artifact_cooccurrence,prepare
T1098.006,Additional Container Cluster Roles,D3-CDP,Change Default Password,prepare,Harden,1,User Account,0.25,artifact_cooccurrence,prepare
T1098.007,Additional Local or Domain Groups,D3-CDP,Change Default Password,prepare,Harden,1,User Account,0.25,artifact_cooccurrence,prepare
T1098,Account Manipulation,D3-CDP,Change Default Password,prepare,Harden,1,User Account,0.25,artifact_cooccurrence,prepare
T1110.001,Password Guessing,D3-CDP,Change Default Password,prepare,Harden,1,Password,0.25,artifact_cooccurrence,prepare
T1110.002,Password Cracking,D3-CDP,Change Default Password,prepare,Harden,1,Password,0.25,artifact_cooccurrence,prepare
T1110.003,Password Spraying,D3-CDP,Change Default Password,prepare,Harden,1,Password,0.25,artifact_cooccurrence,prepare
T1110,Brute Force,D3-CDP,Change Default Password,prepare,Harden,1,Password,0.25,artifact_cooccurrence,prepare
T1136.001,Local Account,D3-CDP,Change Default Password,prepare,Harden,1,User Account,0.25,artifact_cooccurrence,prepare
T1136.002,Domain Account,D3-CDP,Change Default Password,prepare,Harden,1,User Account,0.25,artifact_cooccurrence,prepare
T1136.003,Cloud Account,D3-CDP,Change Default Password,prepare,Harden,1,User Account,0.25,artifact_cooccurrence,prepare
T1136,Create Account,D3-CDP,Change Default Password,prepare,Harden,1,User Account,0.25,artifact_cooccurrence,prepare
T1531,Account Access Removal,D3-CDP,Change Default Password,prepare,Harden,1,User Account,0.25,artifact_cooccurrence,prepare
T1548.005,Temporary Elevated Cloud Access,D3-CDP,Change Default Password,prepare,Harden,1,User Account,0.25,artifact_cooccurrence,prepare
T1548,Abuse Elevation Control Mechanism,D3-CDP,Change Default Password,prepare,Harden,1,User Account,0.25,artifact_cooccurrence,prepare
T1134.001,Token Impersonation/Theft,D3-TB,Token Binding,prepare,Harden,1,Access Token,0.25,artifact_cooccurrence,prepare
T1134.002,Create Process with Token,D3-TB,Token Binding,prepare,Harden,1,Access Token,0.25,artifact_cooccurrence,prepare
T1134.003,Make and Impersonate Token,D3-TB,Token Binding,prepare,Harden,1,Access Token,0.25,artifact_cooccurrence,prepare
T1134,Access Token Manipulation,D3-TB,Token Binding,prepare,Harden,1,Access Token,0.25,artifact_cooccurrence,prepare
T1528,Steal Application Access Token,D3-TB,Token Binding,prepare,Harden,1,Access Token,0.25,artifact_cooccurrence,prepare
T1550.001,Application Access Token,D3-TB,Token Binding,prepare,Harden,1,Access Token,0.25,artifact_cooccurrence,prepare
T1550,Use Alternate Authentication Material,D3-TB,Token Binding,prepare,Harden,1,Access Token,0.25,artifact_cooccurrence,prepare
T1558.001,Golden Ticket,D3-TB,Token Binding,prepare,Harden,1,Access Token,0.25,artifact_cooccurrence,prepare
T1558.002,Silver Ticket,D3-TB,Token Binding,prepare,Harden,1,Access Token,0.25,artifact_cooccurrence,prepare
T1558.003,Kerberoasting,D3-TB,Token Binding,prepare,Harden,1,Access Token,0.25,artifact_cooccurrence,prepare
T1558.004,AS-REP Roasting,D3-TB,Token Binding,prepare,Harden,1,Access Token,0.25,artifact_cooccurrence,prepare
T1558.005,Ccache Files,D3-TB,Token Binding,prepare,Harden,1,Access Token,0.25,artifact_cooccurrence,prepare
T1558,Steal or Forge Kerberos Tickets,D3-TB,Token Binding,prepare,Harden,1,Access Token,0.25,artifact_cooccurrence,prepare
T1542.003,Bootkit,D3-BA,Bootloader Authentication,prepare,Harden,1,Boot Loader,0.25,artifact_cooccurrence,prepare
T1542,Pre-OS Boot,D3-BA,Bootloader Authentication,prepare,Harden,1,Boot Loader,0.25,artifact_cooccurrence,prepare
T1564.005,Hidden File System,D3-DENCR,Disk Encryption,prepare,Harden,1,Storage,0.25,artifact_cooccurrence,prepare
T1564,Hide Artifacts,D3-DENCR,Disk Encryption,prepare,Harden,1,Storage,0.25,artifact_cooccurrence,prepare
T1619,Cloud Storage Object Discovery,D3-DENCR,Disk Encryption,prepare,Harden,1,Storage,0.25,artifact_cooccurrence,prepare
T1014,Rootkit,D3-DLIC,Driver Load Integrity Checking,prepare,Harden,1,Hardware Driver,0.25,artifact_cooccurrence,prepare
T1114.002,Remote Email Collection,D3-DLIC,Driver Load Integrity Checking,prepare,Harden,1,Hardware Driver,0.25,artifact_cooccurrence,prepare
T1114,Email Collection,D3-DLIC,Driver Load Integrity Checking,prepare,Harden,1,Hardware Driver,0.25,artifact_cooccurrence,prepare
T1505.002,Transport Agent,D3-DLIC,Driver Load Integrity Checking,prepare,Harden,1,Hardware Driver,0.25,artifact_cooccurrence,prepare
T1505.003,Web Shell,D3-DLIC,Driver Load Integrity Checking,prepare,Harden,1,Hardware Driver,0.25,artifact_cooccurrence,prepare
T1505,Server Software Component,D3-DLIC,Driver Load Integrity Checking,prepare,Harden,1,Hardware Driver,0.25,artifact_cooccurrence,prepare
T1562.013,Disable or Modify Network Device Firewall,D3-DLIC,Driver Load Integrity Checking,prepare,Harden,1,Hardware Driver,0.25,artifact_cooccurrence,prepare
T1562,Impair Defenses,D3-DLIC,Driver Load Integrity Checking,prepare,Harden,1,Hardware Driver,0.25,artifact_cooccurrence,prepare
T1578.002,Create Cloud Instance,D3-DLIC,Driver Load Integrity Checking,prepare,Harden,1,Hardware Driver,0.25,artifact_cooccurrence,prepare
T1578.003,Delete Cloud Instance,D3-DLIC,Driver Load Integrity Checking,prepare,Harden,1,Hardware Driver,0.25,artifact_cooccurrence,prepare
T1578.004,Revert Cloud Instance,D3-DLIC,Driver Load Integrity Checking,prepare,Harden,1,Hardware Driver,0.25,artifact_cooccurrence,prepare
T1578,Modify Cloud Compute Infrastructure,D3-DLIC,Driver Load Integrity Checking,prepare,Harden,1,Hardware Driver,0.25,artifact_cooccurrence,prepare
T1003.007,Proc Filesystem,D3-FE,File Encryption,prepare,Harden,1,File,0.25,artifact_cooccurrence,prepare
T1003.008,/etc/passwd and /etc/shadow,D3-FE,File Encryption,prepare,Harden,1,File,0.25,artifact_cooccurrence,prepare
T1003,OS Credential Dumping,D3-FE,File Encryption,prepare,Harden,1,File,0.25,artifact_cooccurrence,prepare
T1005,Data from Local System,D3-FE,File Encryption,prepare,Harden,1,File,0.25,artifact_cooccurrence,prepare
T1014,Rootkit,D3-FE,File Encryption,prepare,Harden,1,File,0.25,artifact_cooccurrence,prepare
T1016.001,Internet Connection Discovery,D3-FE,File Encryption,prepare,Harden,1,File,0.25,artifact_cooccurrence,prepare
T1016.002,Wi-Fi Discovery,D3-FE,File Encryption,prepare,Harden,1,File,0.25,artifact_cooccurrence,prepare
T1016,System Network Configuration Discovery,D3-FE,File Encryption,prepare,Harden,1,File,0.25,artifact_cooccurrence,prepare
T1018,Remote System Discovery,D3-FE,File Encryption,prepare,Harden,1,File,0.25,artifact_cooccurrence,prepare
T1027.001,Binary Padding,D3-FE,File Encryption,prepare,Harden,1,File,0.25,artifact_cooccurrence,prepare
T1027.002,Software Packing,D3-FE,File Encryption,prepare,Harden,1,File,0.25,artifact_cooccurrence,prepare
T1027.004,Compile After Delivery,D3-FE,File Encryption,prepare,Harden,1,File,0.25,artifact_cooccurrence,prepare
T1027,Obfuscated Files or Information,D3-FE,File Encryption,prepare,Harden,1,File,0.25,artifact_cooccurrence,prepare
T1033,System Owner/User Discovery,D3-FE,File Encryption,prepare,Harden,1,File,0.25,artifact_cooccurrence,prepare
T1036.001,Invalid Code Signature,D3-FE,File Encryption,prepare,Harden,1,File,0.25,artifact_cooccurrence,prepare
T1036.003,Rename Legitimate Utilities,D3-FE,File Encryption,prepare,Harden,1,File,0.25,artifact_cooccurrence,prepare
T1036.005,Match Legitimate Resource Name or Location,D3-FE,File Encryption,prepare,Harden,1,File,0.25,artifact_cooccurrence,prepare
T1036.006,Space after Filename,D3-FE,File Encryption,prepare,Harden,1,File,0.25,artifact_cooccurrence,prepare
T1036,Masquerading,D3-FE,File Encryption,prepare,Harden,1,File,0.25,artifact_cooccurrence,prepare
T1037.001,Logon Script (Windows),D3-FE,File Encryption,prepare,Harden,1,File,0.25,artifact_cooccurrence,prepare
T1037.002,Login Hook,D3-FE,File Encryption,prepare,Harden,1,File,0.25,artifact_cooccurrence,prepare
T1037.003,Network Logon Script,D3-FE,File Encryption,prepare,Harden,1,File,0.25,artifact_cooccurrence,prepare
T1037.004,RC Scripts,D3-FE,File Encryption,prepare,Harden,1,File,0.25,artifact_cooccurrence,prepare
T1037.005,Startup Items,D3-FE,File Encryption,prepare,Harden,1,File,0.25,artifact_cooccurrence,prepare
T1037,Boot or Logon Initialization Scripts,D3-FE,File Encryption,prepare,Harden,1,File,0.25,artifact_cooccurrence,prepare
T1041,Exfiltration Over C2 Channel,D3-FE,File Encryption,prepare,Harden,1,File,0.25,artifact_cooccurrence,prepare
T1048.002,Exfiltration Over Asymmetric Encrypted Non-C2 Protocol,D3-FE,File Encryption,prepare,Harden,1,File,0.25,artifact_cooccurrence,prepare
T1048,Exfiltration Over Alternative Protocol,D3-FE,File Encryption,prepare,Harden,1,File,0.25,artifact_cooccurrence,prepare
T1053.004,Launchd,D3-FE,File Encryption,prepare,Harden,1,File,0.25,artifact_cooccurrence,prepare
T1053,Scheduled Task/Job,D3-FE,File Encryption,prepare,Harden,1,File,0.25,artifact_cooccurrence,prepare
T1055.001,Dynamic-link Library Injection,D3-FE,File Encryption,prepare,Harden,1,File,0.25,artifact_cooccurrence,prepare
T1055.002,Portable Executable Injection,D3-FE,File Encryption,prepare,Harden,1,File,0.25,artifact_cooccurrence,prepare
T1055.003,Thread Execution Hijacking,D3-FE,File Encryption,prepare,Harden,1,File,0.25,artifact_cooccurrence,prepare
T1055.009,Proc Memory,D3-FE,File Encryption,prepare,Harden,1,File,0.25,artifact_cooccurrence,prepare
T1055.014,VDSO Hijacking,D3-FE,File Encryption,prepare,Harden,1,File,0.25,artifact_cooccurrence,prepare
T1055,Process Injection,D3-FE,File Encryption,prepare,Harden,1,File,0.25,artifact_cooccurrence,prepare
T1059.001,PowerShell,D3-FE,File Encryption,prepare,Harden,1,File,0.25,artifact_cooccurrence,prepare
T1059.002,AppleScript,D3-FE,File Encryption,prepare,Harden,1,File,0.25,artifact_cooccurrence,prepare
T1059.003,Windows Command Shell,D3-FE,File Encryption,prepare,Harden,1,File,0.25,artifact_cooccurrence,prepare
T1059.004,Unix Shell,D3-FE,File Encryption,prepare,Harden,1,File,0.25,artifact_cooccurrence,prepare
T1059.005,Visual Basic,D3-FE,File Encryption,prepare,Harden,1,File,0.25,artifact_cooccurrence,prepare
T1059.006,Python,D3-FE,File Encryption,prepare,Harden,1,File,0.25,artifact_cooccurrence,prepare
T1059.007,JavaScript,D3-FE,File Encryption,prepare,Harden,1,File,0.25,artifact_cooccurrence,prepare
T1059.008,Network Device CLI,D3-FE,File Encryption,prepare,Harden,1,File,0.25,artifact_cooccurrence,prepare
T1059.009,Cloud API,D3-FE,File Encryption,prepare,Harden,1,File,0.25,artifact_cooccurrence,prepare
T1059.010,AutoHotKey &amp; AutoIT,D3-FE,File Encryption,prepare,Harden,1,File,0.25,artifact_cooccurrence,prepare
T1059.011,Lua,D3-FE,File Encryption,prepare,Harden,1,File,0.25,artifact_cooccurrence,prepare
T1059.012,Hypervisor CLI,D3-FE,File Encryption,prepare,Harden,1,File,0.25,artifact_cooccurrence,prepare
T1059.013,Container CLI/API,D3-FE,File Encryption,prepare,Harden,1,File,0.25,artifact_cooccurrence,prepare
T1059,Command and Scripting Interpreter,D3-FE,File Encryption,prepare,Harden,1,File,0.25,artifact_cooccurrence,prepare
T1070.002,Clear Linux or Mac System Logs,D3-FE,File Encryption,prepare,Harden,1,File,0.25,artifact_cooccurrence,prepare
T1070.004,File Deletion,D3-FE,File Encryption,prepare,Harden,1,File,0.25,artifact_cooccurrence,prepare
T1070,Indicator Removal,D3-FE,File Encryption,prepare,Harden,1,File,0.25,artifact_cooccurrence,prepare
T1071.001,Web Protocols,D3-FE,File Encryption,prepare,Harden,1,File,0.25,artifact_cooccurrence,prepare
T1071.002,File Transfer Protocols,D3-FE,File Encryption,prepare,Harden,1,File,0.25,artifact_cooccurrence,prepare
T1071.003,Mail Protocols,D3-FE,File Encryption,prepare,Harden,1,File,0.25,artifact_cooccurrence,prepare
T1071.004,DNS,D3-FE,File Encryption,prepare,Harden,1,File,0.25,artifact_cooccurrence,prepare
T1071.005,Publish/Subscribe Protocols,D3-FE,File Encryption,prepare,Harden,1,File,0.25,artifact_cooccurrence,prepare
T1071,Application Layer Protocol,D3-FE,File Encryption,prepare,Harden,1,File,0.25,artifact_cooccurrence,prepare
T1072,Software Deployment Tools,D3-FE,File Encryption,prepare,Harden,1,File,0.25,artifact_cooccurrence,prepare
T1074.001,Local Data Staging,D3-FE,File Encryption,prepare,Harden,1,File,0.25,artifact_cooccurrence,prepare
T1074,Data Staged,D3-FE,File Encryption,prepare,Harden,1,File,0.25,artifact_cooccurrence,prepare
T1083,File and Directory Discovery,D3-FE,File Encryption,prepare,Harden,1,File,0.25,artifact_cooccurrence,prepare
T1114.001,Local Email Collection,D3-FE,File Encryption,prepare,Harden,1,File,0.25,artifact_cooccurrence,prepare
T1114,Email Collection,D3-FE,File Encryption,prepare,Harden,1,File,0.25,artifact_cooccurrence,prepare
T1119,Automated Collection,D3-FE,File Encryption,prepare,Harden,1,File,0.25,artifact_cooccurrence,prepare
T1127.001,MSBuild,D3-FE,File Encryption,prepare,Harden,1,File,0.25,artifact_cooccurrence,prepare
T1127,Trusted Developer Utilities Proxy Execution,D3-FE,File Encryption,prepare,Harden,1,File,0.25,artifact_cooccurrence,prepare
T1137.001,Office Template Macros,D3-FE,File Encryption,prepare,Harden,1,File,0.25,artifact_cooccurrence,prepare
T1137.003,Outlook Forms,D3-FE,File Encryption,prepare,Harden,1,File,0.25,artifact_cooccurrence,prepare
T1137,Office Application Startup,D3-FE,File Encryption,prepare,Harden,1,File,0.25,artifact_cooccurrence,prepare
T1140,Deobfuscate/Decode Files or Information,D3-FE,File Encryption,prepare,Harden,1,File,0.25,artifact_cooccurrence,prepare
T1187,Forced Authentication,D3-FE,File Encryption,prepare,Harden,1,File,0.25,artifact_cooccurrence,prepare
T1197,BITS Jobs,D3-FE,File Encryption,prepare,Harden,1,File,0.25,artifact_cooccurrence,prepare
T1204.002,Malicious File,D3-FE,File Encryption,prepare,Harden,1,File,0.25,artifact_cooccurrence,prepare
T1204,User Execution,D3-FE,File Encryption,prepare,Harden,1,File,0.25,artifact_cooccurrence,prepare
T1213.001,Confluence,D3-FE,File Encryption,prepare,Harden,1,File,0.25,artifact_cooccurrence,prepare
T1213.002,Sharepoint,D3-FE,File Encryption,prepare,Harden,1,File,0.25,artifact_cooccurrence,prepare
T1213,Data from Information Repositories,D3-FE,File Encryption,prepare,Harden,1,File,0.25,artifact_cooccurrence,prepare
T1218.005,Mshta,D3-FE,File Encryption,prepare,Harden,1,File,0.25,artifact_cooccurrence,prepare
T1218.011,Rundll32,D3-FE,File Encryption,prepare,Harden,1,File,0.25,artifact_cooccurrence,prepare
T1218,System Binary Proxy Execution,D3-FE,File Encryption,prepare,Harden,1,File,0.25,artifact_cooccurrence,prepare
T1220,XSL Script Processing,D3-FE,File Encryption,prepare,Harden,1,File,0.25,artifact_cooccurrence,prepare
T1486,Data Encrypted for Impact,D3-FE,File Encryption,prepare,Harden,1,File,0.25,artifact_cooccurrence,prepare
T1505.003,Web Shell,D3-FE,File Encryption,prepare,Harden,1,File,0.25,artifact_cooccurrence,prepare
T1505,Server Software Component,D3-FE,File Encryption,prepare,Harden,1,File,0.25,artifact_cooccurrence,prepare
T1534,Internal Spearphishing,D3-FE,File Encryption,prepare,Harden,1,File,0.25,artifact_cooccurrence,prepare
T1543.001,Launch Agent,D3-FE,File Encryption,prepare,Harden,1,File,0.25,artifact_cooccurrence,prepare
T1543.002,Systemd Service,D3-FE,File Encryption,prepare,Harden,1,File,0.25,artifact_cooccurrence,prepare
T1543.004,Launch Daemon,D3-FE,File Encryption,prepare,Harden,1,File,0.25,artifact_cooccurrence,prepare
T1543,Create or Modify System Process,D3-FE,File Encryption,prepare,Harden,1,File,0.25,artifact_cooccurrence,prepare
T1546.002,Screensaver,D3-FE,File Encryption,prepare,Harden,1,File,0.25,artifact_cooccurrence,prepare
T1546.004,Unix Shell Configuration Modification,D3-FE,File Encryption,prepare,Harden,1,File,0.25,artifact_cooccurrence,prepare
T1546.005,Trap,D3-FE,File Encryption,prepare,Harden,1,File,0.25,artifact_cooccurrence,prepare
T1546.006,LC_LOAD_DYLIB Addition,D3-FE,File Encryption,prepare,Harden,1,File,0.25,artifact_cooccurrence,prepare
T1546.008,Accessibility Features,D3-FE,File Encryption,prepare,Harden,1,File,0.25,artifact_cooccurrence,prepare
T1546.009,AppCert DLLs,D3-FE,File Encryption,prepare,Harden,1,File,0.25,artifact_cooccurrence,prepare
T1546.010,AppInit DLLs,D3-FE,File Encryption,prepare,Harden,1,File,0.25,artifact_cooccurrence,prepare
T1546.013,PowerShell Profile,D3-FE,File Encryption,prepare,Harden,1,File,0.25,artifact_cooccurrence,prepare
T1546.014,Emond,D3-FE,File Encryption,prepare,Harden,1,File,0.25,artifact_cooccurrence,prepare
T1546.015,Component Object Model Hijacking,D3-FE,File Encryption,prepare,Harden,1,File,0.25,artifact_cooccurrence,prepare
T1546,Event Triggered Execution,D3-FE,File Encryption,prepare,Harden,1,File,0.25,artifact_cooccurrence,prepare
T1547.001,Registry Run Keys / Startup Folder,D3-FE,File Encryption,prepare,Harden,1,File,0.25,artifact_cooccurrence,prepare
T1547.006,Kernel Modules and Extensions,D3-FE,File Encryption,prepare,Harden,1,File,0.25,artifact_cooccurrence,prepare
T1547.007,Re-opened Applications,D3-FE,File Encryption,prepare,Harden,1,File,0.25,artifact_cooccurrence,prepare
T1547.008,LSASS Driver,D3-FE,File Encryption,prepare,Harden,1,File,0.25,artifact_cooccurrence,prepare
T1547.009,Shortcut Modification,D3-FE,File Encryption,prepare,Harden,1,File,0.25,artifact_cooccurrence,prepare
T1547.011,Plist Modification,D3-FE,File Encryption,prepare,Harden,1,File,0.25,artifact_cooccurrence,prepare
T1547,Boot or Logon Autostart Execution,D3-FE,File Encryption,prepare,Harden,1,File,0.25,artifact_cooccurrence,prepare
T1548.002,Bypass User Account Control,D3-FE,File Encryption,prepare,Harden,1,File,0.25,artifact_cooccurrence,prepare
T1548.003,Sudo and Sudo Caching,D3-FE,File Encryption,prepare,Harden,1,File,0.25,artifact_cooccurrence,prepare
T1548,Abuse Elevation Control Mechanism,D3-FE,File Encryption,prepare,Harden,1,File,0.25,artifact_cooccurrence,prepare
T1552.001,Credentials In Files,D3-FE,File Encryption,prepare,Harden,1,File,0.25,artifact_cooccurrence,prepare
T1552.003,Shell History,D3-FE,File Encryption,prepare,Harden,1,File,0.25,artifact_cooccurrence,prepare
T1552,Unsecured Credentials,D3-FE,File Encryption,prepare,Harden,1,File,0.25,artifact_cooccurrence,prepare
T1555.001,Keychain,D3-FE,File Encryption,prepare,Harden,1,File,0.25,artifact_cooccurrence,prepare
T1555.002,Securityd Memory,D3-FE,File Encryption,prepare,Harden,1,File,0.25,artifact_cooccurrence,prepare
T1555.003,Credentials from Web Browsers,D3-FE,File Encryption,prepare,Harden,1,File,0.25,artifact_cooccurrence,prepare
T1555.004,Windows Credential Manager,D3-FE,File Encryption,prepare,Harden,1,File,0.25,artifact_cooccurrence,prepare
T1555.005,Password Managers,D3-FE,File Encryption,prepare,Harden,1,File,0.25,artifact_cooccurrence,prepare
T1555.006,Cloud Secrets Management Stores,D3-FE,File Encryption,prepare,Harden,1,File,0.25,artifact_cooccurrence,prepare
T1555,Credentials from Password Stores,D3-FE,File Encryption,prepare,Harden,1,File,0.25,artifact_cooccurrence,prepare
T1556.002,Password Filter DLL,D3-FE,File Encryption,prepare,Harden,1,File,0.25,artifact_cooccurrence,prepare
T1556.003,Pluggable Authentication Modules,D3-FE,File Encryption,prepare,Harden,1,File,0.25,artifact_cooccurrence,prepare
T1556,Modify Authentication Process,D3-FE,File Encryption,prepare,Harden,1,File,0.25,artifact_cooccurrence,prepare
T1560.001,Archive via Utility,D3-FE,File Encryption,prepare,Harden,1,File,0.25,artifact_cooccurrence,prepare
T1560.002,Archive via Library,D3-FE,File Encryption,prepare,Harden,1,File,0.25,artifact_cooccurrence,prepare
T1560.003,Archive via Custom Method,D3-FE,File Encryption,prepare,Harden,1,File,0.25,artifact_cooccurrence,prepare
T1560,Archive Collected Data,D3-FE,File Encryption,prepare,Harden,1,File,0.25,artifact_cooccurrence,prepare
T1562.003,Impair Command History Logging,D3-FE,File Encryption,prepare,Harden,1,File,0.25,artifact_cooccurrence,prepare
T1562,Impair Defenses,D3-FE,File Encryption,prepare,Harden,1,File,0.25,artifact_cooccurrence,prepare
T1564.002,Hidden Users,D3-FE,File Encryption,prepare,Harden,1,File,0.25,artifact_cooccurrence,prepare
T1564.003,Hidden Window,D3-FE,File Encryption,prepare,Harden,1,File,0.25,artifact_cooccurrence,prepare
T1564.005,Hidden File System,D3-FE,File Encryption,prepare,Harden,1,File,0.25,artifact_cooccurrence,prepare
T1564.006,Run Virtual Instance,D3-FE,File Encryption,prepare,Harden,1,File,0.25,artifact_cooccurrence,prepare
T1564.007,VBA Stomping,D3-FE,File Encryption,prepare,Harden,1,File,0.25,artifact_cooccurrence,prepare
T1564,Hide Artifacts,D3-FE,File Encryption,prepare,Harden,1,File,0.25,artifact_cooccurrence,prepare
T1565.001,Stored Data Manipulation,D3-FE,File Encryption,prepare,Harden,1,File,0.25,artifact_cooccurrence,prepare
T1565.003,Runtime Data Manipulation,D3-FE,File Encryption,prepare,Harden,1,File,0.25,artifact_cooccurrence,prepare
T1565,Data Manipulation,D3-FE,File Encryption,prepare,Harden,1,File,0.25,artifact_cooccurrence,prepare
T1566.001,Spearphishing Attachment,D3-FE,File Encryption,prepare,Harden,1,File,0.25,artifact_cooccurrence,prepare
T1566.002,Spearphishing Link,D3-FE,File Encryption,prepare,Harden,1,File,0.25,artifact_cooccurrence,prepare
T1566.003,Spearphishing via Service,D3-FE,File Encryption,prepare,Harden,1,File,0.25,artifact_cooccurrence,prepare
T1566,Phishing,D3-FE,File Encryption,prepare,Harden,1,File,0.25,artifact_cooccurrence,prepare
T1573.002,Asymmetric Cryptography,D3-FE,File Encryption,prepare,Harden,1,File,0.25,artifact_cooccurrence,prepare
T1573,Encrypted Channel,D3-FE,File Encryption,prepare,Harden,1,File,0.25,artifact_cooccurrence,prepare
T1574.001,DLL,D3-FE,File Encryption,prepare,Harden,1,File,0.25,artifact_cooccurrence,prepare
T1574.002,DLL Side-Loading,D3-FE,File Encryption,prepare,Harden,1,File,0.25,artifact_cooccurrence,prepare
T1574.004,Dylib Hijacking,D3-FE,File Encryption,prepare,Harden,1,File,0.25,artifact_cooccurrence,prepare
T1574.006,Dynamic Linker Hijacking,D3-FE,File Encryption,prepare,Harden,1,File,0.25,artifact_cooccurrence,prepare
T1574.007,Path Interception by PATH Environment Variable,D3-FE,File Encryption,prepare,Harden,1,File,0.25,artifact_cooccurrence,prepare
T1574.008,Path Interception by Search Order Hijacking,D3-FE,File Encryption,prepare,Harden,1,File,0.25,artifact_cooccurrence,prepare
T1574.009,Path Interception by Unquoted Path,D3-FE,File Encryption,prepare,Harden,1,File,0.25,artifact_cooccurrence,prepare
T1574.012,COR_PROFILER,D3-FE,File Encryption,prepare,Harden,1,File,0.25,artifact_cooccurrence,prepare
T1574,Hijack Execution Flow,D3-FE,File Encryption,prepare,Harden,1,File,0.25,artifact_cooccurrence,prepare
T1619,Cloud Storage Object Discovery,D3-FE,File Encryption,prepare,Harden,1,File,0.25,artifact_cooccurrence,prepare
T1649,Steal or Forge Authentication Certificates,D3-FE,File Encryption,prepare,Harden,1,File,0.25,artifact_cooccurrence,prepare
T1619,Cloud Storage Object Discovery,D3-HBWP,Hardware-based Write Protection,prepare,Harden,1,Secondary Storage,0.25,artifact_cooccurrence,prepare
T1012,Query Registry,D3-SCP,System Configuration Permissions,prepare,Harden,1,System Configuration Database,0.25,artifact_cooccurrence,prepare
T1112,Modify Registry,D3-SCP,System Configuration Permissions,prepare,Harden,1,System Configuration Database,0.25,artifact_cooccurrence,prepare
T1137.006,Add-ins,D3-SCP,System Configuration Permissions,prepare,Harden,1,System Configuration Database,0.25,artifact_cooccurrence,prepare
T1137,Office Application Startup,D3-SCP,System Configuration Permissions,prepare,Harden,1,System Configuration Database,0.25,artifact_cooccurrence,prepare
T1207,Rogue Domain Controller,D3-SCP,System Configuration Permissions,prepare,Harden,1,System Configuration Database,0.25,artifact_cooccurrence,prepare
T1218.014,MMC,D3-SCP,System Configuration Permissions,prepare,Harden,1,System Configuration Database,0.25,artifact_cooccurrence,prepare
T1218,System Binary Proxy Execution,D3-SCP,System Configuration Permissions,prepare,Harden,1,System Configuration Database,0.25,artifact_cooccurrence,prepare
T1543.003,Windows Service,D3-SCP,System Configuration Permissions,prepare,Harden,1,System Configuration Database,0.25,artifact_cooccurrence,prepare
T1543,Create or Modify System Process,D3-SCP,System Configuration Permissions,prepare,Harden,1,System Configuration Database,0.25,artifact_cooccurrence,prepare
T1546.012,Image File Execution Options Injection,D3-SCP,System Configuration Permissions,prepare,Harden,1,System Configuration Database,0.25,artifact_cooccurrence,prepare
T1546.015,Component Object Model Hijacking,D3-SCP,System Configuration Permissions,prepare,Harden,1,System Configuration Database,0.25,artifact_cooccurrence,prepare
T1546,Event Triggered Execution,D3-SCP,System Configuration Permissions,prepare,Harden,1,System Configuration Database,0.25,artifact_cooccurrence,prepare
T1548.004,Elevated Execution with Prompt,D3-SCP,System Configuration Permissions,prepare,Harden,1,System Configuration Database,0.25,artifact_cooccurrence,prepare
T1548,Abuse Elevation Control Mechanism,D3-SCP,System Configuration Permissions,prepare,Harden,1,System Configuration Database,0.25,artifact_cooccurrence,prepare
T1552.002,Credentials in Registry,D3-SCP,System Configuration Permissions,prepare,Harden,1,System Configuration Database,0.25,artifact_cooccurrence,prepare
T1552,Unsecured Credentials,D3-SCP,System Configuration Permissions,prepare,Harden,1,System Configuration Database,0.25,artifact_cooccurrence,prepare
T1564.003,Hidden Window,D3-SCP,System Configuration Permissions,prepare,Harden,1,System Configuration Database,0.25,artifact_cooccurrence,prepare
T1564.005,Hidden File System,D3-SCP,System Configuration Permissions,prepare,Harden,1,System Configuration Database,0.25,artifact_cooccurrence,prepare
T1564,Hide Artifacts,D3-SCP,System Configuration Permissions,prepare,Harden,1,System Configuration Database,0.25,artifact_cooccurrence,prepare
T1614.001,System Language Discovery,D3-SCP,System Configuration Permissions,prepare,Harden,1,System Configuration Database,0.25,artifact_cooccurrence,prepare
T1614,System Location Discovery,D3-SCP,System Configuration Permissions,prepare,Harden,1,System Configuration Database,0.25,artifact_cooccurrence,prepare
T1014,Rootkit,D3-SU,Software Update,prepare,Harden,1,Software,0.25,artifact_cooccurrence,prepare
T1056.003,Web Portal Capture,D3-SU,Software Update,prepare,Harden,1,Software,0.25,artifact_cooccurrence,prepare
T1056,Input Capture,D3-SU,Software Update,prepare,Harden,1,Software,0.25,artifact_cooccurrence,prepare
T1072,Software Deployment Tools,D3-SU,Software Update,prepare,Harden,1,Software,0.25,artifact_cooccurrence,prepare
T1127.001,MSBuild,D3-SU,Software Update,prepare,Harden,1,Software,0.25,artifact_cooccurrence,prepare
T1127,Trusted Developer Utilities Proxy Execution,D3-SU,Software Update,prepare,Harden,1,Software,0.25,artifact_cooccurrence,prepare
T1137.006,Add-ins,D3-SU,Software Update,prepare,Harden,1,Software,0.25,artifact_cooccurrence,prepare
T1137,Office Application Startup,D3-SU,Software Update,prepare,Harden,1,Software,0.25,artifact_cooccurrence,prepare
T1176.001,Browser Extensions,D3-SU,Software Update,prepare,Harden,1,Software,0.25,artifact_cooccurrence,prepare
T1176.002,IDE Extensions,D3-SU,Software Update,prepare,Harden,1,Software,0.25,artifact_cooccurrence,prepare
T1176,Software Extensions,D3-SU,Software Update,prepare,Harden,1,Software,0.25,artifact_cooccurrence,prepare
T1195.001,Compromise Software Dependencies and Development Tools,D3-SU,Software Update,prepare,Harden,1,Software,0.25,artifact_cooccurrence,prepare
T1195.002,Compromise Software Supply Chain,D3-SU,Software Update,prepare,Harden,1,Software,0.25,artifact_cooccurrence,prepare
T1195,Supply Chain Compromise,D3-SU,Software Update,prepare,Harden,1,Software,0.25,artifact_cooccurrence,prepare
T1212,Exploitation for Credential Access,D3-SU,Software Update,prepare,Harden,1,Software,0.25,artifact_cooccurrence,prepare
T1218.014,MMC,D3-SU,Software Update,prepare,Harden,1,Software,0.25,artifact_cooccurrence,prepare
T1218,System Binary Proxy Execution,D3-SU,Software Update,prepare,Harden,1,Software,0.25,artifact_cooccurrence,prepare
T1490,Inhibit System Recovery,D3-SU,Software Update,prepare,Harden,1,Software,0.25,artifact_cooccurrence,prepare
T1497.003,Time Based Checks,D3-SU,Software Update,prepare,Harden,1,Software,0.25,artifact_cooccurrence,prepare
T1497,Virtualization/Sandbox Evasion,D3-SU,Software Update,prepare,Harden,1,Software,0.25,artifact_cooccurrence,prepare
T1505.001,SQL Stored Procedures,D3-SU,Software Update,prepare,Harden,1,Software,0.25,artifact_cooccurrence,prepare
T1505.004,IIS Components,D3-SU,Software Update,prepare,Harden,1,Software,0.25,artifact_cooccurrence,prepare
T1505,Server Software Component,D3-SU,Software Update,prepare,Harden,1,Software,0.25,artifact_cooccurrence,prepare
T1542.001,System Firmware,D3-SU,Software Update,prepare,Harden,1,Software,0.25,artifact_cooccurrence,prepare
T1542.002,Component Firmware,D3-SU,Software Update,prepare,Harden,1,Software,0.25,artifact_cooccurrence,prepare
T1542.003,Bootkit,D3-SU,Software Update,prepare,Harden,1,Software,0.25,artifact_cooccurrence,prepare
T1542.004,ROMMONkit,D3-SU,Software Update,prepare,Harden,1,Software,0.25,artifact_cooccurrence,prepare
T1542,Pre-OS Boot,D3-SU,Software Update,prepare,Harden,1,Software,0.25,artifact_cooccurrence,prepare
T1546.011,Application Shimming,D3-SU,Software Update,prepare,Harden,1,Software,0.25,artifact_cooccurrence,prepare
T1546,Event Triggered Execution,D3-SU,Software Update,prepare,Harden,1,Software,0.25,artifact_cooccurrence,prepare
T1547.008,LSASS Driver,D3-SU,Software Update,prepare,Harden,1,Software,0.25,artifact_cooccurrence,prepare
T1547,Boot or Logon Autostart Execution,D3-SU,Software Update,prepare,Harden,1,Software,0.25,artifact_cooccurrence,prepare
T1554,Compromise Host Software Binary,D3-SU,Software Update,prepare,Harden,1,Software,0.25,artifact_cooccurrence,prepare
T1564.006,Run Virtual Instance,D3-SU,Software Update,prepare,Harden,1,Software,0.25,artifact_cooccurrence,prepare
T1564,Hide Artifacts,D3-SU,Software Update,prepare,Harden,1,Software,0.25,artifact_cooccurrence,prepare
T1574.005,Executable Installer File Permissions Weakness,D3-SU,Software Update,prepare,Harden,1,Software,0.25,artifact_cooccurrence,prepare
T1574.010,Services File Permissions Weakness,D3-SU,Software Update,prepare,Harden,1,Software,0.25,artifact_cooccurrence,prepare
T1574,Hijack Execution Flow,D3-SU,Software Update,prepare,Harden,1,Software,0.25,artifact_cooccurrence,prepare
T1649,Steal or Forge Authentication Certificates,D3-SU,Software Update,prepare,Harden,1,Software,0.25,artifact_cooccurrence,prepare
T1014,Rootkit,D3-CS,Credential Scrubbing,prepare,Harden,1,Subroutine,0.25,artifact_cooccurrence,prepare
T1016.001,Internet Connection Discovery,D3-CS,Credential Scrubbing,prepare,Harden,1,Subroutine,0.25,artifact_cooccurrence,prepare
T1016.002,Wi-Fi Discovery,D3-CS,Credential Scrubbing,prepare,Harden,1,Subroutine,0.25,artifact_cooccurrence,prepare
T1016,System Network Configuration Discovery,D3-CS,Credential Scrubbing,prepare,Harden,1,Subroutine,0.25,artifact_cooccurrence,prepare
T1027.001,Binary Padding,D3-CS,Credential Scrubbing,prepare,Harden,1,Subroutine,0.25,artifact_cooccurrence,prepare
T1027.002,Software Packing,D3-CS,Credential Scrubbing,prepare,Harden,1,Subroutine,0.25,artifact_cooccurrence,prepare
T1027.004,Compile After Delivery,D3-CS,Credential Scrubbing,prepare,Harden,1,Subroutine,0.25,artifact_cooccurrence,prepare
T1027,Obfuscated Files or Information,D3-CS,Credential Scrubbing,prepare,Harden,1,Subroutine,0.25,artifact_cooccurrence,prepare
T1036.001,Invalid Code Signature,D3-CS,Credential Scrubbing,prepare,Harden,1,Subroutine,0.25,artifact_cooccurrence,prepare
T1036.003,Rename Legitimate Utilities,D3-CS,Credential Scrubbing,prepare,Harden,1,Subroutine,0.25,artifact_cooccurrence,prepare
T1036,Masquerading,D3-CS,Credential Scrubbing,prepare,Harden,1,Subroutine,0.25,artifact_cooccurrence,prepare
T1037.001,Logon Script (Windows),D3-CS,Credential Scrubbing,prepare,Harden,1,Subroutine,0.25,artifact_cooccurrence,prepare
T1037.002,Login Hook,D3-CS,Credential Scrubbing,prepare,Harden,1,Subroutine,0.25,artifact_cooccurrence,prepare
T1037.003,Network Logon Script,D3-CS,Credential Scrubbing,prepare,Harden,1,Subroutine,0.25,artifact_cooccurrence,prepare
T1037.004,RC Scripts,D3-CS,Credential Scrubbing,prepare,Harden,1,Subroutine,0.25,artifact_cooccurrence,prepare
T1037,Boot or Logon Initialization Scripts,D3-CS,Credential Scrubbing,prepare,Harden,1,Subroutine,0.25,artifact_cooccurrence,prepare
T1055.003,Thread Execution Hijacking,D3-CS,Credential Scrubbing,prepare,Harden,1,Subroutine,0.25,artifact_cooccurrence,prepare
T1055.012,Process Hollowing,D3-CS,Credential Scrubbing,prepare,Harden,1,Subroutine,0.25,artifact_cooccurrence,prepare
T1055,Process Injection,D3-CS,Credential Scrubbing,prepare,Harden,1,Subroutine,0.25,artifact_cooccurrence,prepare
T1056.003,Web Portal Capture,D3-CS,Credential Scrubbing,prepare,Harden,1,Subroutine,0.25,artifact_cooccurrence,prepare
T1056.004,Credential API Hooking,D3-CS,Credential Scrubbing,prepare,Harden,1,Subroutine,0.25,artifact_cooccurrence,prepare
T1056,Input Capture,D3-CS,Credential Scrubbing,prepare,Harden,1,Subroutine,0.25,artifact_cooccurrence,prepare
T1059.001,PowerShell,D3-CS,Credential Scrubbing,prepare,Harden,1,Subroutine,0.25,artifact_cooccurrence,prepare
T1059.002,AppleScript,D3-CS,Credential Scrubbing,prepare,Harden,1,Subroutine,0.25,artifact_cooccurrence,prepare
T1059.003,Windows Command Shell,D3-CS,Credential Scrubbing,prepare,Harden,1,Subroutine,0.25,artifact_cooccurrence,prepare
T1059.004,Unix Shell,D3-CS,Credential Scrubbing,prepare,Harden,1,Subroutine,0.25,artifact_cooccurrence,prepare
T1059.005,Visual Basic,D3-CS,Credential Scrubbing,prepare,Harden,1,Subroutine,0.25,artifact_cooccurrence,prepare
T1059.006,Python,D3-CS,Credential Scrubbing,prepare,Harden,1,Subroutine,0.25,artifact_cooccurrence,prepare
T1059.007,JavaScript,D3-CS,Credential Scrubbing,prepare,Harden,1,Subroutine,0.25,artifact_cooccurrence,prepare
T1059.008,Network Device CLI,D3-CS,Credential Scrubbing,prepare,Harden,1,Subroutine,0.25,artifact_cooccurrence,prepare
T1059.009,Cloud API,D3-CS,Credential Scrubbing,prepare,Harden,1,Subroutine,0.25,artifact_cooccurrence,prepare
T1059.010,AutoHotKey &amp; AutoIT,D3-CS,Credential Scrubbing,prepare,Harden,1,Subroutine,0.25,artifact_cooccurrence,prepare
T1059.011,Lua,D3-CS,Credential Scrubbing,prepare,Harden,1,Subroutine,0.25,artifact_cooccurrence,prepare
T1059.012,Hypervisor CLI,D3-CS,Credential Scrubbing,prepare,Harden,1,Subroutine,0.25,artifact_cooccurrence,prepare
T1059.013,Container CLI/API,D3-CS,Credential Scrubbing,prepare,Harden,1,Subroutine,0.25,artifact_cooccurrence,prepare
T1059,Command and Scripting Interpreter,D3-CS,Credential Scrubbing,prepare,Harden,1,Subroutine,0.25,artifact_cooccurrence,prepare
T1068,Exploitation for Privilege Escalation,D3-CS,Credential Scrubbing,prepare,Harden,1,Subroutine,0.25,artifact_cooccurrence,prepare
T1072,Software Deployment Tools,D3-CS,Credential Scrubbing,prepare,Harden,1,Subroutine,0.25,artifact_cooccurrence,prepare
T1127.001,MSBuild,D3-CS,Credential Scrubbing,prepare,Harden,1,Subroutine,0.25,artifact_cooccurrence,prepare
T1127,Trusted Developer Utilities Proxy Execution,D3-CS,Credential Scrubbing,prepare,Harden,1,Subroutine,0.25,artifact_cooccurrence,prepare
T1137.001,Office Template Macros,D3-CS,Credential Scrubbing,prepare,Harden,1,Subroutine,0.25,artifact_cooccurrence,prepare
T1137.006,Add-ins,D3-CS,Credential Scrubbing,prepare,Harden,1,Subroutine,0.25,artifact_cooccurrence,prepare
T1137,Office Application Startup,D3-CS,Credential Scrubbing,prepare,Harden,1,Subroutine,0.25,artifact_cooccurrence,prepare
T1140,Deobfuscate/Decode Files or Information,D3-CS,Credential Scrubbing,prepare,Harden,1,Subroutine,0.25,artifact_cooccurrence,prepare
T1176.001,Browser Extensions,D3-CS,Credential Scrubbing,prepare,Harden,1,Subroutine,0.25,artifact_cooccurrence,prepare
T1176.002,IDE Extensions,D3-CS,Credential Scrubbing,prepare,Harden,1,Subroutine,0.25,artifact_cooccurrence,prepare
T1176,Software Extensions,D3-CS,Credential Scrubbing,prepare,Harden,1,Subroutine,0.25,artifact_cooccurrence,prepare
T1195.001,Compromise Software Dependencies and Development Tools,D3-CS,Credential Scrubbing,prepare,Harden,1,Subroutine,0.25,artifact_cooccurrence,prepare
T1195.002,Compromise Software Supply Chain,D3-CS,Credential Scrubbing,prepare,Harden,1,Subroutine,0.25,artifact_cooccurrence,prepare
T1195,Supply Chain Compromise,D3-CS,Credential Scrubbing,prepare,Harden,1,Subroutine,0.25,artifact_cooccurrence,prepare
T1203,Exploitation for Client Execution,D3-CS,Credential Scrubbing,prepare,Harden,1,Subroutine,0.25,artifact_cooccurrence,prepare
T1204.002,Malicious File,D3-CS,Credential Scrubbing,prepare,Harden,1,Subroutine,0.25,artifact_cooccurrence,prepare
T1204,User Execution,D3-CS,Credential Scrubbing,prepare,Harden,1,Subroutine,0.25,artifact_cooccurrence,prepare
T1210,Exploitation of Remote Services,D3-CS,Credential Scrubbing,prepare,Harden,1,Subroutine,0.25,artifact_cooccurrence,prepare
T1211,Exploitation for Defense Evasion,D3-CS,Credential Scrubbing,prepare,Harden,1,Subroutine,0.25,artifact_cooccurrence,prepare
T1212,Exploitation for Credential Access,D3-CS,Credential Scrubbing,prepare,Harden,1,Subroutine,0.25,artifact_cooccurrence,prepare
T1218.014,MMC,D3-CS,Credential Scrubbing,prepare,Harden,1,Subroutine,0.25,artifact_cooccurrence,prepare
T1218,System Binary Proxy Execution,D3-CS,Credential Scrubbing,prepare,Harden,1,Subroutine,0.25,artifact_cooccurrence,prepare
T1220,XSL Script Processing,D3-CS,Credential Scrubbing,prepare,Harden,1,Subroutine,0.25,artifact_cooccurrence,prepare
T1490,Inhibit System Recovery,D3-CS,Credential Scrubbing,prepare,Harden,1,Subroutine,0.25,artifact_cooccurrence,prepare
T1497.003,Time Based Checks,D3-CS,Credential Scrubbing,prepare,Harden,1,Subroutine,0.25,artifact_cooccurrence,prepare
T1497,Virtualization/Sandbox Evasion,D3-CS,Credential Scrubbing,prepare,Harden,1,Subroutine,0.25,artifact_cooccurrence,prepare
T1505.001,SQL Stored Procedures,D3-CS,Credential Scrubbing,prepare,Harden,1,Subroutine,0.25,artifact_cooccurrence,prepare
T1505.003,Web Shell,D3-CS,Credential Scrubbing,prepare,Harden,1,Subroutine,0.25,artifact_cooccurrence,prepare
T1505.004,IIS Components,D3-CS,Credential Scrubbing,prepare,Harden,1,Subroutine,0.25,artifact_cooccurrence,prepare
T1505,Server Software Component,D3-CS,Credential Scrubbing,prepare,Harden,1,Subroutine,0.25,artifact_cooccurrence,prepare
T1542.001,System Firmware,D3-CS,Credential Scrubbing,prepare,Harden,1,Subroutine,0.25,artifact_cooccurrence,prepare
T1542.002,Component Firmware,D3-CS,Credential Scrubbing,prepare,Harden,1,Subroutine,0.25,artifact_cooccurrence,prepare
T1542.003,Bootkit,D3-CS,Credential Scrubbing,prepare,Harden,1,Subroutine,0.25,artifact_cooccurrence,prepare
T1542.004,ROMMONkit,D3-CS,Credential Scrubbing,prepare,Harden,1,Subroutine,0.25,artifact_cooccurrence,prepare
T1542,Pre-OS Boot,D3-CS,Credential Scrubbing,prepare,Harden,1,Subroutine,0.25,artifact_cooccurrence,prepare
T1546.002,Screensaver,D3-CS,Credential Scrubbing,prepare,Harden,1,Subroutine,0.25,artifact_cooccurrence,prepare
T1546.005,Trap,D3-CS,Credential Scrubbing,prepare,Harden,1,Subroutine,0.25,artifact_cooccurrence,prepare
T1546.006,LC_LOAD_DYLIB Addition,D3-CS,Credential Scrubbing,prepare,Harden,1,Subroutine,0.25,artifact_cooccurrence,prepare
T1546.008,Accessibility Features,D3-CS,Credential Scrubbing,prepare,Harden,1,Subroutine,0.25,artifact_cooccurrence,prepare
T1546.011,Application Shimming,D3-CS,Credential Scrubbing,prepare,Harden,1,Subroutine,0.25,artifact_cooccurrence,prepare
T1546.013,PowerShell Profile,D3-CS,Credential Scrubbing,prepare,Harden,1,Subroutine,0.25,artifact_cooccurrence,prepare
T1546.015,Component Object Model Hijacking,D3-CS,Credential Scrubbing,prepare,Harden,1,Subroutine,0.25,artifact_cooccurrence,prepare
T1546,Event Triggered Execution,D3-CS,Credential Scrubbing,prepare,Harden,1,Subroutine,0.25,artifact_cooccurrence,prepare
T1547.001,Registry Run Keys / Startup Folder,D3-CS,Credential Scrubbing,prepare,Harden,1,Subroutine,0.25,artifact_cooccurrence,prepare
T1547.008,LSASS Driver,D3-CS,Credential Scrubbing,prepare,Harden,1,Subroutine,0.25,artifact_cooccurrence,prepare
T1547.009,Shortcut Modification,D3-CS,Credential Scrubbing,prepare,Harden,1,Subroutine,0.25,artifact_cooccurrence,prepare
T1547,Boot or Logon Autostart Execution,D3-CS,Credential Scrubbing,prepare,Harden,1,Subroutine,0.25,artifact_cooccurrence,prepare
T1548.002,Bypass User Account Control,D3-CS,Credential Scrubbing,prepare,Harden,1,Subroutine,0.25,artifact_cooccurrence,prepare
T1548,Abuse Elevation Control Mechanism,D3-CS,Credential Scrubbing,prepare,Harden,1,Subroutine,0.25,artifact_cooccurrence,prepare
T1554,Compromise Host Software Binary,D3-CS,Credential Scrubbing,prepare,Harden,1,Subroutine,0.25,artifact_cooccurrence,prepare
T1562.003,Impair Command History Logging,D3-CS,Credential Scrubbing,prepare,Harden,1,Subroutine,0.25,artifact_cooccurrence,prepare
T1562,Impair Defenses,D3-CS,Credential Scrubbing,prepare,Harden,1,Subroutine,0.25,artifact_cooccurrence,prepare
T1564.006,Run Virtual Instance,D3-CS,Credential Scrubbing,prepare,Harden,1,Subroutine,0.25,artifact_cooccurrence,prepare
T1564,Hide Artifacts,D3-CS,Credential Scrubbing,prepare,Harden,1,Subroutine,0.25,artifact_cooccurrence,prepare
T1565.003,Runtime Data Manipulation,D3-CS,Credential Scrubbing,prepare,Harden,1,Subroutine,0.25,artifact_cooccurrence,prepare
T1565,Data Manipulation,D3-CS,Credential Scrubbing,prepare,Harden,1,Subroutine,0.25,artifact_cooccurrence,prepare
T1574.005,Executable Installer File Permissions Weakness,D3-CS,Credential Scrubbing,prepare,Harden,1,Subroutine,0.25,artifact_cooccurrence,prepare
T1574.007,Path Interception by PATH Environment Variable,D3-CS,Credential Scrubbing,prepare,Harden,1,Subroutine,0.25,artifact_cooccurrence,prepare
T1574.008,Path Interception by Search Order Hijacking,D3-CS,Credential Scrubbing,prepare,Harden,1,Subroutine,0.25,artifact_cooccurrence,prepare
T1574.009,Path Interception by Unquoted Path,D3-CS,Credential Scrubbing,prepare,Harden,1,Subroutine,0.25,artifact_cooccurrence,prepare
T1574.010,Services File Permissions Weakness,D3-CS,Credential Scrubbing,prepare,Harden,1,Subroutine,0.25,artifact_cooccurrence,prepare
T1574,Hijack Execution Flow,D3-CS,Credential Scrubbing,prepare,Harden,1,Subroutine,0.25,artifact_cooccurrence,prepare
T1649,Steal or Forge Authentication Certificates,D3-CS,Credential Scrubbing,prepare,Harden,1,Subroutine,0.25,artifact_cooccurrence,prepare
T1014,Rootkit,D3-TL,Trusted Library,prepare,Harden,1,Subroutine,0.25,artifact_cooccurrence,prepare
T1016.001,Internet Connection Discovery,D3-TL,Trusted Library,prepare,Harden,1,Subroutine,0.25,artifact_cooccurrence,prepare
T1016.002,Wi-Fi Discovery,D3-TL,Trusted Library,prepare,Harden,1,Subroutine,0.25,artifact_cooccurrence,prepare
T1016,System Network Configuration Discovery,D3-TL,Trusted Library,prepare,Harden,1,Subroutine,0.25,artifact_cooccurrence,prepare
T1027.001,Binary Padding,D3-TL,Trusted Library,prepare,Harden,1,Subroutine,0.25,artifact_cooccurrence,prepare
T1027.002,Software Packing,D3-TL,Trusted Library,prepare,Harden,1,Subroutine,0.25,artifact_cooccurrence,prepare
T1027.004,Compile After Delivery,D3-TL,Trusted Library,prepare,Harden,1,Subroutine,0.25,artifact_cooccurrence,prepare
T1027,Obfuscated Files or Information,D3-TL,Trusted Library,prepare,Harden,1,Subroutine,0.25,artifact_cooccurrence,prepare
T1036.001,Invalid Code Signature,D3-TL,Trusted Library,prepare,Harden,1,Subroutine,0.25,artifact_cooccurrence,prepare
T1036.003,Rename Legitimate Utilities,D3-TL,Trusted Library,prepare,Harden,1,Subroutine,0.25,artifact_cooccurrence,prepare
T1036,Masquerading,D3-TL,Trusted Library,prepare,Harden,1,Subroutine,0.25,artifact_cooccurrence,prepare
T1037.001,Logon Script (Windows),D3-TL,Trusted Library,prepare,Harden,1,Subroutine,0.25,artifact_cooccurrence,prepare
T1037.002,Login Hook,D3-TL,Trusted Library,prepare,Harden,1,Subroutine,0.25,artifact_cooccurrence,prepare
T1037.003,Network Logon Script,D3-TL,Trusted Library,prepare,Harden,1,Subroutine,0.25,artifact_cooccurrence,prepare
T1037.004,RC Scripts,D3-TL,Trusted Library,prepare,Harden,1,Subroutine,0.25,artifact_cooccurrence,prepare
T1037,Boot or Logon Initialization Scripts,D3-TL,Trusted Library,prepare,Harden,1,Subroutine,0.25,artifact_cooccurrence,prepare
T1055.003,Thread Execution Hijacking,D3-TL,Trusted Library,prepare,Harden,1,Subroutine,0.25,artifact_cooccurrence,prepare
T1055.012,Process Hollowing,D3-TL,Trusted Library,prepare,Harden,1,Subroutine,0.25,artifact_cooccurrence,prepare
T1055,Process Injection,D3-TL,Trusted Library,prepare,Harden,1,Subroutine,0.25,artifact_cooccurrence,prepare
T1056.003,Web Portal Capture,D3-TL,Trusted Library,prepare,Harden,1,Subroutine,0.25,artifact_cooccurrence,prepare
T1056.004,Credential API Hooking,D3-TL,Trusted Library,prepare,Harden,1,Subroutine,0.25,artifact_cooccurrence,prepare
T1056,Input Capture,D3-TL,Trusted Library,prepare,Harden,1,Subroutine,0.25,artifact_cooccurrence,prepare
T1059.001,PowerShell,D3-TL,Trusted Library,prepare,Harden,1,Subroutine,0.25,artifact_cooccurrence,prepare
T1059.002,AppleScript,D3-TL,Trusted Library,prepare,Harden,1,Subroutine,0.25,artifact_cooccurrence,prepare
T1059.003,Windows Command Shell,D3-TL,Trusted Library,prepare,Harden,1,Subroutine,0.25,artifact_cooccurrence,prepare
T1059.004,Unix Shell,D3-TL,Trusted Library,prepare,Harden,1,Subroutine,0.25,artifact_cooccurrence,prepare
T1059.005,Visual Basic,D3-TL,Trusted Library,prepare,Harden,1,Subroutine,0.25,artifact_cooccurrence,prepare
T1059.006,Python,D3-TL,Trusted Library,prepare,Harden,1,Subroutine,0.25,artifact_cooccurrence,prepare
T1059.007,JavaScript,D3-TL,Trusted Library,prepare,Harden,1,Subroutine,0.25,artifact_cooccurrence,prepare
T1059.008,Network Device CLI,D3-TL,Trusted Library,prepare,Harden,1,Subroutine,0.25,artifact_cooccurrence,prepare
T1059.009,Cloud API,D3-TL,Trusted Library,prepare,Harden,1,Subroutine,0.25,artifact_cooccurrence,prepare
T1059.010,AutoHotKey &amp; AutoIT,D3-TL,Trusted Library,prepare,Harden,1,Subroutine,0.25,artifact_cooccurrence,prepare
T1059.011,Lua,D3-TL,Trusted Library,prepare,Harden,1,Subroutine,0.25,artifact_cooccurrence,prepare
T1059.012,Hypervisor CLI,D3-TL,Trusted Library,prepare,Harden,1,Subroutine,0.25,artifact_cooccurrence,prepare
T1059.013,Container CLI/API,D3-TL,Trusted Library,prepare,Harden,1,Subroutine,0.25,artifact_cooccurrence,prepare
T1059,Command and Scripting Interpreter,D3-TL,Trusted Library,prepare,Harden,1,Subroutine,0.25,artifact_cooccurrence,prepare
T1068,Exploitation for Privilege Escalation,D3-TL,Trusted Library,prepare,Harden,1,Subroutine,0.25,artifact_cooccurrence,prepare
T1072,Software Deployment Tools,D3-TL,Trusted Library,prepare,Harden,1,Subroutine,0.25,artifact_cooccurrence,prepare
T1127.001,MSBuild,D3-TL,Trusted Library,prepare,Harden,1,Subroutine,0.25,artifact_cooccurrence,prepare
T1127,Trusted Developer Utilities Proxy Execution,D3-TL,Trusted Library,prepare,Harden,1,Subroutine,0.25,artifact_cooccurrence,prepare
T1137.001,Office Template Macros,D3-TL,Trusted Library,prepare,Harden,1,Subroutine,0.25,artifact_cooccurrence,prepare
T1137.006,Add-ins,D3-TL,Trusted Library,prepare,Harden,1,Subroutine,0.25,artifact_cooccurrence,prepare
T1137,Office Application Startup,D3-TL,Trusted Library,prepare,Harden,1,Subroutine,0.25,artifact_cooccurrence,prepare
T1140,Deobfuscate/Decode Files or Information,D3-TL,Trusted Library,prepare,Harden,1,Subroutine,0.25,artifact_cooccurrence,prepare
T1176.001,Browser Extensions,D3-TL,Trusted Library,prepare,Harden,1,Subroutine,0.25,artifact_cooccurrence,prepare
T1176.002,IDE Extensions,D3-TL,Trusted Library,prepare,Harden,1,Subroutine,0.25,artifact_cooccurrence,prepare
T1176,Software Extensions,D3-TL,Trusted Library,prepare,Harden,1,Subroutine,0.25,artifact_cooccurrence,prepare
T1195.001,Compromise Software Dependencies and Development Tools,D3-TL,Trusted Library,prepare,Harden,1,Subroutine,0.25,artifact_cooccurrence,prepare
T1195.002,Compromise Software Supply Chain,D3-TL,Trusted Library,prepare,Harden,1,Subroutine,0.25,artifact_cooccurrence,prepare
T1195,Supply Chain Compromise,D3-TL,Trusted Library,prepare,Harden,1,Subroutine,0.25,artifact_cooccurrence,prepare
T1203,Exploitation for Client Execution,D3-TL,Trusted Library,prepare,Harden,1,Subroutine,0.25,artifact_cooccurrence,prepare
T1204.002,Malicious File,D3-TL,Trusted Library,prepare,Harden,1,Subroutine,0.25,artifact_cooccurrence,prepare
T1204,User Execution,D3-TL,Trusted Library,prepare,Harden,1,Subroutine,0.25,artifact_cooccurrence,prepare
T1210,Exploitation of Remote Services,D3-TL,Trusted Library,prepare,Harden,1,Subroutine,0.25,artifact_cooccurrence,prepare
T1211,Exploitation for Defense Evasion,D3-TL,Trusted Library,prepare,Harden,1,Subroutine,0.25,artifact_cooccurrence,prepare
T1212,Exploitation for Credential Access,D3-TL,Trusted Library,prepare,Harden,1,Subroutine,0.25,artifact_cooccurrence,prepare
T1218.014,MMC,D3-TL,Trusted Library,prepare,Harden,1,Subroutine,0.25,artifact_cooccurrence,prepare
T1218,System Binary Proxy Execution,D3-TL,Trusted Library,prepare,Harden,1,Subroutine,0.25,artifact_cooccurrence,prepare
T1220,XSL Script Processing,D3-TL,Trusted Library,prepare,Harden,1,Subroutine,0.25,artifact_cooccurrence,prepare
T1490,Inhibit System Recovery,D3-TL,Trusted Library,prepare,Harden,1,Subroutine,0.25,artifact_cooccurrence,prepare
T1497.003,Time Based Checks,D3-TL,Trusted Library,prepare,Harden,1,Subroutine,0.25,artifact_cooccurrence,prepare
T1497,Virtualization/Sandbox Evasion,D3-TL,Trusted Library,prepare,Harden,1,Subroutine,0.25,artifact_cooccurrence,prepare
T1505.001,SQL Stored Procedures,D3-TL,Trusted Library,prepare,Harden,1,Subroutine,0.25,artifact_cooccurrence,prepare
T1505.003,Web Shell,D3-TL,Trusted Library,prepare,Harden,1,Subroutine,0.25,artifact_cooccurrence,prepare
T1505.004,IIS Components,D3-TL,Trusted Library,prepare,Harden,1,Subroutine,0.25,artifact_cooccurrence,prepare
T1505,Server Software Component,D3-TL,Trusted Library,prepare,Harden,1,Subroutine,0.25,artifact_cooccurrence,prepare
T1542.001,System Firmware,D3-TL,Trusted Library,prepare,Harden,1,Subroutine,0.25,artifact_cooccurrence,prepare
T1542.002,Component Firmware,D3-TL,Trusted Library,prepare,Harden,1,Subroutine,0.25,artifact_cooccurrence,prepare
T1542.003,Bootkit,D3-TL,Trusted Library,prepare,Harden,1,Subroutine,0.25,artifact_cooccurrence,prepare
T1542.004,ROMMONkit,D3-TL,Trusted Library,prepare,Harden,1,Subroutine,0.25,artifact_cooccurrence,prepare
T1542,Pre-OS Boot,D3-TL,Trusted Library,prepare,Harden,1,Subroutine,0.25,artifact_cooccurrence,prepare
T1546.002,Screensaver,D3-TL,Trusted Library,prepare,Harden,1,Subroutine,0.25,artifact_cooccurrence,prepare
T1546.005,Trap,D3-TL,Trusted Library,prepare,Harden,1,Subroutine,0.25,artifact_cooccurrence,prepare
T1546.006,LC_LOAD_DYLIB Addition,D3-TL,Trusted Library,prepare,Harden,1,Subroutine,0.25,artifact_cooccurrence,prepare
T1546.008,Accessibility Features,D3-TL,Trusted Library,prepare,Harden,1,Subroutine,0.25,artifact_cooccurrence,prepare
T1546.011,Application Shimming,D3-TL,Trusted Library,prepare,Harden,1,Subroutine,0.25,artifact_cooccurrence,prepare
T1546.013,PowerShell Profile,D3-TL,Trusted Library,prepare,Harden,1,Subroutine,0.25,artifact_cooccurrence,prepare
T1546.015,Component Object Model Hijacking,D3-TL,Trusted Library,prepare,Harden,1,Subroutine,0.25,artifact_cooccurrence,prepare
T1546,Event Triggered Execution,D3-TL,Trusted Library,prepare,Harden,1,Subroutine,0.25,artifact_cooccurrence,prepare
T1547.001,Registry Run Keys / Startup Folder,D3-TL,Trusted Library,prepare,Harden,1,Subroutine,0.25,artifact_cooccurrence,prepare
T1547.008,LSASS Driver,D3-TL,Trusted Library,prepare,Harden,1,Subroutine,0.25,artifact_cooccurrence,prepare
T1547.009,Shortcut Modification,D3-TL,Trusted Library,prepare,Harden,1,Subroutine,0.25,artifact_cooccurrence,prepare
T1547,Boot or Logon Autostart Execution,D3-TL,Trusted Library,prepare,Harden,1,Subroutine,0.25,artifact_cooccurrence,prepare
T1548.002,Bypass User Account Control,D3-TL,Trusted Library,prepare,Harden,1,Subroutine,0.25,artifact_cooccurrence,prepare
T1548,Abuse Elevation Control Mechanism,D3-TL,Trusted Library,prepare,Harden,1,Subroutine,0.25,artifact_cooccurrence,prepare
T1554,Compromise Host Software Binary,D3-TL,Trusted Library,prepare,Harden,1,Subroutine,0.25,artifact_cooccurrence,prepare
T1562.003,Impair Command History Logging,D3-TL,Trusted Library,prepare,Harden,1,Subroutine,0.25,artifact_cooccurrence,prepare
T1562,Impair Defenses,D3-TL,Trusted Library,prepare,Harden,1,Subroutine,0.25,artifact_cooccurrence,prepare
T1564.006,Run Virtual Instance,D3-TL,Trusted Library,prepare,Harden,1,Subroutine,0.25,artifact_cooccurrence,prepare
T1564,Hide Artifacts,D3-TL,Trusted Library,prepare,Harden,1,Subroutine,0.25,artifact_cooccurrence,prepare
T1565.003,Runtime Data Manipulation,D3-TL,Trusted Library,prepare,Harden,1,Subroutine,0.25,artifact_cooccurrence,prepare
T1565,Data Manipulation,D3-TL,Trusted Library,prepare,Harden,1,Subroutine,0.25,artifact_cooccurrence,prepare
T1574.005,Executable Installer File Permissions Weakness,D3-TL,Trusted Library,prepare,Harden,1,Subroutine,0.25,artifact_cooccurrence,prepare
T1574.007,Path Interception by PATH Environment Variable,D3-TL,Trusted Library,prepare,Harden,1,Subroutine,0.25,artifact_cooccurrence,prepare
T1574.008,Path Interception by Search Order Hijacking,D3-TL,Trusted Library,prepare,Harden,1,Subroutine,0.25,artifact_cooccurrence,prepare
T1574.009,Path Interception by Unquoted Path,D3-TL,Trusted Library,prepare,Harden,1,Subroutine,0.25,artifact_cooccurrence,prepare
T1574.010,Services File Permissions Weakness,D3-TL,Trusted Library,prepare,Harden,1,Subroutine,0.25,artifact_cooccurrence,prepare
T1574,Hijack Execution Flow,D3-TL,Trusted Library,prepare,Harden,1,Subroutine,0.25,artifact_cooccurrence,prepare
T1649,Steal or Forge Authentication Certificates,D3-TL,Trusted Library,prepare,Harden,1,Subroutine,0.25,artifact_cooccurrence,prepare
T1014,Rootkit,D3-VI,Variable Initialization,prepare,Harden,1,Subroutine,0.25,artifact_cooccurrence,prepare
T1016.001,Internet Connection Discovery,D3-VI,Variable Initialization,prepare,Harden,1,Subroutine,0.25,artifact_cooccurrence,prepare
T1016.002,Wi-Fi Discovery,D3-VI,Variable Initialization,prepare,Harden,1,Subroutine,0.25,artifact_cooccurrence,prepare
T1016,System Network Configuration Discovery,D3-VI,Variable Initialization,prepare,Harden,1,Subroutine,0.25,artifact_cooccurrence,prepare
T1027.001,Binary Padding,D3-VI,Variable Initialization,prepare,Harden,1,Subroutine,0.25,artifact_cooccurrence,prepare
T1027.002,Software Packing,D3-VI,Variable Initialization,prepare,Harden,1,Subroutine,0.25,artifact_cooccurrence,prepare
T1027.004,Compile After Delivery,D3-VI,Variable Initialization,prepare,Harden,1,Subroutine,0.25,artifact_cooccurrence,prepare
T1027,Obfuscated Files or Information,D3-VI,Variable Initialization,prepare,Harden,1,Subroutine,0.25,artifact_cooccurrence,prepare
T1036.001,Invalid Code Signature,D3-VI,Variable Initialization,prepare,Harden,1,Subroutine,0.25,artifact_cooccurrence,prepare
T1036.003,Rename Legitimate Utilities,D3-VI,Variable Initialization,prepare,Harden,1,Subroutine,0.25,artifact_cooccurrence,prepare
T1036,Masquerading,D3-VI,Variable Initialization,prepare,Harden,1,Subroutine,0.25,artifact_cooccurrence,prepare
T1037.001,Logon Script (Windows),D3-VI,Variable Initialization,prepare,Harden,1,Subroutine,0.25,artifact_cooccurrence,prepare
T1037.002,Login Hook,D3-VI,Variable Initialization,prepare,Harden,1,Subroutine,0.25,artifact_cooccurrence,prepare
T1037.003,Network Logon Script,D3-VI,Variable Initialization,prepare,Harden,1,Subroutine,0.25,artifact_cooccurrence,prepare
T1037.004,RC Scripts,D3-VI,Variable Initialization,prepare,Harden,1,Subroutine,0.25,artifact_cooccurrence,prepare
T1037,Boot or Logon Initialization Scripts,D3-VI,Variable Initialization,prepare,Harden,1,Subroutine,0.25,artifact_cooccurrence,prepare
T1055.003,Thread Execution Hijacking,D3-VI,Variable Initialization,prepare,Harden,1,Subroutine,0.25,artifact_cooccurrence,prepare
T1055.012,Process Hollowing,D3-VI,Variable Initialization,prepare,Harden,1,Subroutine,0.25,artifact_cooccurrence,prepare
T1055,Process Injection,D3-VI,Variable Initialization,prepare,Harden,1,Subroutine,0.25,artifact_cooccurrence,prepare
T1056.003,Web Portal Capture,D3-VI,Variable Initialization,prepare,Harden,1,Subroutine,0.25,artifact_cooccurrence,prepare
T1056.004,Credential API Hooking,D3-VI,Variable Initialization,prepare,Harden,1,Subroutine,0.25,artifact_cooccurrence,prepare
T1056,Input Capture,D3-VI,Variable Initialization,prepare,Harden,1,Subroutine,0.25,artifact_cooccurrence,prepare
T1059.001,PowerShell,D3-VI,Variable Initialization,prepare,Harden,1,Subroutine,0.25,artifact_cooccurrence,prepare
T1059.002,AppleScript,D3-VI,Variable Initialization,prepare,Harden,1,Subroutine,0.25,artifact_cooccurrence,prepare
T1059.003,Windows Command Shell,D3-VI,Variable Initialization,prepare,Harden,1,Subroutine,0.25,artifact_cooccurrence,prepare
T1059.004,Unix Shell,D3-VI,Variable Initialization,prepare,Harden,1,Subroutine,0.25,artifact_cooccurrence,prepare
T1059.005,Visual Basic,D3-VI,Variable Initialization,prepare,Harden,1,Subroutine,0.25,artifact_cooccurrence,prepare
T1059.006,Python,D3-VI,Variable Initialization,prepare,Harden,1,Subroutine,0.25,artifact_cooccurrence,prepare
T1059.007,JavaScript,D3-VI,Variable Initialization,prepare,Harden,1,Subroutine,0.25,artifact_cooccurrence,prepare
T1059.008,Network Device CLI,D3-VI,Variable Initialization,prepare,Harden,1,Subroutine,0.25,artifact_cooccurrence,prepare
T1059.009,Cloud API,D3-VI,Variable Initialization,prepare,Harden,1,Subroutine,0.25,artifact_cooccurrence,prepare
T1059.010,AutoHotKey &amp; AutoIT,D3-VI,Variable Initialization,prepare,Harden,1,Subroutine,0.25,artifact_cooccurrence,prepare
T1059.011,Lua,D3-VI,Variable Initialization,prepare,Harden,1,Subroutine,0.25,artifact_cooccurrence,prepare
T1059.012,Hypervisor CLI,D3-VI,Variable Initialization,prepare,Harden,1,Subroutine,0.25,artifact_cooccurrence,prepare
T1059.013,Container CLI/API,D3-VI,Variable Initialization,prepare,Harden,1,Subroutine,0.25,artifact_cooccurrence,prepare
T1059,Command and Scripting Interpreter,D3-VI,Variable Initialization,prepare,Harden,1,Subroutine,0.25,artifact_cooccurrence,prepare
T1068,Exploitation for Privilege Escalation,D3-VI,Variable Initialization,prepare,Harden,1,Subroutine,0.25,artifact_cooccurrence,prepare
T1072,Software Deployment Tools,D3-VI,Variable Initialization,prepare,Harden,1,Subroutine,0.25,artifact_cooccurrence,prepare
T1127.001,MSBuild,D3-VI,Variable Initialization,prepare,Harden,1,Subroutine,0.25,artifact_cooccurrence,prepare
T1127,Trusted Developer Utilities Proxy Execution,D3-VI,Variable Initialization,prepare,Harden,1,Subroutine,0.25,artifact_cooccurrence,prepare
T1137.001,Office Template Macros,D3-VI,Variable Initialization,prepare,Harden,1,Subroutine,0.25,artifact_cooccurrence,prepare
T1137.006,Add-ins,D3-VI,Variable Initialization,prepare,Harden,1,Subroutine,0.25,artifact_cooccurrence,prepare
T1137,Office Application Startup,D3-VI,Variable Initialization,prepare,Harden,1,Subroutine,0.25,artifact_cooccurrence,prepare
T1140,Deobfuscate/Decode Files or Information,D3-VI,Variable Initialization,prepare,Harden,1,Subroutine,0.25,artifact_cooccurrence,prepare
T1176.001,Browser Extensions,D3-VI,Variable Initialization,prepare,Harden,1,Subroutine,0.25,artifact_cooccurrence,prepare
T1176.002,IDE Extensions,D3-VI,Variable Initialization,prepare,Harden,1,Subroutine,0.25,artifact_cooccurrence,prepare
T1176,Software Extensions,D3-VI,Variable Initialization,prepare,Harden,1,Subroutine,0.25,artifact_cooccurrence,prepare
T1195.001,Compromise Software Dependencies and Development Tools,D3-VI,Variable Initialization,prepare,Harden,1,Subroutine,0.25,artifact_cooccurrence,prepare
T1195.002,Compromise Software Supply Chain,D3-VI,Variable Initialization,prepare,Harden,1,Subroutine,0.25,artifact_cooccurrence,prepare
T1195,Supply Chain Compromise,D3-VI,Variable Initialization,prepare,Harden,1,Subroutine,0.25,artifact_cooccurrence,prepare
T1203,Exploitation for Client Execution,D3-VI,Variable Initialization,prepare,Harden,1,Subroutine,0.25,artifact_cooccurrence,prepare
T1204.002,Malicious File,D3-VI,Variable Initialization,prepare,Harden,1,Subroutine,0.25,artifact_cooccurrence,prepare
T1204,User Execution,D3-VI,Variable Initialization,prepare,Harden,1,Subroutine,0.25,artifact_cooccurrence,prepare
T1210,Exploitation of Remote Services,D3-VI,Variable Initialization,prepare,Harden,1,Subroutine,0.25,artifact_cooccurrence,prepare
T1211,Exploitation for Defense Evasion,D3-VI,Variable Initialization,prepare,Harden,1,Subroutine,0.25,artifact_cooccurrence,prepare
T1212,Exploitation for Credential Access,D3-VI,Variable Initialization,prepare,Harden,1,Subroutine,0.25,artifact_cooccurrence,prepare
T1218.014,MMC,D3-VI,Variable Initialization,prepare,Harden,1,Subroutine,0.25,artifact_cooccurrence,prepare
T1218,System Binary Proxy Execution,D3-VI,Variable Initialization,prepare,Harden,1,Subroutine,0.25,artifact_cooccurrence,prepare
T1220,XSL Script Processing,D3-VI,Variable Initialization,prepare,Harden,1,Subroutine,0.25,artifact_cooccurrence,prepare
T1490,Inhibit System Recovery,D3-VI,Variable Initialization,prepare,Harden,1,Subroutine,0.25,artifact_cooccurrence,prepare
T1497.003,Time Based Checks,D3-VI,Variable Initialization,prepare,Harden,1,Subroutine,0.25,artifact_cooccurrence,prepare
T1497,Virtualization/Sandbox Evasion,D3-VI,Variable Initialization,prepare,Harden,1,Subroutine,0.25,artifact_cooccurrence,prepare
T1505.001,SQL Stored Procedures,D3-VI,Variable Initialization,prepare,Harden,1,Subroutine,0.25,artifact_cooccurrence,prepare
T1505.003,Web Shell,D3-VI,Variable Initialization,prepare,Harden,1,Subroutine,0.25,artifact_cooccurrence,prepare
T1505.004,IIS Components,D3-VI,Variable Initialization,prepare,Harden,1,Subroutine,0.25,artifact_cooccurrence,prepare
T1505,Server Software Component,D3-VI,Variable Initialization,prepare,Harden,1,Subroutine,0.25,artifact_cooccurrence,prepare
T1542.001,System Firmware,D3-VI,Variable Initialization,prepare,Harden,1,Subroutine,0.25,artifact_cooccurrence,prepare
T1542.002,Component Firmware,D3-VI,Variable Initialization,prepare,Harden,1,Subroutine,0.25,artifact_cooccurrence,prepare
T1542.003,Bootkit,D3-VI,Variable Initialization,prepare,Harden,1,Subroutine,0.25,artifact_cooccurrence,prepare
T1542.004,ROMMONkit,D3-VI,Variable Initialization,prepare,Harden,1,Subroutine,0.25,artifact_cooccurrence,prepare
T1542,Pre-OS Boot,D3-VI,Variable Initialization,prepare,Harden,1,Subroutine,0.25,artifact_cooccurrence,prepare
T1546.002,Screensaver,D3-VI,Variable Initialization,prepare,Harden,1,Subroutine,0.25,artifact_cooccurrence,prepare
T1546.005,Trap,D3-VI,Variable Initialization,prepare,Harden,1,Subroutine,0.25,artifact_cooccurrence,prepare
T1546.006,LC_LOAD_DYLIB Addition,D3-VI,Variable Initialization,prepare,Harden,1,Subroutine,0.25,artifact_cooccurrence,prepare
T1546.008,Accessibility Features,D3-VI,Variable Initialization,prepare,Harden,1,Subroutine,0.25,artifact_cooccurrence,prepare
T1546.011,Application Shimming,D3-VI,Variable Initialization,prepare,Harden,1,Subroutine,0.25,artifact_cooccurrence,prepare
T1546.013,PowerShell Profile,D3-VI,Variable Initialization,prepare,Harden,1,Subroutine,0.25,artifact_cooccurrence,prepare
T1546.015,Component Object Model Hijacking,D3-VI,Variable Initialization,prepare,Harden,1,Subroutine,0.25,artifact_cooccurrence,prepare
T1546,Event Triggered Execution,D3-VI,Variable Initialization,prepare,Harden,1,Subroutine,0.25,artifact_cooccurrence,prepare
T1547.001,Registry Run Keys / Startup Folder,D3-VI,Variable Initialization,prepare,Harden,1,Subroutine,0.25,artifact_cooccurrence,prepare
T1547.008,LSASS Driver,D3-VI,Variable Initialization,prepare,Harden,1,Subroutine,0.25,artifact_cooccurrence,prepare
T1547.009,Shortcut Modification,D3-VI,Variable Initialization,prepare,Harden,1,Subroutine,0.25,artifact_cooccurrence,prepare
T1547,Boot or Logon Autostart Execution,D3-VI,Variable Initialization,prepare,Harden,1,Subroutine,0.25,artifact_cooccurrence,prepare
T1548.002,Bypass User Account Control,D3-VI,Variable Initialization,prepare,Harden,1,Subroutine,0.25,artifact_cooccurrence,prepare
T1548,Abuse Elevation Control Mechanism,D3-VI,Variable Initialization,prepare,Harden,1,Subroutine,0.25,artifact_cooccurrence,prepare
T1554,Compromise Host Software Binary,D3-VI,Variable Initialization,prepare,Harden,1,Subroutine,0.25,artifact_cooccurrence,prepare
T1562.003,Impair Command History Logging,D3-VI,Variable Initialization,prepare,Harden,1,Subroutine,0.25,artifact_cooccurrence,prepare
T1562,Impair Defenses,D3-VI,Variable Initialization,prepare,Harden,1,Subroutine,0.25,artifact_cooccurrence,prepare
T1564.006,Run Virtual Instance,D3-VI,Variable Initialization,prepare,Harden,1,Subroutine,0.25,artifact_cooccurrence,prepare
T1564,Hide Artifacts,D3-VI,Variable Initialization,prepare,Harden,1,Subroutine,0.25,artifact_cooccurrence,prepare
T1565.003,Runtime Data Manipulation,D3-VI,Variable Initialization,prepare,Harden,1,Subroutine,0.25,artifact_cooccurrence,prepare
T1565,Data Manipulation,D3-VI,Variable Initialization,prepare,Harden,1,Subroutine,0.25,artifact_cooccurrence,prepare
T1574.005,Executable Installer File Permissions Weakness,D3-VI,Variable Initialization,prepare,Harden,1,Subroutine,0.25,artifact_cooccurrence,prepare
T1574.007,Path Interception by PATH Environment Variable,D3-VI,Variable Initialization,prepare,Harden,1,Subroutine,0.25,artifact_cooccurrence,prepare
T1574.008,Path Interception by Search Order Hijacking,D3-VI,Variable Initialization,prepare,Harden,1,Subroutine,0.25,artifact_cooccurrence,prepare
T1574.009,Path Interception by Unquoted Path,D3-VI,Variable Initialization,prepare,Harden,1,Subroutine,0.25,artifact_cooccurrence,prepare
T1574.010,Services File Permissions Weakness,D3-VI,Variable Initialization,prepare,Harden,1,Subroutine,0.25,artifact_cooccurrence,prepare
T1574,Hijack Execution Flow,D3-VI,Variable Initialization,prepare,Harden,1,Subroutine,0.25,artifact_cooccurrence,prepare
T1649,Steal or Forge Authentication Certificates,D3-VI,Variable Initialization,prepare,Harden,1,Subroutine,0.25,artifact_cooccurrence,prepare
T1014,Rootkit,D3-DA,Dynamic Analysis,detect,Detect,1,Executable File,0.25,artifact_cooccurrence,detect
T1016.001,Internet Connection Discovery,D3-DA,Dynamic Analysis,detect,Detect,1,Executable File,0.25,artifact_cooccurrence,detect
T1016.002,Wi-Fi Discovery,D3-DA,Dynamic Analysis,detect,Detect,1,Executable File,0.25,artifact_cooccurrence,detect
T1016,System Network Configuration Discovery,D3-DA,Dynamic Analysis,detect,Detect,1,Executable File,0.25,artifact_cooccurrence,detect
T1027.001,Binary Padding,D3-DA,Dynamic Analysis,detect,Detect,1,Executable File,0.25,artifact_cooccurrence,detect
T1027.002,Software Packing,D3-DA,Dynamic Analysis,detect,Detect,1,Executable File,0.25,artifact_cooccurrence,detect
T1027.004,Compile After Delivery,D3-DA,Dynamic Analysis,detect,Detect,1,Executable File,0.25,artifact_cooccurrence,detect
T1027,Obfuscated Files or Information,D3-DA,Dynamic Analysis,detect,Detect,1,Executable File,0.25,artifact_cooccurrence,detect
T1036.001,Invalid Code Signature,D3-DA,Dynamic Analysis,detect,Detect,1,Executable File,0.25,artifact_cooccurrence,detect
T1036.003,Rename Legitimate Utilities,D3-DA,Dynamic Analysis,detect,Detect,1,Executable File,0.25,artifact_cooccurrence,detect
T1036,Masquerading,D3-DA,Dynamic Analysis,detect,Detect,1,Executable File,0.25,artifact_cooccurrence,detect
T1037.001,Logon Script (Windows),D3-DA,Dynamic Analysis,detect,Detect,1,Executable File,0.25,artifact_cooccurrence,detect
T1037.002,Login Hook,D3-DA,Dynamic Analysis,detect,Detect,1,Executable File,0.25,artifact_cooccurrence,detect
T1037.003,Network Logon Script,D3-DA,Dynamic Analysis,detect,Detect,1,Executable File,0.25,artifact_cooccurrence,detect
T1037.004,RC Scripts,D3-DA,Dynamic Analysis,detect,Detect,1,Executable File,0.25,artifact_cooccurrence,detect
T1037,Boot or Logon Initialization Scripts,D3-DA,Dynamic Analysis,detect,Detect,1,Executable File,0.25,artifact_cooccurrence,detect
T1055.003,Thread Execution Hijacking,D3-DA,Dynamic Analysis,detect,Detect,1,Executable File,0.25,artifact_cooccurrence,detect
T1055,Process Injection,D3-DA,Dynamic Analysis,detect,Detect,1,Executable File,0.25,artifact_cooccurrence,detect
T1056.003,Web Portal Capture,D3-DA,Dynamic Analysis,detect,Detect,1,Executable File,0.25,artifact_cooccurrence,detect
T1056,Input Capture,D3-DA,Dynamic Analysis,detect,Detect,1,Executable File,0.25,artifact_cooccurrence,detect
T1059.001,PowerShell,D3-DA,Dynamic Analysis,detect,Detect,1,Executable File,0.25,artifact_cooccurrence,detect
T1059.002,AppleScript,D3-DA,Dynamic Analysis,detect,Detect,1,Executable File,0.25,artifact_cooccurrence,detect
T1059.003,Windows Command Shell,D3-DA,Dynamic Analysis,detect,Detect,1,Executable File,0.25,artifact_cooccurrence,detect
T1059.004,Unix Shell,D3-DA,Dynamic Analysis,detect,Detect,1,Executable File,0.25,artifact_cooccurrence,detect
T1059.005,Visual Basic,D3-DA,Dynamic Analysis,detect,Detect,1,Executable File,0.25,artifact_cooccurrence,detect
T1059.006,Python,D3-DA,Dynamic Analysis,detect,Detect,1,Executable File,0.25,artifact_cooccurrence,detect
T1059.007,JavaScript,D3-DA,Dynamic Analysis,detect,Detect,1,Executable File,0.25,artifact_cooccurrence,detect
T1059.008,Network Device CLI,D3-DA,Dynamic Analysis,detect,Detect,1,Executable File,0.25,artifact_cooccurrence,detect
T1059.009,Cloud API,D3-DA,Dynamic Analysis,detect,Detect,1,Executable File,0.25,artifact_cooccurrence,detect
T1059.010,AutoHotKey &amp; AutoIT,D3-DA,Dynamic Analysis,detect,Detect,1,Executable File,0.25,artifact_cooccurrence,detect
T1059.011,Lua,D3-DA,Dynamic Analysis,detect,Detect,1,Executable File,0.25,artifact_cooccurrence,detect
T1059.012,Hypervisor CLI,D3-DA,Dynamic Analysis,detect,Detect,1,Executable File,0.25,artifact_cooccurrence,detect
T1059.013,Container CLI/API,D3-DA,Dynamic Analysis,detect,Detect,1,Executable File,0.25,artifact_cooccurrence,detect
T1059,Command and Scripting Interpreter,D3-DA,Dynamic Analysis,detect,Detect,1,Executable File,0.25,artifact_cooccurrence,detect
T1072,Software Deployment Tools,D3-DA,Dynamic Analysis,detect,Detect,1,Executable File,0.25,artifact_cooccurrence,detect
T1114.001,Local Email Collection,D3-DA,Dynamic Analysis,detect,Detect,1,Document File,0.25,artifact_cooccurrence,detect
T1114,Email Collection,D3-DA,Dynamic Analysis,detect,Detect,1,Document File,0.25,artifact_cooccurrence,detect
T1127.001,MSBuild,D3-DA,Dynamic Analysis,detect,Detect,1,Executable File,0.25,artifact_cooccurrence,detect
T1127,Trusted Developer Utilities Proxy Execution,D3-DA,Dynamic Analysis,detect,Detect,1,Executable File,0.25,artifact_cooccurrence,detect
T1137.001,Office Template Macros,D3-DA,Dynamic Analysis,detect,Detect,1,Executable File,0.25,artifact_cooccurrence,detect
T1137.003,Outlook Forms,D3-DA,Dynamic Analysis,detect,Detect,1,Document File,0.25,artifact_cooccurrence,detect
T1137.006,Add-ins,D3-DA,Dynamic Analysis,detect,Detect,1,Executable File,0.25,artifact_cooccurrence,detect
T1137,Office Application Startup,D3-DA,Dynamic Analysis,detect,Detect,2,Document File|Executable File,0.25,artifact_cooccurrence,detect
T1140,Deobfuscate/Decode Files or Information,D3-DA,Dynamic Analysis,detect,Detect,1,Executable File,0.25,artifact_cooccurrence,detect
T1176.001,Browser Extensions,D3-DA,Dynamic Analysis,detect,Detect,1,Executable File,0.25,artifact_cooccurrence,detect
T1176.002,IDE Extensions,D3-DA,Dynamic Analysis,detect,Detect,1,Executable File,0.25,artifact_cooccurrence,detect
T1176,Software Extensions,D3-DA,Dynamic Analysis,detect,Detect,1,Executable File,0.25,artifact_cooccurrence,detect
T1195.001,Compromise Software Dependencies and Development Tools,D3-DA,Dynamic Analysis,detect,Detect,1,Executable File,0.25,artifact_cooccurrence,detect
T1195.002,Compromise Software Supply Chain,D3-DA,Dynamic Analysis,detect,Detect,1,Executable File,0.25,artifact_cooccurrence,detect
T1195,Supply Chain Compromise,D3-DA,Dynamic Analysis,detect,Detect,1,Executable File,0.25,artifact_cooccurrence,detect
T1204.002,Malicious File,D3-DA,Dynamic Analysis,detect,Detect,1,Executable File,0.25,artifact_cooccurrence,detect
T1204,User Execution,D3-DA,Dynamic Analysis,detect,Detect,1,Executable File,0.25,artifact_cooccurrence,detect
T1212,Exploitation for Credential Access,D3-DA,Dynamic Analysis,detect,Detect,1,Executable File,0.25,artifact_cooccurrence,detect
T1218.005,Mshta,D3-DA,Dynamic Analysis,detect,Detect,1,Document File,0.25,artifact_cooccurrence,detect
T1218.014,MMC,D3-DA,Dynamic Analysis,detect,Detect,1,Executable File,0.25,artifact_cooccurrence,detect
T1218,System Binary Proxy Execution,D3-DA,Dynamic Analysis,detect,Detect,2,Document File|Executable File,0.25,artifact_cooccurrence,detect
T1220,XSL Script Processing,D3-DA,Dynamic Analysis,detect,Detect,1,Executable File,0.25,artifact_cooccurrence,detect
T1490,Inhibit System Recovery,D3-DA,Dynamic Analysis,detect,Detect,1,Executable File,0.25,artifact_cooccurrence,detect
T1497.003,Time Based Checks,D3-DA,Dynamic Analysis,detect,Detect,1,Executable File,0.25,artifact_cooccurrence,detect
T1497,Virtualization/Sandbox Evasion,D3-DA,Dynamic Analysis,detect,Detect,1,Executable File,0.25,artifact_cooccurrence,detect
T1505.001,SQL Stored Procedures,D3-DA,Dynamic Analysis,detect,Detect,1,Executable File,0.25,artifact_cooccurrence,detect
T1505.003,Web Shell,D3-DA,Dynamic Analysis,detect,Detect,1,Executable File,0.25,artifact_cooccurrence,detect
T1505.004,IIS Components,D3-DA,Dynamic Analysis,detect,Detect,1,Executable File,0.25,artifact_cooccurrence,detect
T1505,Server Software Component,D3-DA,Dynamic Analysis,detect,Detect,1,Executable File,0.25,artifact_cooccurrence,detect
T1534,Internal Spearphishing,D3-DA,Dynamic Analysis,detect,Detect,1,Document File,0.25,artifact_cooccurrence,detect
T1542.001,System Firmware,D3-DA,Dynamic Analysis,detect,Detect,1,Executable File,0.25,artifact_cooccurrence,detect
T1542.002,Component Firmware,D3-DA,Dynamic Analysis,detect,Detect,1,Executable File,0.25,artifact_cooccurrence,detect
T1542.003,Bootkit,D3-DA,Dynamic Analysis,detect,Detect,1,Executable File,0.25,artifact_cooccurrence,detect
T1542.004,ROMMONkit,D3-DA,Dynamic Analysis,detect,Detect,1,Executable File,0.25,artifact_cooccurrence,detect
T1542,Pre-OS Boot,D3-DA,Dynamic Analysis,detect,Detect,1,Executable File,0.25,artifact_cooccurrence,detect
T1546.002,Screensaver,D3-DA,Dynamic Analysis,detect,Detect,1,Executable File,0.25,artifact_cooccurrence,detect
T1546.005,Trap,D3-DA,Dynamic Analysis,detect,Detect,1,Executable File,0.25,artifact_cooccurrence,detect
T1546.006,LC_LOAD_DYLIB Addition,D3-DA,Dynamic Analysis,detect,Detect,1,Executable File,0.25,artifact_cooccurrence,detect
T1546.008,Accessibility Features,D3-DA,Dynamic Analysis,detect,Detect,1,Executable File,0.25,artifact_cooccurrence,detect
T1546.011,Application Shimming,D3-DA,Dynamic Analysis,detect,Detect,1,Executable File,0.25,artifact_cooccurrence,detect
T1546.013,PowerShell Profile,D3-DA,Dynamic Analysis,detect,Detect,1,Executable File,0.25,artifact_cooccurrence,detect
T1546.015,Component Object Model Hijacking,D3-DA,Dynamic Analysis,detect,Detect,1,Executable File,0.25,artifact_cooccurrence,detect
T1546,Event Triggered Execution,D3-DA,Dynamic Analysis,detect,Detect,1,Executable File,0.25,artifact_cooccurrence,detect
T1547.001,Registry Run Keys / Startup Folder,D3-DA,Dynamic Analysis,detect,Detect,1,Executable File,0.25,artifact_cooccurrence,detect
T1547.008,LSASS Driver,D3-DA,Dynamic Analysis,detect,Detect,1,Executable File,0.25,artifact_cooccurrence,detect
T1547.009,Shortcut Modification,D3-DA,Dynamic Analysis,detect,Detect,1,Executable File,0.25,artifact_cooccurrence,detect
T1547,Boot or Logon Autostart Execution,D3-DA,Dynamic Analysis,detect,Detect,1,Executable File,0.25,artifact_cooccurrence,detect
T1548.002,Bypass User Account Control,D3-DA,Dynamic Analysis,detect,Detect,1,Executable File,0.25,artifact_cooccurrence,detect
T1548,Abuse Elevation Control Mechanism,D3-DA,Dynamic Analysis,detect,Detect,1,Executable File,0.25,artifact_cooccurrence,detect
T1554,Compromise Host Software Binary,D3-DA,Dynamic Analysis,detect,Detect,1,Executable File,0.25,artifact_cooccurrence,detect
T1562.003,Impair Command History Logging,D3-DA,Dynamic Analysis,detect,Detect,1,Executable File,0.25,artifact_cooccurrence,detect
T1562,Impair Defenses,D3-DA,Dynamic Analysis,detect,Detect,1,Executable File,0.25,artifact_cooccurrence,detect
T1564.006,Run Virtual Instance,D3-DA,Dynamic Analysis,detect,Detect,1,Executable File,0.25,artifact_cooccurrence,detect
T1564.007,VBA Stomping,D3-DA,Dynamic Analysis,detect,Detect,1,Document File,0.25,artifact_cooccurrence,detect
T1564,Hide Artifacts,D3-DA,Dynamic Analysis,detect,Detect,2,Document File|Executable File,0.25,artifact_cooccurrence,detect
T1565.003,Runtime Data Manipulation,D3-DA,Dynamic Analysis,detect,Detect,1,Executable File,0.25,artifact_cooccurrence,detect
T1565,Data Manipulation,D3-DA,Dynamic Analysis,detect,Detect,1,Executable File,0.25,artifact_cooccurrence,detect
T1566.001,Spearphishing Attachment,D3-DA,Dynamic Analysis,detect,Detect,1,Document File,0.25,artifact_cooccurrence,detect
T1566.002,Spearphishing Link,D3-DA,Dynamic Analysis,detect,Detect,1,Document File,0.25,artifact_cooccurrence,detect
T1566,Phishing,D3-DA,Dynamic Analysis,detect,Detect,1,Document File,0.25,artifact_cooccurrence,detect
T1574.005,Executable Installer File Permissions Weakness,D3-DA,Dynamic Analysis,detect,Detect,1,Executable File,0.25,artifact_cooccurrence,detect
T1574.007,Path Interception by PATH Environment Variable,D3-DA,Dynamic Analysis,detect,Detect,1,Executable File,0.25,artifact_cooccurrence,detect
T1574.008,Path Interception by Search Order Hijacking,D3-DA,Dynamic Analysis,detect,Detect,1,Executable File,0.25,artifact_cooccurrence,detect
T1574.009,Path Interception by Unquoted Path,D3-DA,Dynamic Analysis,detect,Detect,1,Executable File,0.25,artifact_cooccurrence,detect
T1574.010,Services File Permissions Weakness,D3-DA,Dynamic Analysis,detect,Detect,1,Executable File,0.25,artifact_cooccurrence,detect
T1574,Hijack Execution Flow,D3-DA,Dynamic Analysis,detect,Detect,1,Executable File,0.25,artifact_cooccurrence,detect
T1649,Steal or Forge Authentication Certificates,D3-DA,Dynamic Analysis,detect,Detect,1,Executable File,0.25,artifact_cooccurrence,detect
T1014,Rootkit,D3-EFA,Emulated File Analysis,detect,Detect,1,Executable File,0.25,artifact_cooccurrence,detect
T1016.001,Internet Connection Discovery,D3-EFA,Emulated File Analysis,detect,Detect,1,Executable File,0.25,artifact_cooccurrence,detect
T1016.002,Wi-Fi Discovery,D3-EFA,Emulated File Analysis,detect,Detect,1,Executable File,0.25,artifact_cooccurrence,detect
T1016,System Network Configuration Discovery,D3-EFA,Emulated File Analysis,detect,Detect,1,Executable File,0.25,artifact_cooccurrence,detect
T1027.001,Binary Padding,D3-EFA,Emulated File Analysis,detect,Detect,1,Executable File,0.25,artifact_cooccurrence,detect
T1027.002,Software Packing,D3-EFA,Emulated File Analysis,detect,Detect,1,Executable File,0.25,artifact_cooccurrence,detect
T1027.004,Compile After Delivery,D3-EFA,Emulated File Analysis,detect,Detect,1,Executable File,0.25,artifact_cooccurrence,detect
T1027,Obfuscated Files or Information,D3-EFA,Emulated File Analysis,detect,Detect,1,Executable File,0.25,artifact_cooccurrence,detect
T1036.001,Invalid Code Signature,D3-EFA,Emulated File Analysis,detect,Detect,1,Executable File,0.25,artifact_cooccurrence,detect
T1036.003,Rename Legitimate Utilities,D3-EFA,Emulated File Analysis,detect,Detect,1,Executable File,0.25,artifact_cooccurrence,detect
T1036,Masquerading,D3-EFA,Emulated File Analysis,detect,Detect,1,Executable File,0.25,artifact_cooccurrence,detect
T1037.001,Logon Script (Windows),D3-EFA,Emulated File Analysis,detect,Detect,1,Executable File,0.25,artifact_cooccurrence,detect
T1037.002,Login Hook,D3-EFA,Emulated File Analysis,detect,Detect,1,Executable File,0.25,artifact_cooccurrence,detect
T1037.003,Network Logon Script,D3-EFA,Emulated File Analysis,detect,Detect,1,Executable File,0.25,artifact_cooccurrence,detect
T1037.004,RC Scripts,D3-EFA,Emulated File Analysis,detect,Detect,1,Executable File,0.25,artifact_cooccurrence,detect
T1037,Boot or Logon Initialization Scripts,D3-EFA,Emulated File Analysis,detect,Detect,1,Executable File,0.25,artifact_cooccurrence,detect
T1055.003,Thread Execution Hijacking,D3-EFA,Emulated File Analysis,detect,Detect,1,Executable File,0.25,artifact_cooccurrence,detect
T1055,Process Injection,D3-EFA,Emulated File Analysis,detect,Detect,1,Executable File,0.25,artifact_cooccurrence,detect
T1056.003,Web Portal Capture,D3-EFA,Emulated File Analysis,detect,Detect,1,Executable File,0.25,artifact_cooccurrence,detect
T1056,Input Capture,D3-EFA,Emulated File Analysis,detect,Detect,1,Executable File,0.25,artifact_cooccurrence,detect
T1059.001,PowerShell,D3-EFA,Emulated File Analysis,detect,Detect,1,Executable File,0.25,artifact_cooccurrence,detect
T1059.002,AppleScript,D3-EFA,Emulated File Analysis,detect,Detect,1,Executable File,0.25,artifact_cooccurrence,detect
T1059.003,Windows Command Shell,D3-EFA,Emulated File Analysis,detect,Detect,1,Executable File,0.25,artifact_cooccurrence,detect
T1059.004,Unix Shell,D3-EFA,Emulated File Analysis,detect,Detect,1,Executable File,0.25,artifact_cooccurrence,detect
T1059.005,Visual Basic,D3-EFA,Emulated File Analysis,detect,Detect,1,Executable File,0.25,artifact_cooccurrence,detect
T1059.006,Python,D3-EFA,Emulated File Analysis,detect,Detect,1,Executable File,0.25,artifact_cooccurrence,detect
T1059.007,JavaScript,D3-EFA,Emulated File Analysis,detect,Detect,1,Executable File,0.25,artifact_cooccurrence,detect
T1059.008,Network Device CLI,D3-EFA,Emulated File Analysis,detect,Detect,1,Executable File,0.25,artifact_cooccurrence,detect
T1059.009,Cloud API,D3-EFA,Emulated File Analysis,detect,Detect,1,Executable File,0.25,artifact_cooccurrence,detect
T1059.010,AutoHotKey &amp; AutoIT,D3-EFA,Emulated File Analysis,detect,Detect,1,Executable File,0.25,artifact_cooccurrence,detect
T1059.011,Lua,D3-EFA,Emulated File Analysis,detect,Detect,1,Executable File,0.25,artifact_cooccurrence,detect
T1059.012,Hypervisor CLI,D3-EFA,Emulated File Analysis,detect,Detect,1,Executable File,0.25,artifact_cooccurrence,detect
T1059.013,Container CLI/API,D3-EFA,Emulated File Analysis,detect,Detect,1,Executable File,0.25,artifact_cooccurrence,detect
T1059,Command and Scripting Interpreter,D3-EFA,Emulated File Analysis,detect,Detect,1,Executable File,0.25,artifact_cooccurrence,detect
T1072,Software Deployment Tools,D3-EFA,Emulated File Analysis,detect,Detect,1,Executable File,0.25,artifact_cooccurrence,detect
T1114.001,Local Email Collection,D3-EFA,Emulated File Analysis,detect,Detect,1,Document File,0.25,artifact_cooccurrence,detect
T1114,Email Collection,D3-EFA,Emulated File Analysis,detect,Detect,1,Document File,0.25,artifact_cooccurrence,detect
T1127.001,MSBuild,D3-EFA,Emulated File Analysis,detect,Detect,1,Executable File,0.25,artifact_cooccurrence,detect
T1127,Trusted Developer Utilities Proxy Execution,D3-EFA,Emulated File Analysis,detect,Detect,1,Executable File,0.25,artifact_cooccurrence,detect
T1137.001,Office Template Macros,D3-EFA,Emulated File Analysis,detect,Detect,1,Executable File,0.25,artifact_cooccurrence,detect
T1137.003,Outlook Forms,D3-EFA,Emulated File Analysis,detect,Detect,1,Document File,0.25,artifact_cooccurrence,detect
T1137.006,Add-ins,D3-EFA,Emulated File Analysis,detect,Detect,1,Executable File,0.25,artifact_cooccurrence,detect
T1137,Office Application Startup,D3-EFA,Emulated File Analysis,detect,Detect,2,Document File|Executable File,0.25,artifact_cooccurrence,detect
T1140,Deobfuscate/Decode Files or Information,D3-EFA,Emulated File Analysis,detect,Detect,1,Executable File,0.25,artifact_cooccurrence,detect
T1176.001,Browser Extensions,D3-EFA,Emulated File Analysis,detect,Detect,1,Executable File,0.25,artifact_cooccurrence,detect
T1176.002,IDE Extensions,D3-EFA,Emulated File Analysis,detect,Detect,1,Executable File,0.25,artifact_cooccurrence,detect
T1176,Software Extensions,D3-EFA,Emulated File Analysis,detect,Detect,1,Executable File,0.25,artifact_cooccurrence,detect
T1195.001,Compromise Software Dependencies and Development Tools,D3-EFA,Emulated File Analysis,detect,Detect,1,Executable File,0.25,artifact_cooccurrence,detect
T1195.002,Compromise Software Supply Chain,D3-EFA,Emulated File Analysis,detect,Detect,1,Executable File,0.25,artifact_cooccurrence,detect
T1195,Supply Chain Compromise,D3-EFA,Emulated File Analysis,detect,Detect,1,Executable File,0.25,artifact_cooccurrence,detect
T1204.002,Malicious File,D3-EFA,Emulated File Analysis,detect,Detect,1,Executable File,0.25,artifact_cooccurrence,detect
T1204,User Execution,D3-EFA,Emulated File Analysis,detect,Detect,1,Executable File,0.25,artifact_cooccurrence,detect
T1212,Exploitation for Credential Access,D3-EFA,Emulated File Analysis,detect,Detect,1,Executable File,0.25,artifact_cooccurrence,detect
T1218.005,Mshta,D3-EFA,Emulated File Analysis,detect,Detect,1,Document File,0.25,artifact_cooccurrence,detect
T1218.014,MMC,D3-EFA,Emulated File Analysis,detect,Detect,1,Executable File,0.25,artifact_cooccurrence,detect
T1218,System Binary Proxy Execution,D3-EFA,Emulated File Analysis,detect,Detect,2,Document File|Executable File,0.25,artifact_cooccurrence,detect
T1220,XSL Script Processing,D3-EFA,Emulated File Analysis,detect,Detect,1,Executable File,0.25,artifact_cooccurrence,detect
T1490,Inhibit System Recovery,D3-EFA,Emulated File Analysis,detect,Detect,1,Executable File,0.25,artifact_cooccurrence,detect
T1497.003,Time Based Checks,D3-EFA,Emulated File Analysis,detect,Detect,1,Executable File,0.25,artifact_cooccurrence,detect
T1497,Virtualization/Sandbox Evasion,D3-EFA,Emulated File Analysis,detect,Detect,1,Executable File,0.25,artifact_cooccurrence,detect
T1505.001,SQL Stored Procedures,D3-EFA,Emulated File Analysis,detect,Detect,1,Executable File,0.25,artifact_cooccurrence,detect
T1505.003,Web Shell,D3-EFA,Emulated File Analysis,detect,Detect,1,Executable File,0.25,artifact_cooccurrence,detect
T1505.004,IIS Components,D3-EFA,Emulated File Analysis,detect,Detect,1,Executable File,0.25,artifact_cooccurrence,detect
T1505,Server Software Component,D3-EFA,Emulated File Analysis,detect,Detect,1,Executable File,0.25,artifact_cooccurrence,detect
T1534,Internal Spearphishing,D3-EFA,Emulated File Analysis,detect,Detect,1,Document File,0.25,artifact_cooccurrence,detect
T1542.001,System Firmware,D3-EFA,Emulated File Analysis,detect,Detect,1,Executable File,0.25,artifact_cooccurrence,detect
T1542.002,Component Firmware,D3-EFA,Emulated File Analysis,detect,Detect,1,Executable File,0.25,artifact_cooccurrence,detect
T1542.003,Bootkit,D3-EFA,Emulated File Analysis,detect,Detect,1,Executable File,0.25,artifact_cooccurrence,detect
T1542.004,ROMMONkit,D3-EFA,Emulated File Analysis,detect,Detect,1,Executable File,0.25,artifact_cooccurrence,detect
T1542,Pre-OS Boot,D3-EFA,Emulated File Analysis,detect,Detect,1,Executable File,0.25,artifact_cooccurrence,detect
T1546.002,Screensaver,D3-EFA,Emulated File Analysis,detect,Detect,1,Executable File,0.25,artifact_cooccurrence,detect
T1546.005,Trap,D3-EFA,Emulated File Analysis,detect,Detect,1,Executable File,0.25,artifact_cooccurrence,detect
T1546.006,LC_LOAD_DYLIB Addition,D3-EFA,Emulated File Analysis,detect,Detect,1,Executable File,0.25,artifact_cooccurrence,detect
T1546.008,Accessibility Features,D3-EFA,Emulated File Analysis,detect,Detect,1,Executable File,0.25,artifact_cooccurrence,detect
T1546.011,Application Shimming,D3-EFA,Emulated File Analysis,detect,Detect,1,Executable File,0.25,artifact_cooccurrence,detect
T1546.013,PowerShell Profile,D3-EFA,Emulated File Analysis,detect,Detect,1,Executable File,0.25,artifact_cooccurrence,detect
T1546.015,Component Object Model Hijacking,D3-EFA,Emulated File Analysis,detect,Detect,1,Executable File,0.25,artifact_cooccurrence,detect
T1546,Event Triggered Execution,D3-EFA,Emulated File Analysis,detect,Detect,1,Executable File,0.25,artifact_cooccurrence,detect
T1547.001,Registry Run Keys / Startup Folder,D3-EFA,Emulated File Analysis,detect,Detect,1,Executable File,0.25,artifact_cooccurrence,detect
T1547.008,LSASS Driver,D3-EFA,Emulated File Analysis,detect,Detect,1,Executable File,0.25,artifact_cooccurrence,detect
T1547.009,Shortcut Modification,D3-EFA,Emulated File Analysis,detect,Detect,1,Executable File,0.25,artifact_cooccurrence,detect
T1547,Boot or Logon Autostart Execution,D3-EFA,Emulated File Analysis,detect,Detect,1,Executable File,0.25,artifact_cooccurrence,detect
T1548.002,Bypass User Account Control,D3-EFA,Emulated File Analysis,detect,Detect,1,Executable File,0.25,artifact_cooccurrence,detect
T1548,Abuse Elevation Control Mechanism,D3-EFA,Emulated File Analysis,detect,Detect,1,Executable File,0.25,artifact_cooccurrence,detect
T1554,Compromise Host Software Binary,D3-EFA,Emulated File Analysis,detect,Detect,1,Executable File,0.25,artifact_cooccurrence,detect
T1562.003,Impair Command History Logging,D3-EFA,Emulated File Analysis,detect,Detect,1,Executable File,0.25,artifact_cooccurrence,detect
T1562,Impair Defenses,D3-EFA,Emulated File Analysis,detect,Detect,1,Executable File,0.25,artifact_cooccurrence,detect
T1564.006,Run Virtual Instance,D3-EFA,Emulated File Analysis,detect,Detect,1,Executable File,0.25,artifact_cooccurrence,detect
T1564.007,VBA Stomping,D3-EFA,Emulated File Analysis,detect,Detect,1,Document File,0.25,artifact_cooccurrence,detect
T1564,Hide Artifacts,D3-EFA,Emulated File Analysis,detect,Detect,2,Document File|Executable File,0.25,artifact_cooccurrence,detect
T1565.003,Runtime Data Manipulation,D3-EFA,Emulated File Analysis,detect,Detect,1,Executable File,0.25,artifact_cooccurrence,detect
T1565,Data Manipulation,D3-EFA,Emulated File Analysis,detect,Detect,1,Executable File,0.25,artifact_cooccurrence,detect
T1566.001,Spearphishing Attachment,D3-EFA,Emulated File Analysis,detect,Detect,1,Document File,0.25,artifact_cooccurrence,detect
T1566.002,Spearphishing Link,D3-EFA,Emulated File Analysis,detect,Detect,1,Document File,0.25,artifact_cooccurrence,detect
T1566,Phishing,D3-EFA,Emulated File Analysis,detect,Detect,1,Document File,0.25,artifact_cooccurrence,detect
T1574.005,Executable Installer File Permissions Weakness,D3-EFA,Emulated File Analysis,detect,Detect,1,Executable File,0.25,artifact_cooccurrence,detect
T1574.007,Path Interception by PATH Environment Variable,D3-EFA,Emulated File Analysis,detect,Detect,1,Executable File,0.25,artifact_cooccurrence,detect
T1574.008,Path Interception by Search Order Hijacking,D3-EFA,Emulated File Analysis,detect,Detect,1,Executable File,0.25,artifact_cooccurrence,detect
T1574.009,Path Interception by Unquoted Path,D3-EFA,Emulated File Analysis,detect,Detect,1,Executable File,0.25,artifact_cooccurrence,detect
T1574.010,Services File Permissions Weakness,D3-EFA,Emulated File Analysis,detect,Detect,1,Executable File,0.25,artifact_cooccurrence,detect
T1574,Hijack Execution Flow,D3-EFA,Emulated File Analysis,detect,Detect,1,Executable File,0.25,artifact_cooccurrence,detect
T1649,Steal or Forge Authentication Certificates,D3-EFA,Emulated File Analysis,detect,Detect,1,Executable File,0.25,artifact_cooccurrence,detect
T1003.007,Proc Filesystem,D3-HD,Homoglyph Detection,detect,Detect,1,URL,0.25,artifact_cooccurrence,detect
T1003.008,/etc/passwd and /etc/shadow,D3-HD,Homoglyph Detection,detect,Detect,1,URL,0.25,artifact_cooccurrence,detect
T1003,OS Credential Dumping,D3-HD,Homoglyph Detection,detect,Detect,1,URL,0.25,artifact_cooccurrence,detect
T1005,Data from Local System,D3-HD,Homoglyph Detection,detect,Detect,1,URL,0.25,artifact_cooccurrence,detect
T1014,Rootkit,D3-HD,Homoglyph Detection,detect,Detect,1,URL,0.25,artifact_cooccurrence,detect
T1016.001,Internet Connection Discovery,D3-HD,Homoglyph Detection,detect,Detect,1,URL,0.25,artifact_cooccurrence,detect
T1016.002,Wi-Fi Discovery,D3-HD,Homoglyph Detection,detect,Detect,1,URL,0.25,artifact_cooccurrence,detect
T1016,System Network Configuration Discovery,D3-HD,Homoglyph Detection,detect,Detect,1,URL,0.25,artifact_cooccurrence,detect
T1018,Remote System Discovery,D3-HD,Homoglyph Detection,detect,Detect,1,URL,0.25,artifact_cooccurrence,detect
T1027.001,Binary Padding,D3-HD,Homoglyph Detection,detect,Detect,1,URL,0.25,artifact_cooccurrence,detect
T1027.002,Software Packing,D3-HD,Homoglyph Detection,detect,Detect,1,URL,0.25,artifact_cooccurrence,detect
T1027.004,Compile After Delivery,D3-HD,Homoglyph Detection,detect,Detect,1,URL,0.25,artifact_cooccurrence,detect
T1027,Obfuscated Files or Information,D3-HD,Homoglyph Detection,detect,Detect,1,URL,0.25,artifact_cooccurrence,detect
T1033,System Owner/User Discovery,D3-HD,Homoglyph Detection,detect,Detect,1,URL,0.25,artifact_cooccurrence,detect
T1036.001,Invalid Code Signature,D3-HD,Homoglyph Detection,detect,Detect,1,URL,0.25,artifact_cooccurrence,detect
T1036.003,Rename Legitimate Utilities,D3-HD,Homoglyph Detection,detect,Detect,1,URL,0.25,artifact_cooccurrence,detect
T1036.005,Match Legitimate Resource Name or Location,D3-HD,Homoglyph Detection,detect,Detect,1,URL,0.25,artifact_cooccurrence,detect
T1036.006,Space after Filename,D3-HD,Homoglyph Detection,detect,Detect,1,URL,0.25,artifact_cooccurrence,detect
T1036,Masquerading,D3-HD,Homoglyph Detection,detect,Detect,1,URL,0.25,artifact_cooccurrence,detect
T1037.001,Logon Script (Windows),D3-HD,Homoglyph Detection,detect,Detect,1,URL,0.25,artifact_cooccurrence,detect
T1037.002,Login Hook,D3-HD,Homoglyph Detection,detect,Detect,1,URL,0.25,artifact_cooccurrence,detect
T1037.003,Network Logon Script,D3-HD,Homoglyph Detection,detect,Detect,1,URL,0.25,artifact_cooccurrence,detect
T1037.004,RC Scripts,D3-HD,Homoglyph Detection,detect,Detect,1,URL,0.25,artifact_cooccurrence,detect
T1037.005,Startup Items,D3-HD,Homoglyph Detection,detect,Detect,1,URL,0.25,artifact_cooccurrence,detect
T1037,Boot or Logon Initialization Scripts,D3-HD,Homoglyph Detection,detect,Detect,1,URL,0.25,artifact_cooccurrence,detect
T1041,Exfiltration Over C2 Channel,D3-HD,Homoglyph Detection,detect,Detect,1,URL,0.25,artifact_cooccurrence,detect
T1048.002,Exfiltration Over Asymmetric Encrypted Non-C2 Protocol,D3-HD,Homoglyph Detection,detect,Detect,1,URL,0.25,artifact_cooccurrence,detect
T1048,Exfiltration Over Alternative Protocol,D3-HD,Homoglyph Detection,detect,Detect,1,URL,0.25,artifact_cooccurrence,detect
T1053.004,Launchd,D3-HD,Homoglyph Detection,detect,Detect,1,URL,0.25,artifact_cooccurrence,detect
T1053,Scheduled Task/Job,D3-HD,Homoglyph Detection,detect,Detect,1,URL,0.25,artifact_cooccurrence,detect
T1055.001,Dynamic-link Library Injection,D3-HD,Homoglyph Detection,detect,Detect,1,URL,0.25,artifact_cooccurrence,detect
T1055.002,Portable Executable Injection,D3-HD,Homoglyph Detection,detect,Detect,1,URL,0.25,artifact_cooccurrence,detect
T1055.003,Thread Execution Hijacking,D3-HD,Homoglyph Detection,detect,Detect,1,URL,0.25,artifact_cooccurrence,detect
T1055.009,Proc Memory,D3-HD,Homoglyph Detection,detect,Detect,1,URL,0.25,artifact_cooccurrence,detect
T1055.014,VDSO Hijacking,D3-HD,Homoglyph Detection,detect,Detect,1,URL,0.25,artifact_cooccurrence,detect
T1055,Process Injection,D3-HD,Homoglyph Detection,detect,Detect,1,URL,0.25,artifact_cooccurrence,detect
T1059.001,PowerShell,D3-HD,Homoglyph Detection,detect,Detect,1,URL,0.25,artifact_cooccurrence,detect
T1059.002,AppleScript,D3-HD,Homoglyph Detection,detect,Detect,1,URL,0.25,artifact_cooccurrence,detect
T1059.003,Windows Command Shell,D3-HD,Homoglyph Detection,detect,Detect,1,URL,0.25,artifact_cooccurrence,detect
T1059.004,Unix Shell,D3-HD,Homoglyph Detection,detect,Detect,1,URL,0.25,artifact_cooccurrence,detect
T1059.005,Visual Basic,D3-HD,Homoglyph Detection,detect,Detect,1,URL,0.25,artifact_cooccurrence,detect
T1059.006,Python,D3-HD,Homoglyph Detection,detect,Detect,1,URL,0.25,artifact_cooccurrence,detect
T1059.007,JavaScript,D3-HD,Homoglyph Detection,detect,Detect,1,URL,0.25,artifact_cooccurrence,detect
T1059.008,Network Device CLI,D3-HD,Homoglyph Detection,detect,Detect,1,URL,0.25,artifact_cooccurrence,detect
T1059.009,Cloud API,D3-HD,Homoglyph Detection,detect,Detect,1,URL,0.25,artifact_cooccurrence,detect
T1059.010,AutoHotKey &amp; AutoIT,D3-HD,Homoglyph Detection,detect,Detect,1,URL,0.25,artifact_cooccurrence,detect
T1059.011,Lua,D3-HD,Homoglyph Detection,detect,Detect,1,URL,0.25,artifact_cooccurrence,detect
T1059.012,Hypervisor CLI,D3-HD,Homoglyph Detection,detect,Detect,1,URL,0.25,artifact_cooccurrence,detect
T1059.013,Container CLI/API,D3-HD,Homoglyph Detection,detect,Detect,1,URL,0.25,artifact_cooccurrence,detect
T1059,Command and Scripting Interpreter,D3-HD,Homoglyph Detection,detect,Detect,1,URL,0.25,artifact_cooccurrence,detect
T1070.002,Clear Linux or Mac System Logs,D3-HD,Homoglyph Detection,detect,Detect,1,URL,0.25,artifact_cooccurrence,detect
T1070.004,File Deletion,D3-HD,Homoglyph Detection,detect,Detect,1,URL,0.25,artifact_cooccurrence,detect
T1070,Indicator Removal,D3-HD,Homoglyph Detection,detect,Detect,1,URL,0.25,artifact_cooccurrence,detect
T1071.001,Web Protocols,D3-HD,Homoglyph Detection,detect,Detect,1,URL,0.25,artifact_cooccurrence,detect
T1071.002,File Transfer Protocols,D3-HD,Homoglyph Detection,detect,Detect,1,URL,0.25,artifact_cooccurrence,detect
T1071.003,Mail Protocols,D3-HD,Homoglyph Detection,detect,Detect,1,URL,0.25,artifact_cooccurrence,detect
T1071.004,DNS,D3-HD,Homoglyph Detection,detect,Detect,1,URL,0.25,artifact_cooccurrence,detect
T1071.005,Publish/Subscribe Protocols,D3-HD,Homoglyph Detection,detect,Detect,1,URL,0.25,artifact_cooccurrence,detect
T1071,Application Layer Protocol,D3-HD,Homoglyph Detection,detect,Detect,1,URL,0.25,artifact_cooccurrence,detect
T1072,Software Deployment Tools,D3-HD,Homoglyph Detection,detect,Detect,1,URL,0.25,artifact_cooccurrence,detect
T1074.001,Local Data Staging,D3-HD,Homoglyph Detection,detect,Detect,1,URL,0.25,artifact_cooccurrence,detect
T1074,Data Staged,D3-HD,Homoglyph Detection,detect,Detect,1,URL,0.25,artifact_cooccurrence,detect
T1083,File and Directory Discovery,D3-HD,Homoglyph Detection,detect,Detect,1,URL,0.25,artifact_cooccurrence,detect
T1090.004,Domain Fronting,D3-HD,Homoglyph Detection,detect,Detect,1,URL,0.25,artifact_cooccurrence,detect
T1090,Proxy,D3-HD,Homoglyph Detection,detect,Detect,1,URL,0.25,artifact_cooccurrence,detect
T1102.001,Dead Drop Resolver,D3-HD,Homoglyph Detection,detect,Detect,1,URL,0.25,artifact_cooccurrence,detect
T1102.002,Bidirectional Communication,D3-HD,Homoglyph Detection,detect,Detect,1,URL,0.25,artifact_cooccurrence,detect
T1102.003,One-Way Communication,D3-HD,Homoglyph Detection,detect,Detect,1,URL,0.25,artifact_cooccurrence,detect
T1102,Web Service,D3-HD,Homoglyph Detection,detect,Detect,1,URL,0.25,artifact_cooccurrence,detect
T1114.001,Local Email Collection,D3-HD,Homoglyph Detection,detect,Detect,2,Email|URL,0.25,artifact_cooccurrence,detect
T1114,Email Collection,D3-HD,Homoglyph Detection,detect,Detect,2,Email|URL,0.25,artifact_cooccurrence,detect
T1119,Automated Collection,D3-HD,Homoglyph Detection,detect,Detect,1,URL,0.25,artifact_cooccurrence,detect
T1127.001,MSBuild,D3-HD,Homoglyph Detection,detect,Detect,1,URL,0.25,artifact_cooccurrence,detect
T1127,Trusted Developer Utilities Proxy Execution,D3-HD,Homoglyph Detection,detect,Detect,1,URL,0.25,artifact_cooccurrence,detect
T1137.001,Office Template Macros,D3-HD,Homoglyph Detection,detect,Detect,1,URL,0.25,artifact_cooccurrence,detect
T1137.003,Outlook Forms,D3-HD,Homoglyph Detection,detect,Detect,1,URL,0.25,artifact_cooccurrence,detect
T1137,Office Application Startup,D3-HD,Homoglyph Detection,detect,Detect,1,URL,0.25,artifact_cooccurrence,detect
T1140,Deobfuscate/Decode Files or Information,D3-HD,Homoglyph Detection,detect,Detect,1,URL,0.25,artifact_cooccurrence,detect
T1187,Forced Authentication,D3-HD,Homoglyph Detection,detect,Detect,1,URL,0.25,artifact_cooccurrence,detect
T1189,Drive-by Compromise,D3-HD,Homoglyph Detection,detect,Detect,1,URL,0.25,artifact_cooccurrence,detect
T1197,BITS Jobs,D3-HD,Homoglyph Detection,detect,Detect,1,URL,0.25,artifact_cooccurrence,detect
T1204.001,Malicious Link,D3-HD,Homoglyph Detection,detect,Detect,1,URL,0.25,artifact_cooccurrence,detect
T1204.002,Malicious File,D3-HD,Homoglyph Detection,detect,Detect,1,URL,0.25,artifact_cooccurrence,detect
T1204,User Execution,D3-HD,Homoglyph Detection,detect,Detect,1,URL,0.25,artifact_cooccurrence,detect
T1213.001,Confluence,D3-HD,Homoglyph Detection,detect,Detect,1,URL,0.25,artifact_cooccurrence,detect
T1213.002,Sharepoint,D3-HD,Homoglyph Detection,detect,Detect,1,URL,0.25,artifact_cooccurrence,detect
T1213,Data from Information Repositories,D3-HD,Homoglyph Detection,detect,Detect,1,URL,0.25,artifact_cooccurrence,detect
T1218.005,Mshta,D3-HD,Homoglyph Detection,detect,Detect,1,URL,0.25,artifact_cooccurrence,detect
T1218.011,Rundll32,D3-HD,Homoglyph Detection,detect,Detect,1,URL,0.25,artifact_cooccurrence,detect
T1218,System Binary Proxy Execution,D3-HD,Homoglyph Detection,detect,Detect,1,URL,0.25,artifact_cooccurrence,detect
T1220,XSL Script Processing,D3-HD,Homoglyph Detection,detect,Detect,1,URL,0.25,artifact_cooccurrence,detect
T1486,Data Encrypted for Impact,D3-HD,Homoglyph Detection,detect,Detect,1,URL,0.25,artifact_cooccurrence,detect
T1505.003,Web Shell,D3-HD,Homoglyph Detection,detect,Detect,1,URL,0.25,artifact_cooccurrence,detect
T1505,Server Software Component,D3-HD,Homoglyph Detection,detect,Detect,1,URL,0.25,artifact_cooccurrence,detect
T1534,Internal Spearphishing,D3-HD,Homoglyph Detection,detect,Detect,2,Email|URL,0.25,artifact_cooccurrence,detect
T1543.001,Launch Agent,D3-HD,Homoglyph Detection,detect,Detect,1,URL,0.25,artifact_cooccurrence,detect
T1543.002,Systemd Service,D3-HD,Homoglyph Detection,detect,Detect,1,URL,0.25,artifact_cooccurrence,detect
T1543.004,Launch Daemon,D3-HD,Homoglyph Detection,detect,Detect,1,URL,0.25,artifact_cooccurrence,detect
T1543,Create or Modify System Process,D3-HD,Homoglyph Detection,detect,Detect,1,URL,0.25,artifact_cooccurrence,detect
T1546.002,Screensaver,D3-HD,Homoglyph Detection,detect,Detect,1,URL,0.25,artifact_cooccurrence,detect
T1546.004,Unix Shell Configuration Modification,D3-HD,Homoglyph Detection,detect,Detect,1,URL,0.25,artifact_cooccurrence,detect
T1546.005,Trap,D3-HD,Homoglyph Detection,detect,Detect,1,URL,0.25,artifact_cooccurrence,detect
T1546.006,LC_LOAD_DYLIB Addition,D3-HD,Homoglyph Detection,detect,Detect,1,URL,0.25,artifact_cooccurrence,detect
T1546.008,Accessibility Features,D3-HD,Homoglyph Detection,detect,Detect,1,URL,0.25,artifact_cooccurrence,detect
T1546.009,AppCert DLLs,D3-HD,Homoglyph Detection,detect,Detect,1,URL,0.25,artifact_cooccurrence,detect
T1546.010,AppInit DLLs,D3-HD,Homoglyph Detection,detect,Detect,1,URL,0.25,artifact_cooccurrence,detect
T1546.013,PowerShell Profile,D3-HD,Homoglyph Detection,detect,Detect,1,URL,0.25,artifact_cooccurrence,detect
T1546.014,Emond,D3-HD,Homoglyph Detection,detect,Detect,1,URL,0.25,artifact_cooccurrence,detect
T1546.015,Component Object Model Hijacking,D3-HD,Homoglyph Detection,detect,Detect,1,URL,0.25,artifact_cooccurrence,detect
T1546,Event Triggered Execution,D3-HD,Homoglyph Detection,detect,Detect,1,URL,0.25,artifact_cooccurrence,detect
T1547.001,Registry Run Keys / Startup Folder,D3-HD,Homoglyph Detection,detect,Detect,1,URL,0.25,artifact_cooccurrence,detect
T1547.006,Kernel Modules and Extensions,D3-HD,Homoglyph Detection,detect,Detect,1,URL,0.25,artifact_cooccurrence,detect
T1547.007,Re-opened Applications,D3-HD,Homoglyph Detection,detect,Detect,1,URL,0.25,artifact_cooccurrence,detect
T1547.008,LSASS Driver,D3-HD,Homoglyph Detection,detect,Detect,1,URL,0.25,artifact_cooccurrence,detect
T1547.009,Shortcut Modification,D3-HD,Homoglyph Detection,detect,Detect,1,URL,0.25,artifact_cooccurrence,detect
T1547.011,Plist Modification,D3-HD,Homoglyph Detection,detect,Detect,1,URL,0.25,artifact_cooccurrence,detect
T1547,Boot or Logon Autostart Execution,D3-HD,Homoglyph Detection,detect,Detect,1,URL,0.25,artifact_cooccurrence,detect
T1548.002,Bypass User Account Control,D3-HD,Homoglyph Detection,detect,Detect,1,URL,0.25,artifact_cooccurrence,detect
T1548.003,Sudo and Sudo Caching,D3-HD,Homoglyph Detection,detect,Detect,1,URL,0.25,artifact_cooccurrence,detect
T1548,Abuse Elevation Control Mechanism,D3-HD,Homoglyph Detection,detect,Detect,1,URL,0.25,artifact_cooccurrence,detect
T1552.001,Credentials In Files,D3-HD,Homoglyph Detection,detect,Detect,1,URL,0.25,artifact_cooccurrence,detect
T1552.003,Shell History,D3-HD,Homoglyph Detection,detect,Detect,1,URL,0.25,artifact_cooccurrence,detect
T1552,Unsecured Credentials,D3-HD,Homoglyph Detection,detect,Detect,1,URL,0.25,artifact_cooccurrence,detect
T1555.001,Keychain,D3-HD,Homoglyph Detection,detect,Detect,1,URL,0.25,artifact_cooccurrence,detect
T1555.002,Securityd Memory,D3-HD,Homoglyph Detection,detect,Detect,1,URL,0.25,artifact_cooccurrence,detect
T1555.003,Credentials from Web Browsers,D3-HD,Homoglyph Detection,detect,Detect,1,URL,0.25,artifact_cooccurrence,detect
T1555.004,Windows Credential Manager,D3-HD,Homoglyph Detection,detect,Detect,1,URL,0.25,artifact_cooccurrence,detect
T1555.005,Password Managers,D3-HD,Homoglyph Detection,detect,Detect,1,URL,0.25,artifact_cooccurrence,detect
T1555.006,Cloud Secrets Management Stores,D3-HD,Homoglyph Detection,detect,Detect,1,URL,0.25,artifact_cooccurrence,detect
T1555,Credentials from Password Stores,D3-HD,Homoglyph Detection,detect,Detect,1,URL,0.25,artifact_cooccurrence,detect
T1556.002,Password Filter DLL,D3-HD,Homoglyph Detection,detect,Detect,1,URL,0.25,artifact_cooccurrence,detect
T1556.003,Pluggable Authentication Modules,D3-HD,Homoglyph Detection,detect,Detect,1,URL,0.25,artifact_cooccurrence,detect
T1556,Modify Authentication Process,D3-HD,Homoglyph Detection,detect,Detect,1,URL,0.25,artifact_cooccurrence,detect
T1560.001,Archive via Utility,D3-HD,Homoglyph Detection,detect,Detect,1,URL,0.25,artifact_cooccurrence,detect
T1560.002,Archive via Library,D3-HD,Homoglyph Detection,detect,Detect,1,URL,0.25,artifact_cooccurrence,detect
T1560.003,Archive via Custom Method,D3-HD,Homoglyph Detection,detect,Detect,1,URL,0.25,artifact_cooccurrence,detect
T1560,Archive Collected Data,D3-HD,Homoglyph Detection,detect,Detect,1,URL,0.25,artifact_cooccurrence,detect
T1562.003,Impair Command History Logging,D3-HD,Homoglyph Detection,detect,Detect,1,URL,0.25,artifact_cooccurrence,detect
T1562,Impair Defenses,D3-HD,Homoglyph Detection,detect,Detect,1,URL,0.25,artifact_cooccurrence,detect
T1564.002,Hidden Users,D3-HD,Homoglyph Detection,detect,Detect,1,URL,0.25,artifact_cooccurrence,detect
T1564.003,Hidden Window,D3-HD,Homoglyph Detection,detect,Detect,1,URL,0.25,artifact_cooccurrence,detect
T1564.005,Hidden File System,D3-HD,Homoglyph Detection,detect,Detect,1,URL,0.25,artifact_cooccurrence,detect
T1564.006,Run Virtual Instance,D3-HD,Homoglyph Detection,detect,Detect,1,URL,0.25,artifact_cooccurrence,detect
T1564.007,VBA Stomping,D3-HD,Homoglyph Detection,detect,Detect,1,URL,0.25,artifact_cooccurrence,detect
T1564,Hide Artifacts,D3-HD,Homoglyph Detection,detect,Detect,1,URL,0.25,artifact_cooccurrence,detect
T1565.001,Stored Data Manipulation,D3-HD,Homoglyph Detection,detect,Detect,1,URL,0.25,artifact_cooccurrence,detect
T1565.003,Runtime Data Manipulation,D3-HD,Homoglyph Detection,detect,Detect,1,URL,0.25,artifact_cooccurrence,detect
T1565,Data Manipulation,D3-HD,Homoglyph Detection,detect,Detect,1,URL,0.25,artifact_cooccurrence,detect
T1566.001,Spearphishing Attachment,D3-HD,Homoglyph Detection,detect,Detect,2,Email|URL,0.25,artifact_cooccurrence,detect
T1566.002,Spearphishing Link,D3-HD,Homoglyph Detection,detect,Detect,2,Email|URL,0.25,artifact_cooccurrence,detect
T1566.003,Spearphishing via Service,D3-HD,Homoglyph Detection,detect,Detect,1,URL,0.25,artifact_cooccurrence,detect
T1566,Phishing,D3-HD,Homoglyph Detection,detect,Detect,2,Email|URL,0.25,artifact_cooccurrence,detect
T1567.001,Exfiltration to Code Repository,D3-HD,Homoglyph Detection,detect,Detect,1,URL,0.25,artifact_cooccurrence,detect
T1567.002,Exfiltration to Cloud Storage,D3-HD,Homoglyph Detection,detect,Detect,1,URL,0.25,artifact_cooccurrence,detect
T1567.003,Exfiltration to Text Storage Sites,D3-HD,Homoglyph Detection,detect,Detect,1,URL,0.25,artifact_cooccurrence,detect
T1567.004,Exfiltration Over Webhook,D3-HD,Homoglyph Detection,detect,Detect,1,URL,0.25,artifact_cooccurrence,detect
T1567,Exfiltration Over Web Service,D3-HD,Homoglyph Detection,detect,Detect,1,URL,0.25,artifact_cooccurrence,detect
T1573.002,Asymmetric Cryptography,D3-HD,Homoglyph Detection,detect,Detect,1,URL,0.25,artifact_cooccurrence,detect
T1573,Encrypted Channel,D3-HD,Homoglyph Detection,detect,Detect,1,URL,0.25,artifact_cooccurrence,detect
T1574.001,DLL,D3-HD,Homoglyph Detection,detect,Detect,1,URL,0.25,artifact_cooccurrence,detect
T1574.002,DLL Side-Loading,D3-HD,Homoglyph Detection,detect,Detect,1,URL,0.25,artifact_cooccurrence,detect
T1574.004,Dylib Hijacking,D3-HD,Homoglyph Detection,detect,Detect,1,URL,0.25,artifact_cooccurrence,detect
T1574.006,Dynamic Linker Hijacking,D3-HD,Homoglyph Detection,detect,Detect,1,URL,0.25,artifact_cooccurrence,detect
T1574.007,Path Interception by PATH Environment Variable,D3-HD,Homoglyph Detection,detect,Detect,1,URL,0.25,artifact_cooccurrence,detect
T1574.008,Path Interception by Search Order Hijacking,D3-HD,Homoglyph Detection,detect,Detect,1,URL,0.25,artifact_cooccurrence,detect
T1574.009,Path Interception by Unquoted Path,D3-HD,Homoglyph Detection,detect,Detect,1,URL,0.25,artifact_cooccurrence,detect
T1574.012,COR_PROFILER,D3-HD,Homoglyph Detection,detect,Detect,1,URL,0.25,artifact_cooccurrence,detect
T1574,Hijack Execution Flow,D3-HD,Homoglyph Detection,detect,Detect,1,URL,0.25,artifact_cooccurrence,detect
T1619,Cloud Storage Object Discovery,D3-HD,Homoglyph Detection,detect,Detect,1,URL,0.25,artifact_cooccurrence,detect
T1649,Steal or Forge Authentication Certificates,D3-HD,Homoglyph Detection,detect,Detect,1,URL,0.25,artifact_cooccurrence,detect
T1001.001,Junk Data,D3-DNRA,Domain Name Reputation Analysis,detect,Detect,1,Domain Name,0.25,artifact_cooccurrence,detect
T1001.002,Steganography,D3-DNRA,Domain Name Reputation Analysis,detect,Detect,1,Domain Name,0.25,artifact_cooccurrence,detect
T1001.003,Protocol or Service Impersonation,D3-DNRA,Domain Name Reputation Analysis,detect,Detect,1,Domain Name,0.25,artifact_cooccurrence,detect
T1001,Data Obfuscation,D3-DNRA,Domain Name Reputation Analysis,detect,Detect,1,Domain Name,0.25,artifact_cooccurrence,detect
T1003.006,DCSync,D3-DNRA,Domain Name Reputation Analysis,detect,Detect,1,Domain Name,0.25,artifact_cooccurrence,detect
T1003,OS Credential Dumping,D3-DNRA,Domain Name Reputation Analysis,detect,Detect,1,Domain Name,0.25,artifact_cooccurrence,detect
T1008,Fallback Channels,D3-DNRA,Domain Name Reputation Analysis,detect,Detect,1,Domain Name,0.25,artifact_cooccurrence,detect
T1011.001,Exfiltration Over Bluetooth,D3-DNRA,Domain Name Reputation Analysis,detect,Detect,1,Domain Name,0.25,artifact_cooccurrence,detect
T1011,Exfiltration Over Other Network Medium,D3-DNRA,Domain Name Reputation Analysis,detect,Detect,1,Domain Name,0.25,artifact_cooccurrence,detect
T1018,Remote System Discovery,D3-DNRA,Domain Name Reputation Analysis,detect,Detect,1,Domain Name,0.25,artifact_cooccurrence,detect
T1020.001,Traffic Duplication,D3-DNRA,Domain Name Reputation Analysis,detect,Detect,1,Domain Name,0.25,artifact_cooccurrence,detect
T1020,Automated Exfiltration,D3-DNRA,Domain Name Reputation Analysis,detect,Detect,1,Domain Name,0.25,artifact_cooccurrence,detect
T1021.001,Remote Desktop Protocol,D3-DNRA,Domain Name Reputation Analysis,detect,Detect,1,Domain Name,0.25,artifact_cooccurrence,detect
T1021.002,SMB/Windows Admin Shares,D3-DNRA,Domain Name Reputation Analysis,detect,Detect,1,Domain Name,0.25,artifact_cooccurrence,detect
T1021.003,Distributed Component Object Model,D3-DNRA,Domain Name Reputation Analysis,detect,Detect,1,Domain Name,0.25,artifact_cooccurrence,detect
T1021.004,SSH,D3-DNRA,Domain Name Reputation Analysis,detect,Detect,1,Domain Name,0.25,artifact_cooccurrence,detect
T1021.005,VNC,D3-DNRA,Domain Name Reputation Analysis,detect,Detect,1,Domain Name,0.25,artifact_cooccurrence,detect
T1021.006,Windows Remote Management,D3-DNRA,Domain Name Reputation Analysis,detect,Detect,1,Domain Name,0.25,artifact_cooccurrence,detect
T1021.007,Cloud Services,D3-DNRA,Domain Name Reputation Analysis,detect,Detect,1,Domain Name,0.25,artifact_cooccurrence,detect
T1021.008,Direct Cloud VM Connections,D3-DNRA,Domain Name Reputation Analysis,detect,Detect,1,Domain Name,0.25,artifact_cooccurrence,detect
T1021,Remote Services,D3-DNRA,Domain Name Reputation Analysis,detect,Detect,1,Domain Name,0.25,artifact_cooccurrence,detect
T1029,Scheduled Transfer,D3-DNRA,Domain Name Reputation Analysis,detect,Detect,1,Domain Name,0.25,artifact_cooccurrence,detect
T1030,Data Transfer Size Limits,D3-DNRA,Domain Name Reputation Analysis,detect,Detect,1,Domain Name,0.25,artifact_cooccurrence,detect
T1041,Exfiltration Over C2 Channel,D3-DNRA,Domain Name Reputation Analysis,detect,Detect,1,Domain Name,0.25,artifact_cooccurrence,detect
T1047,Windows Management Instrumentation,D3-DNRA,Domain Name Reputation Analysis,detect,Detect,1,Domain Name,0.25,artifact_cooccurrence,detect
T1048.001,Exfiltration Over Symmetric Encrypted Non-C2 Protocol,D3-DNRA,Domain Name Reputation Analysis,detect,Detect,1,Domain Name,0.25,artifact_cooccurrence,detect
T1048.002,Exfiltration Over Asymmetric Encrypted Non-C2 Protocol,D3-DNRA,Domain Name Reputation Analysis,detect,Detect,1,Domain Name,0.25,artifact_cooccurrence,detect
T1048.003,Exfiltration Over Unencrypted Non-C2 Protocol,D3-DNRA,Domain Name Reputation Analysis,detect,Detect,1,Domain Name,0.25,artifact_cooccurrence,detect
T1048,Exfiltration Over Alternative Protocol,D3-DNRA,Domain Name Reputation Analysis,detect,Detect,1,Domain Name,0.25,artifact_cooccurrence,detect
T1071.001,Web Protocols,D3-DNRA,Domain Name Reputation Analysis,detect,Detect,1,Domain Name,0.25,artifact_cooccurrence,detect
T1071.002,File Transfer Protocols,D3-DNRA,Domain Name Reputation Analysis,detect,Detect,1,Domain Name,0.25,artifact_cooccurrence,detect
T1071.003,Mail Protocols,D3-DNRA,Domain Name Reputation Analysis,detect,Detect,1,Domain Name,0.25,artifact_cooccurrence,detect
T1071.004,DNS,D3-DNRA,Domain Name Reputation Analysis,detect,Detect,1,Domain Name,0.25,artifact_cooccurrence,detect
T1071.005,Publish/Subscribe Protocols,D3-DNRA,Domain Name Reputation Analysis,detect,Detect,1,Domain Name,0.25,artifact_cooccurrence,detect
T1071,Application Layer Protocol,D3-DNRA,Domain Name Reputation Analysis,detect,Detect,1,Domain Name,0.25,artifact_cooccurrence,detect
T1090.001,Internal Proxy,D3-DNRA,Domain Name Reputation Analysis,detect,Detect,1,Domain Name,0.25,artifact_cooccurrence,detect
T1090.002,External Proxy,D3-DNRA,Domain Name Reputation Analysis,detect,Detect,1,Domain Name,0.25,artifact_cooccurrence,detect
T1090.003,Multi-hop Proxy,D3-DNRA,Domain Name Reputation Analysis,detect,Detect,1,Domain Name,0.25,artifact_cooccurrence,detect
T1090.004,Domain Fronting,D3-DNRA,Domain Name Reputation Analysis,detect,Detect,1,Domain Name,0.25,artifact_cooccurrence,detect
T1090,Proxy,D3-DNRA,Domain Name Reputation Analysis,detect,Detect,1,Domain Name,0.25,artifact_cooccurrence,detect
T1095,Non-Application Layer Protocol,D3-DNRA,Domain Name Reputation Analysis,detect,Detect,1,Domain Name,0.25,artifact_cooccurrence,detect
T1098.001,Additional Cloud Credentials,D3-DNRA,Domain Name Reputation Analysis,detect,Detect,1,Domain Name,0.25,artifact_cooccurrence,detect
T1098,Account Manipulation,D3-DNRA,Domain Name Reputation Analysis,detect,Detect,1,Domain Name,0.25,artifact_cooccurrence,detect
T1102.001,Dead Drop Resolver,D3-DNRA,Domain Name Reputation Analysis,detect,Detect,1,Domain Name,0.25,artifact_cooccurrence,detect
T1102.002,Bidirectional Communication,D3-DNRA,Domain Name Reputation Analysis,detect,Detect,1,Domain Name,0.25,artifact_cooccurrence,detect
T1102.003,One-Way Communication,D3-DNRA,Domain Name Reputation Analysis,detect,Detect,1,Domain Name,0.25,artifact_cooccurrence,detect
T1102,Web Service,D3-DNRA,Domain Name Reputation Analysis,detect,Detect,1,Domain Name,0.25,artifact_cooccurrence,detect
T1104,Multi-Stage Channels,D3-DNRA,Domain Name Reputation Analysis,detect,Detect,1,Domain Name,0.25,artifact_cooccurrence,detect
T1105,Ingress Tool Transfer,D3-DNRA,Domain Name Reputation Analysis,detect,Detect,1,Domain Name,0.25,artifact_cooccurrence,detect
T1110.003,Password Spraying,D3-DNRA,Domain Name Reputation Analysis,detect,Detect,1,Domain Name,0.25,artifact_cooccurrence,detect
T1110.004,Credential Stuffing,D3-DNRA,Domain Name Reputation Analysis,detect,Detect,1,Domain Name,0.25,artifact_cooccurrence,detect
T1110,Brute Force,D3-DNRA,Domain Name Reputation Analysis,detect,Detect,1,Domain Name,0.25,artifact_cooccurrence,detect
T1114.002,Remote Email Collection,D3-DNRA,Domain Name Reputation Analysis,detect,Detect,1,Domain Name,0.25,artifact_cooccurrence,detect
T1114,Email Collection,D3-DNRA,Domain Name Reputation Analysis,detect,Detect,1,Domain Name,0.25,artifact_cooccurrence,detect
T1132.001,Standard Encoding,D3-DNRA,Domain Name Reputation Analysis,detect,Detect,1,Domain Name,0.25,artifact_cooccurrence,detect
T1132.002,Non-Standard Encoding,D3-DNRA,Domain Name Reputation Analysis,detect,Detect,1,Domain Name,0.25,artifact_cooccurrence,detect
T1132,Data Encoding,D3-DNRA,Domain Name Reputation Analysis,detect,Detect,1,Domain Name,0.25,artifact_cooccurrence,detect
T1185,Browser Session Hijacking,D3-DNRA,Domain Name Reputation Analysis,detect,Detect,1,Domain Name,0.25,artifact_cooccurrence,detect
T1189,Drive-by Compromise,D3-DNRA,Domain Name Reputation Analysis,detect,Detect,1,Domain Name,0.25,artifact_cooccurrence,detect
T1190,Exploit Public-Facing Application,D3-DNRA,Domain Name Reputation Analysis,detect,Detect,1,Domain Name,0.25,artifact_cooccurrence,detect
T1197,BITS Jobs,D3-DNRA,Domain Name Reputation Analysis,detect,Detect,1,Domain Name,0.25,artifact_cooccurrence,detect
T1199,Trusted Relationship,D3-DNRA,Domain Name Reputation Analysis,detect,Detect,1,Domain Name,0.25,artifact_cooccurrence,detect
T1204.001,Malicious Link,D3-DNRA,Domain Name Reputation Analysis,detect,Detect,1,Domain Name,0.25,artifact_cooccurrence,detect
T1204,User Execution,D3-DNRA,Domain Name Reputation Analysis,detect,Detect,1,Domain Name,0.25,artifact_cooccurrence,detect
T1205.001,Port Knocking,D3-DNRA,Domain Name Reputation Analysis,detect,Detect,1,Domain Name,0.25,artifact_cooccurrence,detect
T1205.002,Socket Filters,D3-DNRA,Domain Name Reputation Analysis,detect,Detect,1,Domain Name,0.25,artifact_cooccurrence,detect
T1205,Traffic Signaling,D3-DNRA,Domain Name Reputation Analysis,detect,Detect,1,Domain Name,0.25,artifact_cooccurrence,detect
T1207,Rogue Domain Controller,D3-DNRA,Domain Name Reputation Analysis,detect,Detect,1,Domain Name,0.25,artifact_cooccurrence,detect
T1210,Exploitation of Remote Services,D3-DNRA,Domain Name Reputation Analysis,detect,Detect,1,Domain Name,0.25,artifact_cooccurrence,detect
T1218.003,CMSTP,D3-DNRA,Domain Name Reputation Analysis,detect,Detect,1,Domain Name,0.25,artifact_cooccurrence,detect
T1218,System Binary Proxy Execution,D3-DNRA,Domain Name Reputation Analysis,detect,Detect,1,Domain Name,0.25,artifact_cooccurrence,detect
T1219.001,IDE Tunneling,D3-DNRA,Domain Name Reputation Analysis,detect,Detect,1,Domain Name,0.25,artifact_cooccurrence,detect
T1219.002,Remote Desktop Software,D3-DNRA,Domain Name Reputation Analysis,detect,Detect,1,Domain Name,0.25,artifact_cooccurrence,detect
T1219.003,Remote Access Hardware,D3-DNRA,Domain Name Reputation Analysis,detect,Detect,1,Domain Name,0.25,artifact_cooccurrence,detect
T1219,Remote Access Tools,D3-DNRA,Domain Name Reputation Analysis,detect,Detect,1,Domain Name,0.25,artifact_cooccurrence,detect
T1498.001,Direct Network Flood,D3-DNRA,Domain Name Reputation Analysis,detect,Detect,1,Domain Name,0.25,artifact_cooccurrence,detect
T1498.002,Reflection Amplification,D3-DNRA,Domain Name Reputation Analysis,detect,Detect,1,Domain Name,0.25,artifact_cooccurrence,detect
T1498,Network Denial of Service,D3-DNRA,Domain Name Reputation Analysis,detect,Detect,1,Domain Name,0.25,artifact_cooccurrence,detect
T1499.002,Service Exhaustion Flood,D3-DNRA,Domain Name Reputation Analysis,detect,Detect,1,Domain Name,0.25,artifact_cooccurrence,detect
T1499,Endpoint Denial of Service,D3-DNRA,Domain Name Reputation Analysis,detect,Detect,1,Domain Name,0.25,artifact_cooccurrence,detect
T1505.002,Transport Agent,D3-DNRA,Domain Name Reputation Analysis,detect,Detect,1,Domain Name,0.25,artifact_cooccurrence,detect
T1505.003,Web Shell,D3-DNRA,Domain Name Reputation Analysis,detect,Detect,1,Domain Name,0.25,artifact_cooccurrence,detect
T1505,Server Software Component,D3-DNRA,Domain Name Reputation Analysis,detect,Detect,1,Domain Name,0.25,artifact_cooccurrence,detect
T1542.005,TFTP Boot,D3-DNRA,Domain Name Reputation Analysis,detect,Detect,1,Domain Name,0.25,artifact_cooccurrence,detect
T1542,Pre-OS Boot,D3-DNRA,Domain Name Reputation Analysis,detect,Detect,1,Domain Name,0.25,artifact_cooccurrence,detect
T1546.003,Windows Management Instrumentation Event Subscription,D3-DNRA,Domain Name Reputation Analysis,detect,Detect,1,Domain Name,0.25,artifact_cooccurrence,detect
T1546.008,Accessibility Features,D3-DNRA,Domain Name Reputation Analysis,detect,Detect,1,Domain Name,0.25,artifact_cooccurrence,detect
T1546,Event Triggered Execution,D3-DNRA,Domain Name Reputation Analysis,detect,Detect,1,Domain Name,0.25,artifact_cooccurrence,detect
T1550.001,Application Access Token,D3-DNRA,Domain Name Reputation Analysis,detect,Detect,1,Domain Name,0.25,artifact_cooccurrence,detect
T1550.004,Web Session Cookie,D3-DNRA,Domain Name Reputation Analysis,detect,Detect,1,Domain Name,0.25,artifact_cooccurrence,detect
T1550,Use Alternate Authentication Material,D3-DNRA,Domain Name Reputation Analysis,detect,Detect,1,Domain Name,0.25,artifact_cooccurrence,detect
T1557.001,LLMNR/NBT-NS Poisoning and SMB Relay,D3-DNRA,Domain Name Reputation Analysis,detect,Detect,1,Domain Name,0.25,artifact_cooccurrence,detect
T1557.002,ARP Cache Poisoning,D3-DNRA,Domain Name Reputation Analysis,detect,Detect,1,Domain Name,0.25,artifact_cooccurrence,detect
T1557.003,DHCP Spoofing,D3-DNRA,Domain Name Reputation Analysis,detect,Detect,1,Domain Name,0.25,artifact_cooccurrence,detect
T1557.004,Evil Twin,D3-DNRA,Domain Name Reputation Analysis,detect,Detect,1,Domain Name,0.25,artifact_cooccurrence,detect
T1557,Adversary-in-the-Middle,D3-DNRA,Domain Name Reputation Analysis,detect,Detect,1,Domain Name,0.25,artifact_cooccurrence,detect
T1558.003,Kerberoasting,D3-DNRA,Domain Name Reputation Analysis,detect,Detect,1,Domain Name,0.25,artifact_cooccurrence,detect
T1558,Steal or Forge Kerberos Tickets,D3-DNRA,Domain Name Reputation Analysis,detect,Detect,1,Domain Name,0.25,artifact_cooccurrence,detect
T1562.013,Disable or Modify Network Device Firewall,D3-DNRA,Domain Name Reputation Analysis,detect,Detect,1,Domain Name,0.25,artifact_cooccurrence,detect
T1562,Impair Defenses,D3-DNRA,Domain Name Reputation Analysis,detect,Detect,1,Domain Name,0.25,artifact_cooccurrence,detect
T1563.001,SSH Hijacking,D3-DNRA,Domain Name Reputation Analysis,detect,Detect,1,Domain Name,0.25,artifact_cooccurrence,detect
T1563.002,RDP Hijacking,D3-DNRA,Domain Name Reputation Analysis,detect,Detect,1,Domain Name,0.25,artifact_cooccurrence,detect
T1563,Remote Service Session Hijacking,D3-DNRA,Domain Name Reputation Analysis,detect,Detect,1,Domain Name,0.25,artifact_cooccurrence,detect
T1565.002,Transmitted Data Manipulation,D3-DNRA,Domain Name Reputation Analysis,detect,Detect,1,Domain Name,0.25,artifact_cooccurrence,detect
T1565,Data Manipulation,D3-DNRA,Domain Name Reputation Analysis,detect,Detect,1,Domain Name,0.25,artifact_cooccurrence,detect
T1566.001,Spearphishing Attachment,D3-DNRA,Domain Name Reputation Analysis,detect,Detect,1,Domain Name,0.25,artifact_cooccurrence,detect
T1566.002,Spearphishing Link,D3-DNRA,Domain Name Reputation Analysis,detect,Detect,1,Domain Name,0.25,artifact_cooccurrence,detect
T1566,Phishing,D3-DNRA,Domain Name Reputation Analysis,detect,Detect,1,Domain Name,0.25,artifact_cooccurrence,detect
T1567.001,Exfiltration to Code Repository,D3-DNRA,Domain Name Reputation Analysis,detect,Detect,1,Domain Name,0.25,artifact_cooccurrence,detect
T1567.002,Exfiltration to Cloud Storage,D3-DNRA,Domain Name Reputation Analysis,detect,Detect,1,Domain Name,0.25,artifact_cooccurrence,detect
T1567.003,Exfiltration to Text Storage Sites,D3-DNRA,Domain Name Reputation Analysis,detect,Detect,1,Domain Name,0.25,artifact_cooccurrence,detect
T1567.004,Exfiltration Over Webhook,D3-DNRA,Domain Name Reputation Analysis,detect,Detect,1,Domain Name,0.25,artifact_cooccurrence,detect
T1567,Exfiltration Over Web Service,D3-DNRA,Domain Name Reputation Analysis,detect,Detect,1,Domain Name,0.25,artifact_cooccurrence,detect
T1568.001,Fast Flux DNS,D3-DNRA,Domain Name Reputation Analysis,detect,Detect,1,Domain Name,0.25,artifact_cooccurrence,detect
T1568.002,Domain Generation Algorithms,D3-DNRA,Domain Name Reputation Analysis,detect,Detect,1,Domain Name,0.25,artifact_cooccurrence,detect
T1568.003,DNS Calculation,D3-DNRA,Domain Name Reputation Analysis,detect,Detect,1,Domain Name,0.25,artifact_cooccurrence,detect
T1568,Dynamic Resolution,D3-DNRA,Domain Name Reputation Analysis,detect,Detect,1,Domain Name,0.25,artifact_cooccurrence,detect
T1570,Lateral Tool Transfer,D3-DNRA,Domain Name Reputation Analysis,detect,Detect,1,Domain Name,0.25,artifact_cooccurrence,detect
T1571,Non-Standard Port,D3-DNRA,Domain Name Reputation Analysis,detect,Detect,1,Domain Name,0.25,artifact_cooccurrence,detect
T1572,Protocol Tunneling,D3-DNRA,Domain Name Reputation Analysis,detect,Detect,1,Domain Name,0.25,artifact_cooccurrence,detect
T1573.001,Symmetric Cryptography,D3-DNRA,Domain Name Reputation Analysis,detect,Detect,1,Domain Name,0.25,artifact_cooccurrence,detect
T1573.002,Asymmetric Cryptography,D3-DNRA,Domain Name Reputation Analysis,detect,Detect,1,Domain Name,0.25,artifact_cooccurrence,detect
T1573,Encrypted Channel,D3-DNRA,Domain Name Reputation Analysis,detect,Detect,1,Domain Name,0.25,artifact_cooccurrence,detect
T1578.002,Create Cloud Instance,D3-DNRA,Domain Name Reputation Analysis,detect,Detect,1,Domain Name,0.25,artifact_cooccurrence,detect
T1578.003,Delete Cloud Instance,D3-DNRA,Domain Name Reputation Analysis,detect,Detect,1,Domain Name,0.25,artifact_cooccurrence,detect
T1578.004,Revert Cloud Instance,D3-DNRA,Domain Name Reputation Analysis,detect,Detect,1,Domain Name,0.25,artifact_cooccurrence,detect
T1578,Modify Cloud Compute Infrastructure,D3-DNRA,Domain Name Reputation Analysis,detect,Detect,1,Domain Name,0.25,artifact_cooccurrence,detect
T1003.007,Proc Filesystem,D3-FHRA,File Hash Reputation Analysis,detect,Detect,1,File Hash,0.25,artifact_cooccurrence,detect
T1003.008,/etc/passwd and /etc/shadow,D3-FHRA,File Hash Reputation Analysis,detect,Detect,1,File Hash,0.25,artifact_cooccurrence,detect
T1003,OS Credential Dumping,D3-FHRA,File Hash Reputation Analysis,detect,Detect,1,File Hash,0.25,artifact_cooccurrence,detect
T1005,Data from Local System,D3-FHRA,File Hash Reputation Analysis,detect,Detect,1,File Hash,0.25,artifact_cooccurrence,detect
T1014,Rootkit,D3-FHRA,File Hash Reputation Analysis,detect,Detect,1,File Hash,0.25,artifact_cooccurrence,detect
T1016.001,Internet Connection Discovery,D3-FHRA,File Hash Reputation Analysis,detect,Detect,1,File Hash,0.25,artifact_cooccurrence,detect
T1016.002,Wi-Fi Discovery,D3-FHRA,File Hash Reputation Analysis,detect,Detect,1,File Hash,0.25,artifact_cooccurrence,detect
T1016,System Network Configuration Discovery,D3-FHRA,File Hash Reputation Analysis,detect,Detect,1,File Hash,0.25,artifact_cooccurrence,detect
T1018,Remote System Discovery,D3-FHRA,File Hash Reputation Analysis,detect,Detect,1,File Hash,0.25,artifact_cooccurrence,detect
T1027.001,Binary Padding,D3-FHRA,File Hash Reputation Analysis,detect,Detect,1,File Hash,0.25,artifact_cooccurrence,detect
T1027.002,Software Packing,D3-FHRA,File Hash Reputation Analysis,detect,Detect,1,File Hash,0.25,artifact_cooccurrence,detect
T1027.004,Compile After Delivery,D3-FHRA,File Hash Reputation Analysis,detect,Detect,1,File Hash,0.25,artifact_cooccurrence,detect
T1027,Obfuscated Files or Information,D3-FHRA,File Hash Reputation Analysis,detect,Detect,1,File Hash,0.25,artifact_cooccurrence,detect
T1033,System Owner/User Discovery,D3-FHRA,File Hash Reputation Analysis,detect,Detect,1,File Hash,0.25,artifact_cooccurrence,detect
T1036.001,Invalid Code Signature,D3-FHRA,File Hash Reputation Analysis,detect,Detect,1,File Hash,0.25,artifact_cooccurrence,detect
T1036.003,Rename Legitimate Utilities,D3-FHRA,File Hash Reputation Analysis,detect,Detect,1,File Hash,0.25,artifact_cooccurrence,detect
T1036.005,Match Legitimate Resource Name or Location,D3-FHRA,File Hash Reputation Analysis,detect,Detect,1,File Hash,0.25,artifact_cooccurrence,detect
T1036.006,Space after Filename,D3-FHRA,File Hash Reputation Analysis,detect,Detect,1,File Hash,0.25,artifact_cooccurrence,detect
T1036,Masquerading,D3-FHRA,File Hash Reputation Analysis,detect,Detect,1,File Hash,0.25,artifact_cooccurrence,detect
T1037.001,Logon Script (Windows),D3-FHRA,File Hash Reputation Analysis,detect,Detect,1,File Hash,0.25,artifact_cooccurrence,detect
T1037.002,Login Hook,D3-FHRA,File Hash Reputation Analysis,detect,Detect,1,File Hash,0.25,artifact_cooccurrence,detect
T1037.003,Network Logon Script,D3-FHRA,File Hash Reputation Analysis,detect,Detect,1,File Hash,0.25,artifact_cooccurrence,detect
T1037.004,RC Scripts,D3-FHRA,File Hash Reputation Analysis,detect,Detect,1,File Hash,0.25,artifact_cooccurrence,detect
T1037.005,Startup Items,D3-FHRA,File Hash Reputation Analysis,detect,Detect,1,File Hash,0.25,artifact_cooccurrence,detect
T1037,Boot or Logon Initialization Scripts,D3-FHRA,File Hash Reputation Analysis,detect,Detect,1,File Hash,0.25,artifact_cooccurrence,detect
T1041,Exfiltration Over C2 Channel,D3-FHRA,File Hash Reputation Analysis,detect,Detect,1,File Hash,0.25,artifact_cooccurrence,detect
T1048.002,Exfiltration Over Asymmetric Encrypted Non-C2 Protocol,D3-FHRA,File Hash Reputation Analysis,detect,Detect,1,File Hash,0.25,artifact_cooccurrence,detect
T1048,Exfiltration Over Alternative Protocol,D3-FHRA,File Hash Reputation Analysis,detect,Detect,1,File Hash,0.25,artifact_cooccurrence,detect
T1053.004,Launchd,D3-FHRA,File Hash Reputation Analysis,detect,Detect,1,File Hash,0.25,artifact_cooccurrence,detect
T1053,Scheduled Task/Job,D3-FHRA,File Hash Reputation Analysis,detect,Detect,1,File Hash,0.25,artifact_cooccurrence,detect
T1055.001,Dynamic-link Library Injection,D3-FHRA,File Hash Reputation Analysis,detect,Detect,1,File Hash,0.25,artifact_cooccurrence,detect
T1055.002,Portable Executable Injection,D3-FHRA,File Hash Reputation Analysis,detect,Detect,1,File Hash,0.25,artifact_cooccurrence,detect
T1055.003,Thread Execution Hijacking,D3-FHRA,File Hash Reputation Analysis,detect,Detect,1,File Hash,0.25,artifact_cooccurrence,detect
T1055.009,Proc Memory,D3-FHRA,File Hash Reputation Analysis,detect,Detect,1,File Hash,0.25,artifact_cooccurrence,detect
T1055.014,VDSO Hijacking,D3-FHRA,File Hash Reputation Analysis,detect,Detect,1,File Hash,0.25,artifact_cooccurrence,detect
T1055,Process Injection,D3-FHRA,File Hash Reputation Analysis,detect,Detect,1,File Hash,0.25,artifact_cooccurrence,detect
T1059.001,PowerShell,D3-FHRA,File Hash Reputation Analysis,detect,Detect,1,File Hash,0.25,artifact_cooccurrence,detect
T1059.002,AppleScript,D3-FHRA,File Hash Reputation Analysis,detect,Detect,1,File Hash,0.25,artifact_cooccurrence,detect
T1059.003,Windows Command Shell,D3-FHRA,File Hash Reputation Analysis,detect,Detect,1,File Hash,0.25,artifact_cooccurrence,detect
T1059.004,Unix Shell,D3-FHRA,File Hash Reputation Analysis,detect,Detect,1,File Hash,0.25,artifact_cooccurrence,detect
T1059.005,Visual Basic,D3-FHRA,File Hash Reputation Analysis,detect,Detect,1,File Hash,0.25,artifact_cooccurrence,detect
T1059.006,Python,D3-FHRA,File Hash Reputation Analysis,detect,Detect,1,File Hash,0.25,artifact_cooccurrence,detect
T1059.007,JavaScript,D3-FHRA,File Hash Reputation Analysis,detect,Detect,1,File Hash,0.25,artifact_cooccurrence,detect
T1059.008,Network Device CLI,D3-FHRA,File Hash Reputation Analysis,detect,Detect,1,File Hash,0.25,artifact_cooccurrence,detect
T1059.009,Cloud API,D3-FHRA,File Hash Reputation Analysis,detect,Detect,1,File Hash,0.25,artifact_cooccurrence,detect
T1059.010,AutoHotKey &amp; AutoIT,D3-FHRA,File Hash Reputation Analysis,detect,Detect,1,File Hash,0.25,artifact_cooccurrence,detect
T1059.011,Lua,D3-FHRA,File Hash Reputation Analysis,detect,Detect,1,File Hash,0.25,artifact_cooccurrence,detect
T1059.012,Hypervisor CLI,D3-FHRA,File Hash Reputation Analysis,detect,Detect,1,File Hash,0.25,artifact_cooccurrence,detect
T1059.013,Container CLI/API,D3-FHRA,File Hash Reputation Analysis,detect,Detect,1,File Hash,0.25,artifact_cooccurrence,detect
T1059,Command and Scripting Interpreter,D3-FHRA,File Hash Reputation Analysis,detect,Detect,1,File Hash,0.25,artifact_cooccurrence,detect
T1070.002,Clear Linux or Mac System Logs,D3-FHRA,File Hash Reputation Analysis,detect,Detect,1,File Hash,0.25,artifact_cooccurrence,detect
T1070.004,File Deletion,D3-FHRA,File Hash Reputation Analysis,detect,Detect,1,File Hash,0.25,artifact_cooccurrence,detect
T1070,Indicator Removal,D3-FHRA,File Hash Reputation Analysis,detect,Detect,1,File Hash,0.25,artifact_cooccurrence,detect
T1071.001,Web Protocols,D3-FHRA,File Hash Reputation Analysis,detect,Detect,1,File Hash,0.25,artifact_cooccurrence,detect
T1071.002,File Transfer Protocols,D3-FHRA,File Hash Reputation Analysis,detect,Detect,1,File Hash,0.25,artifact_cooccurrence,detect
T1071.003,Mail Protocols,D3-FHRA,File Hash Reputation Analysis,detect,Detect,1,File Hash,0.25,artifact_cooccurrence,detect
T1071.004,DNS,D3-FHRA,File Hash Reputation Analysis,detect,Detect,1,File Hash,0.25,artifact_cooccurrence,detect
T1071.005,Publish/Subscribe Protocols,D3-FHRA,File Hash Reputation Analysis,detect,Detect,1,File Hash,0.25,artifact_cooccurrence,detect
T1071,Application Layer Protocol,D3-FHRA,File Hash Reputation Analysis,detect,Detect,1,File Hash,0.25,artifact_cooccurrence,detect
T1072,Software Deployment Tools,D3-FHRA,File Hash Reputation Analysis,detect,Detect,1,File Hash,0.25,artifact_cooccurrence,detect
T1074.001,Local Data Staging,D3-FHRA,File Hash Reputation Analysis,detect,Detect,1,File Hash,0.25,artifact_cooccurrence,detect
T1074,Data Staged,D3-FHRA,File Hash Reputation Analysis,detect,Detect,1,File Hash,0.25,artifact_cooccurrence,detect
T1083,File and Directory Discovery,D3-FHRA,File Hash Reputation Analysis,detect,Detect,1,File Hash,0.25,artifact_cooccurrence,detect
T1114.001,Local Email Collection,D3-FHRA,File Hash Reputation Analysis,detect,Detect,1,File Hash,0.25,artifact_cooccurrence,detect
T1114,Email Collection,D3-FHRA,File Hash Reputation Analysis,detect,Detect,1,File Hash,0.25,artifact_cooccurrence,detect
T1119,Automated Collection,D3-FHRA,File Hash Reputation Analysis,detect,Detect,1,File Hash,0.25,artifact_cooccurrence,detect
T1127.001,MSBuild,D3-FHRA,File Hash Reputation Analysis,detect,Detect,1,File Hash,0.25,artifact_cooccurrence,detect
T1127,Trusted Developer Utilities Proxy Execution,D3-FHRA,File Hash Reputation Analysis,detect,Detect,1,File Hash,0.25,artifact_cooccurrence,detect
T1137.001,Office Template Macros,D3-FHRA,File Hash Reputation Analysis,detect,Detect,1,File Hash,0.25,artifact_cooccurrence,detect
T1137.003,Outlook Forms,D3-FHRA,File Hash Reputation Analysis,detect,Detect,1,File Hash,0.25,artifact_cooccurrence,detect
T1137,Office Application Startup,D3-FHRA,File Hash Reputation Analysis,detect,Detect,1,File Hash,0.25,artifact_cooccurrence,detect
T1140,Deobfuscate/Decode Files or Information,D3-FHRA,File Hash Reputation Analysis,detect,Detect,1,File Hash,0.25,artifact_cooccurrence,detect
T1187,Forced Authentication,D3-FHRA,File Hash Reputation Analysis,detect,Detect,1,File Hash,0.25,artifact_cooccurrence,detect
T1197,BITS Jobs,D3-FHRA,File Hash Reputation Analysis,detect,Detect,1,File Hash,0.25,artifact_cooccurrence,detect
T1204.002,Malicious File,D3-FHRA,File Hash Reputation Analysis,detect,Detect,1,File Hash,0.25,artifact_cooccurrence,detect
T1204,User Execution,D3-FHRA,File Hash Reputation Analysis,detect,Detect,1,File Hash,0.25,artifact_cooccurrence,detect
T1213.001,Confluence,D3-FHRA,File Hash Reputation Analysis,detect,Detect,1,File Hash,0.25,artifact_cooccurrence,detect
T1213.002,Sharepoint,D3-FHRA,File Hash Reputation Analysis,detect,Detect,1,File Hash,0.25,artifact_cooccurrence,detect
T1213,Data from Information Repositories,D3-FHRA,File Hash Reputation Analysis,detect,Detect,1,File Hash,0.25,artifact_cooccurrence,detect
T1218.005,Mshta,D3-FHRA,File Hash Reputation Analysis,detect,Detect,1,File Hash,0.25,artifact_cooccurrence,detect
T1218.011,Rundll32,D3-FHRA,File Hash Reputation Analysis,detect,Detect,1,File Hash,0.25,artifact_cooccurrence,detect
T1218,System Binary Proxy Execution,D3-FHRA,File Hash Reputation Analysis,detect,Detect,1,File Hash,0.25,artifact_cooccurrence,detect
T1220,XSL Script Processing,D3-FHRA,File Hash Reputation Analysis,detect,Detect,1,File Hash,0.25,artifact_cooccurrence,detect
T1486,Data Encrypted for Impact,D3-FHRA,File Hash Reputation Analysis,detect,Detect,1,File Hash,0.25,artifact_cooccurrence,detect
T1505.003,Web Shell,D3-FHRA,File Hash Reputation Analysis,detect,Detect,1,File Hash,0.25,artifact_cooccurrence,detect
T1505,Server Software Component,D3-FHRA,File Hash Reputation Analysis,detect,Detect,1,File Hash,0.25,artifact_cooccurrence,detect
T1534,Internal Spearphishing,D3-FHRA,File Hash Reputation Analysis,detect,Detect,1,File Hash,0.25,artifact_cooccurrence,detect
T1543.001,Launch Agent,D3-FHRA,File Hash Reputation Analysis,detect,Detect,1,File Hash,0.25,artifact_cooccurrence,detect
T1543.002,Systemd Service,D3-FHRA,File Hash Reputation Analysis,detect,Detect,1,File Hash,0.25,artifact_cooccurrence,detect
T1543.004,Launch Daemon,D3-FHRA,File Hash Reputation Analysis,detect,Detect,1,File Hash,0.25,artifact_cooccurrence,detect
T1543,Create or Modify System Process,D3-FHRA,File Hash Reputation Analysis,detect,Detect,1,File Hash,0.25,artifact_cooccurrence,detect
T1546.002,Screensaver,D3-FHRA,File Hash Reputation Analysis,detect,Detect,1,File Hash,0.25,artifact_cooccurrence,detect
T1546.004,Unix Shell Configuration Modification,D3-FHRA,File Hash Reputation Analysis,detect,Detect,1,File Hash,0.25,artifact_cooccurrence,detect
T1546.005,Trap,D3-FHRA,File Hash Reputation Analysis,detect,Detect,1,File Hash,0.25,artifact_cooccurrence,detect
T1546.006,LC_LOAD_DYLIB Addition,D3-FHRA,File Hash Reputation Analysis,detect,Detect,1,File Hash,0.25,artifact_cooccurrence,detect
T1546.008,Accessibility Features,D3-FHRA,File Hash Reputation Analysis,detect,Detect,1,File Hash,0.25,artifact_cooccurrence,detect
T1546.009,AppCert DLLs,D3-FHRA,File Hash Reputation Analysis,detect,Detect,1,File Hash,0.25,artifact_cooccurrence,detect
T1546.010,AppInit DLLs,D3-FHRA,File Hash Reputation Analysis,detect,Detect,1,File Hash,0.25,artifact_cooccurrence,detect
T1546.013,PowerShell Profile,D3-FHRA,File Hash Reputation Analysis,detect,Detect,1,File Hash,0.25,artifact_cooccurrence,detect
T1546.014,Emond,D3-FHRA,File Hash Reputation Analysis,detect,Detect,1,File Hash,0.25,artifact_cooccurrence,detect
T1546.015,Component Object Model Hijacking,D3-FHRA,File Hash Reputation Analysis,detect,Detect,1,File Hash,0.25,artifact_cooccurrence,detect
T1546,Event Triggered Execution,D3-FHRA,File Hash Reputation Analysis,detect,Detect,1,File Hash,0.25,artifact_cooccurrence,detect
T1547.001,Registry Run Keys / Startup Folder,D3-FHRA,File Hash Reputation Analysis,detect,Detect,1,File Hash,0.25,artifact_cooccurrence,detect
T1547.006,Kernel Modules and Extensions,D3-FHRA,File Hash Reputation Analysis,detect,Detect,1,File Hash,0.25,artifact_cooccurrence,detect
T1547.007,Re-opened Applications,D3-FHRA,File Hash Reputation Analysis,detect,Detect,1,File Hash,0.25,artifact_cooccurrence,detect
T1547.008,LSASS Driver,D3-FHRA,File Hash Reputation Analysis,detect,Detect,1,File Hash,0.25,artifact_cooccurrence,detect
T1547.009,Shortcut Modification,D3-FHRA,File Hash Reputation Analysis,detect,Detect,1,File Hash,0.25,artifact_cooccurrence,detect
T1547.011,Plist Modification,D3-FHRA,File Hash Reputation Analysis,detect,Detect,1,File Hash,0.25,artifact_cooccurrence,detect
T1547,Boot or Logon Autostart Execution,D3-FHRA,File Hash Reputation Analysis,detect,Detect,1,File Hash,0.25,artifact_cooccurrence,detect
T1548.002,Bypass User Account Control,D3-FHRA,File Hash Reputation Analysis,detect,Detect,1,File Hash,0.25,artifact_cooccurrence,detect
T1548.003,Sudo and Sudo Caching,D3-FHRA,File Hash Reputation Analysis,detect,Detect,1,File Hash,0.25,artifact_cooccurrence,detect
T1548,Abuse Elevation Control Mechanism,D3-FHRA,File Hash Reputation Analysis,detect,Detect,1,File Hash,0.25,artifact_cooccurrence,detect
T1552.001,Credentials In Files,D3-FHRA,File Hash Reputation Analysis,detect,Detect,1,File Hash,0.25,artifact_cooccurrence,detect
T1552.003,Shell History,D3-FHRA,File Hash Reputation Analysis,detect,Detect,1,File Hash,0.25,artifact_cooccurrence,detect
T1552,Unsecured Credentials,D3-FHRA,File Hash Reputation Analysis,detect,Detect,1,File Hash,0.25,artifact_cooccurrence,detect
T1555.001,Keychain,D3-FHRA,File Hash Reputation Analysis,detect,Detect,1,File Hash,0.25,artifact_cooccurrence,detect
T1555.002,Securityd Memory,D3-FHRA,File Hash Reputation Analysis,detect,Detect,1,File Hash,0.25,artifact_cooccurrence,detect
T1555.003,Credentials from Web Browsers,D3-FHRA,File Hash Reputation Analysis,detect,Detect,1,File Hash,0.25,artifact_cooccurrence,detect
T1555.004,Windows Credential Manager,D3-FHRA,File Hash Reputation Analysis,detect,Detect,1,File Hash,0.25,artifact_cooccurrence,detect
T1555.005,Password Managers,D3-FHRA,File Hash Reputation Analysis,detect,Detect,1,File Hash,0.25,artifact_cooccurrence,detect
T1555.006,Cloud Secrets Management Stores,D3-FHRA,File Hash Reputation Analysis,detect,Detect,1,File Hash,0.25,artifact_cooccurrence,detect
T1555,Credentials from Password Stores,D3-FHRA,File Hash Reputation Analysis,detect,Detect,1,File Hash,0.25,artifact_cooccurrence,detect
T1556.002,Password Filter DLL,D3-FHRA,File Hash Reputation Analysis,detect,Detect,1,File Hash,0.25,artifact_cooccurrence,detect
T1556.003,Pluggable Authentication Modules,D3-FHRA,File Hash Reputation Analysis,detect,Detect,1,File Hash,0.25,artifact_cooccurrence,detect
T1556,Modify Authentication Process,D3-FHRA,File Hash Reputation Analysis,detect,Detect,1,File Hash,0.25,artifact_cooccurrence,detect
T1560.001,Archive via Utility,D3-FHRA,File Hash Reputation Analysis,detect,Detect,1,File Hash,0.25,artifact_cooccurrence,detect
T1560.002,Archive via Library,D3-FHRA,File Hash Reputation Analysis,detect,Detect,1,File Hash,0.25,artifact_cooccurrence,detect
T1560.003,Archive via Custom Method,D3-FHRA,File Hash Reputation Analysis,detect,Detect,1,File Hash,0.25,artifact_cooccurrence,detect
T1560,Archive Collected Data,D3-FHRA,File Hash Reputation Analysis,detect,Detect,1,File Hash,0.25,artifact_cooccurrence,detect
T1562.003,Impair Command History Logging,D3-FHRA,File Hash Reputation Analysis,detect,Detect,1,File Hash,0.25,artifact_cooccurrence,detect
T1562,Impair Defenses,D3-FHRA,File Hash Reputation Analysis,detect,Detect,1,File Hash,0.25,artifact_cooccurrence,detect
T1564.002,Hidden Users,D3-FHRA,File Hash Reputation Analysis,detect,Detect,1,File Hash,0.25,artifact_cooccurrence,detect
T1564.003,Hidden Window,D3-FHRA,File Hash Reputation Analysis,detect,Detect,1,File Hash,0.25,artifact_cooccurrence,detect
T1564.005,Hidden File System,D3-FHRA,File Hash Reputation Analysis,detect,Detect,1,File Hash,0.25,artifact_cooccurrence,detect
T1564.006,Run Virtual Instance,D3-FHRA,File Hash Reputation Analysis,detect,Detect,1,File Hash,0.25,artifact_cooccurrence,detect
T1564.007,VBA Stomping,D3-FHRA,File Hash Reputation Analysis,detect,Detect,1,File Hash,0.25,artifact_cooccurrence,detect
T1564,Hide Artifacts,D3-FHRA,File Hash Reputation Analysis,detect,Detect,1,File Hash,0.25,artifact_cooccurrence,detect
T1565.001,Stored Data Manipulation,D3-FHRA,File Hash Reputation Analysis,detect,Detect,1,File Hash,0.25,artifact_cooccurrence,detect
T1565.003,Runtime Data Manipulation,D3-FHRA,File Hash Reputation Analysis,detect,Detect,1,File Hash,0.25,artifact_cooccurrence,detect
T1565,Data Manipulation,D3-FHRA,File Hash Reputation Analysis,detect,Detect,1,File Hash,0.25,artifact_cooccurrence,detect
T1566.001,Spearphishing Attachment,D3-FHRA,File Hash Reputation Analysis,detect,Detect,1,File Hash,0.25,artifact_cooccurrence,detect
T1566.002,Spearphishing Link,D3-FHRA,File Hash Reputation Analysis,detect,Detect,1,File Hash,0.25,artifact_cooccurrence,detect
T1566.003,Spearphishing via Service,D3-FHRA,File Hash Reputation Analysis,detect,Detect,1,File Hash,0.25,artifact_cooccurrence,detect
T1566,Phishing,D3-FHRA,File Hash Reputation Analysis,detect,Detect,1,File Hash,0.25,artifact_cooccurrence,detect
T1573.002,Asymmetric Cryptography,D3-FHRA,File Hash Reputation Analysis,detect,Detect,1,File Hash,0.25,artifact_cooccurrence,detect
T1573,Encrypted Channel,D3-FHRA,File Hash Reputation Analysis,detect,Detect,1,File Hash,0.25,artifact_cooccurrence,detect
T1574.001,DLL,D3-FHRA,File Hash Reputation Analysis,detect,Detect,1,File Hash,0.25,artifact_cooccurrence,detect
T1574.002,DLL Side-Loading,D3-FHRA,File Hash Reputation Analysis,detect,Detect,1,File Hash,0.25,artifact_cooccurrence,detect
T1574.004,Dylib Hijacking,D3-FHRA,File Hash Reputation Analysis,detect,Detect,1,File Hash,0.25,artifact_cooccurrence,detect
T1574.006,Dynamic Linker Hijacking,D3-FHRA,File Hash Reputation Analysis,detect,Detect,1,File Hash,0.25,artifact_cooccurrence,detect
T1574.007,Path Interception by PATH Environment Variable,D3-FHRA,File Hash Reputation Analysis,detect,Detect,1,File Hash,0.25,artifact_cooccurrence,detect
T1574.008,Path Interception by Search Order Hijacking,D3-FHRA,File Hash Reputation Analysis,detect,Detect,1,File Hash,0.25,artifact_cooccurrence,detect
T1574.009,Path Interception by Unquoted Path,D3-FHRA,File Hash Reputation Analysis,detect,Detect,1,File Hash,0.25,artifact_cooccurrence,detect
T1574.012,COR_PROFILER,D3-FHRA,File Hash Reputation Analysis,detect,Detect,1,File Hash,0.25,artifact_cooccurrence,detect
T1574,Hijack Execution Flow,D3-FHRA,File Hash Reputation Analysis,detect,Detect,1,File Hash,0.25,artifact_cooccurrence,detect
T1619,Cloud Storage Object Discovery,D3-FHRA,File Hash Reputation Analysis,detect,Detect,1,File Hash,0.25,artifact_cooccurrence,detect
T1649,Steal or Forge Authentication Certificates,D3-FHRA,File Hash Reputation Analysis,detect,Detect,1,File Hash,0.25,artifact_cooccurrence,detect
T1001.001,Junk Data,D3-IPRA,IP Reputation Analysis,detect,Detect,1,IP Address,0.25,artifact_cooccurrence,detect
T1001.002,Steganography,D3-IPRA,IP Reputation Analysis,detect,Detect,1,IP Address,0.25,artifact_cooccurrence,detect
T1001.003,Protocol or Service Impersonation,D3-IPRA,IP Reputation Analysis,detect,Detect,1,IP Address,0.25,artifact_cooccurrence,detect
T1001,Data Obfuscation,D3-IPRA,IP Reputation Analysis,detect,Detect,1,IP Address,0.25,artifact_cooccurrence,detect
T1003.006,DCSync,D3-IPRA,IP Reputation Analysis,detect,Detect,1,IP Address,0.25,artifact_cooccurrence,detect
T1003,OS Credential Dumping,D3-IPRA,IP Reputation Analysis,detect,Detect,1,IP Address,0.25,artifact_cooccurrence,detect
T1008,Fallback Channels,D3-IPRA,IP Reputation Analysis,detect,Detect,1,IP Address,0.25,artifact_cooccurrence,detect
T1011.001,Exfiltration Over Bluetooth,D3-IPRA,IP Reputation Analysis,detect,Detect,1,IP Address,0.25,artifact_cooccurrence,detect
T1011,Exfiltration Over Other Network Medium,D3-IPRA,IP Reputation Analysis,detect,Detect,1,IP Address,0.25,artifact_cooccurrence,detect
T1018,Remote System Discovery,D3-IPRA,IP Reputation Analysis,detect,Detect,1,IP Address,0.25,artifact_cooccurrence,detect
T1020.001,Traffic Duplication,D3-IPRA,IP Reputation Analysis,detect,Detect,1,IP Address,0.25,artifact_cooccurrence,detect
T1020,Automated Exfiltration,D3-IPRA,IP Reputation Analysis,detect,Detect,1,IP Address,0.25,artifact_cooccurrence,detect
T1021.001,Remote Desktop Protocol,D3-IPRA,IP Reputation Analysis,detect,Detect,1,IP Address,0.25,artifact_cooccurrence,detect
T1021.002,SMB/Windows Admin Shares,D3-IPRA,IP Reputation Analysis,detect,Detect,1,IP Address,0.25,artifact_cooccurrence,detect
T1021.003,Distributed Component Object Model,D3-IPRA,IP Reputation Analysis,detect,Detect,1,IP Address,0.25,artifact_cooccurrence,detect
T1021.004,SSH,D3-IPRA,IP Reputation Analysis,detect,Detect,1,IP Address,0.25,artifact_cooccurrence,detect
T1021.005,VNC,D3-IPRA,IP Reputation Analysis,detect,Detect,1,IP Address,0.25,artifact_cooccurrence,detect
T1021.006,Windows Remote Management,D3-IPRA,IP Reputation Analysis,detect,Detect,1,IP Address,0.25,artifact_cooccurrence,detect
T1021.007,Cloud Services,D3-IPRA,IP Reputation Analysis,detect,Detect,1,IP Address,0.25,artifact_cooccurrence,detect
T1021.008,Direct Cloud VM Connections,D3-IPRA,IP Reputation Analysis,detect,Detect,1,IP Address,0.25,artifact_cooccurrence,detect
T1021,Remote Services,D3-IPRA,IP Reputation Analysis,detect,Detect,1,IP Address,0.25,artifact_cooccurrence,detect
T1029,Scheduled Transfer,D3-IPRA,IP Reputation Analysis,detect,Detect,1,IP Address,0.25,artifact_cooccurrence,detect
T1030,Data Transfer Size Limits,D3-IPRA,IP Reputation Analysis,detect,Detect,1,IP Address,0.25,artifact_cooccurrence,detect
T1041,Exfiltration Over C2 Channel,D3-IPRA,IP Reputation Analysis,detect,Detect,1,IP Address,0.25,artifact_cooccurrence,detect
T1047,Windows Management Instrumentation,D3-IPRA,IP Reputation Analysis,detect,Detect,1,IP Address,0.25,artifact_cooccurrence,detect
T1048.001,Exfiltration Over Symmetric Encrypted Non-C2 Protocol,D3-IPRA,IP Reputation Analysis,detect,Detect,1,IP Address,0.25,artifact_cooccurrence,detect
T1048.002,Exfiltration Over Asymmetric Encrypted Non-C2 Protocol,D3-IPRA,IP Reputation Analysis,detect,Detect,1,IP Address,0.25,artifact_cooccurrence,detect
T1048.003,Exfiltration Over Unencrypted Non-C2 Protocol,D3-IPRA,IP Reputation Analysis,detect,Detect,1,IP Address,0.25,artifact_cooccurrence,detect
T1048,Exfiltration Over Alternative Protocol,D3-IPRA,IP Reputation Analysis,detect,Detect,1,IP Address,0.25,artifact_cooccurrence,detect
T1071.001,Web Protocols,D3-IPRA,IP Reputation Analysis,detect,Detect,1,IP Address,0.25,artifact_cooccurrence,detect
T1071.002,File Transfer Protocols,D3-IPRA,IP Reputation Analysis,detect,Detect,1,IP Address,0.25,artifact_cooccurrence,detect
T1071.003,Mail Protocols,D3-IPRA,IP Reputation Analysis,detect,Detect,1,IP Address,0.25,artifact_cooccurrence,detect
T1071.004,DNS,D3-IPRA,IP Reputation Analysis,detect,Detect,1,IP Address,0.25,artifact_cooccurrence,detect
T1071.005,Publish/Subscribe Protocols,D3-IPRA,IP Reputation Analysis,detect,Detect,1,IP Address,0.25,artifact_cooccurrence,detect
T1071,Application Layer Protocol,D3-IPRA,IP Reputation Analysis,detect,Detect,1,IP Address,0.25,artifact_cooccurrence,detect
T1090.001,Internal Proxy,D3-IPRA,IP Reputation Analysis,detect,Detect,1,IP Address,0.25,artifact_cooccurrence,detect
T1090.002,External Proxy,D3-IPRA,IP Reputation Analysis,detect,Detect,1,IP Address,0.25,artifact_cooccurrence,detect
T1090.003,Multi-hop Proxy,D3-IPRA,IP Reputation Analysis,detect,Detect,1,IP Address,0.25,artifact_cooccurrence,detect
T1090.004,Domain Fronting,D3-IPRA,IP Reputation Analysis,detect,Detect,1,IP Address,0.25,artifact_cooccurrence,detect
T1090,Proxy,D3-IPRA,IP Reputation Analysis,detect,Detect,1,IP Address,0.25,artifact_cooccurrence,detect
T1095,Non-Application Layer Protocol,D3-IPRA,IP Reputation Analysis,detect,Detect,1,IP Address,0.25,artifact_cooccurrence,detect
T1098.001,Additional Cloud Credentials,D3-IPRA,IP Reputation Analysis,detect,Detect,1,IP Address,0.25,artifact_cooccurrence,detect
T1098,Account Manipulation,D3-IPRA,IP Reputation Analysis,detect,Detect,1,IP Address,0.25,artifact_cooccurrence,detect
T1102.001,Dead Drop Resolver,D3-IPRA,IP Reputation Analysis,detect,Detect,1,IP Address,0.25,artifact_cooccurrence,detect
T1102.002,Bidirectional Communication,D3-IPRA,IP Reputation Analysis,detect,Detect,1,IP Address,0.25,artifact_cooccurrence,detect
T1102.003,One-Way Communication,D3-IPRA,IP Reputation Analysis,detect,Detect,1,IP Address,0.25,artifact_cooccurrence,detect
T1102,Web Service,D3-IPRA,IP Reputation Analysis,detect,Detect,1,IP Address,0.25,artifact_cooccurrence,detect
T1104,Multi-Stage Channels,D3-IPRA,IP Reputation Analysis,detect,Detect,1,IP Address,0.25,artifact_cooccurrence,detect
T1105,Ingress Tool Transfer,D3-IPRA,IP Reputation Analysis,detect,Detect,1,IP Address,0.25,artifact_cooccurrence,detect
T1110.003,Password Spraying,D3-IPRA,IP Reputation Analysis,detect,Detect,1,IP Address,0.25,artifact_cooccurrence,detect
T1110.004,Credential Stuffing,D3-IPRA,IP Reputation Analysis,detect,Detect,1,IP Address,0.25,artifact_cooccurrence,detect
T1110,Brute Force,D3-IPRA,IP Reputation Analysis,detect,Detect,1,IP Address,0.25,artifact_cooccurrence,detect
T1114.002,Remote Email Collection,D3-IPRA,IP Reputation Analysis,detect,Detect,1,IP Address,0.25,artifact_cooccurrence,detect
T1114,Email Collection,D3-IPRA,IP Reputation Analysis,detect,Detect,1,IP Address,0.25,artifact_cooccurrence,detect
T1132.001,Standard Encoding,D3-IPRA,IP Reputation Analysis,detect,Detect,1,IP Address,0.25,artifact_cooccurrence,detect
T1132.002,Non-Standard Encoding,D3-IPRA,IP Reputation Analysis,detect,Detect,1,IP Address,0.25,artifact_cooccurrence,detect
T1132,Data Encoding,D3-IPRA,IP Reputation Analysis,detect,Detect,1,IP Address,0.25,artifact_cooccurrence,detect
T1185,Browser Session Hijacking,D3-IPRA,IP Reputation Analysis,detect,Detect,1,IP Address,0.25,artifact_cooccurrence,detect
T1189,Drive-by Compromise,D3-IPRA,IP Reputation Analysis,detect,Detect,1,IP Address,0.25,artifact_cooccurrence,detect
T1190,Exploit Public-Facing Application,D3-IPRA,IP Reputation Analysis,detect,Detect,1,IP Address,0.25,artifact_cooccurrence,detect
T1197,BITS Jobs,D3-IPRA,IP Reputation Analysis,detect,Detect,1,IP Address,0.25,artifact_cooccurrence,detect
T1199,Trusted Relationship,D3-IPRA,IP Reputation Analysis,detect,Detect,1,IP Address,0.25,artifact_cooccurrence,detect
T1204.001,Malicious Link,D3-IPRA,IP Reputation Analysis,detect,Detect,1,IP Address,0.25,artifact_cooccurrence,detect
T1204,User Execution,D3-IPRA,IP Reputation Analysis,detect,Detect,1,IP Address,0.25,artifact_cooccurrence,detect
T1205.001,Port Knocking,D3-IPRA,IP Reputation Analysis,detect,Detect,1,IP Address,0.25,artifact_cooccurrence,detect
T1205.002,Socket Filters,D3-IPRA,IP Reputation Analysis,detect,Detect,1,IP Address,0.25,artifact_cooccurrence,detect
T1205,Traffic Signaling,D3-IPRA,IP Reputation Analysis,detect,Detect,1,IP Address,0.25,artifact_cooccurrence,detect
T1207,Rogue Domain Controller,D3-IPRA,IP Reputation Analysis,detect,Detect,1,IP Address,0.25,artifact_cooccurrence,detect
T1210,Exploitation of Remote Services,D3-IPRA,IP Reputation Analysis,detect,Detect,1,IP Address,0.25,artifact_cooccurrence,detect
T1218.003,CMSTP,D3-IPRA,IP Reputation Analysis,detect,Detect,1,IP Address,0.25,artifact_cooccurrence,detect
T1218,System Binary Proxy Execution,D3-IPRA,IP Reputation Analysis,detect,Detect,1,IP Address,0.25,artifact_cooccurrence,detect
T1219.001,IDE Tunneling,D3-IPRA,IP Reputation Analysis,detect,Detect,1,IP Address,0.25,artifact_cooccurrence,detect
T1219.002,Remote Desktop Software,D3-IPRA,IP Reputation Analysis,detect,Detect,1,IP Address,0.25,artifact_cooccurrence,detect
T1219.003,Remote Access Hardware,D3-IPRA,IP Reputation Analysis,detect,Detect,1,IP Address,0.25,artifact_cooccurrence,detect
T1219,Remote Access Tools,D3-IPRA,IP Reputation Analysis,detect,Detect,1,IP Address,0.25,artifact_cooccurrence,detect
T1498.001,Direct Network Flood,D3-IPRA,IP Reputation Analysis,detect,Detect,1,IP Address,0.25,artifact_cooccurrence,detect
T1498.002,Reflection Amplification,D3-IPRA,IP Reputation Analysis,detect,Detect,1,IP Address,0.25,artifact_cooccurrence,detect
T1498,Network Denial of Service,D3-IPRA,IP Reputation Analysis,detect,Detect,1,IP Address,0.25,artifact_cooccurrence,detect
T1499.002,Service Exhaustion Flood,D3-IPRA,IP Reputation Analysis,detect,Detect,1,IP Address,0.25,artifact_cooccurrence,detect
T1499,Endpoint Denial of Service,D3-IPRA,IP Reputation Analysis,detect,Detect,1,IP Address,0.25,artifact_cooccurrence,detect
T1505.002,Transport Agent,D3-IPRA,IP Reputation Analysis,detect,Detect,1,IP Address,0.25,artifact_cooccurrence,detect
T1505.003,Web Shell,D3-IPRA,IP Reputation Analysis,detect,Detect,1,IP Address,0.25,artifact_cooccurrence,detect
T1505,Server Software Component,D3-IPRA,IP Reputation Analysis,detect,Detect,1,IP Address,0.25,artifact_cooccurrence,detect
T1542.005,TFTP Boot,D3-IPRA,IP Reputation Analysis,detect,Detect,1,IP Address,0.25,artifact_cooccurrence,detect
T1542,Pre-OS Boot,D3-IPRA,IP Reputation Analysis,detect,Detect,1,IP Address,0.25,artifact_cooccurrence,detect
T1546.003,Windows Management Instrumentation Event Subscription,D3-IPRA,IP Reputation Analysis,detect,Detect,1,IP Address,0.25,artifact_cooccurrence,detect
T1546.008,Accessibility Features,D3-IPRA,IP Reputation Analysis,detect,Detect,1,IP Address,0.25,artifact_cooccurrence,detect
T1546,Event Triggered Execution,D3-IPRA,IP Reputation Analysis,detect,Detect,1,IP Address,0.25,artifact_cooccurrence,detect
T1550.001,Application Access Token,D3-IPRA,IP Reputation Analysis,detect,Detect,1,IP Address,0.25,artifact_cooccurrence,detect
T1550.004,Web Session Cookie,D3-IPRA,IP Reputation Analysis,detect,Detect,1,IP Address,0.25,artifact_cooccurrence,detect
T1550,Use Alternate Authentication Material,D3-IPRA,IP Reputation Analysis,detect,Detect,1,IP Address,0.25,artifact_cooccurrence,detect
T1557.001,LLMNR/NBT-NS Poisoning and SMB Relay,D3-IPRA,IP Reputation Analysis,detect,Detect,1,IP Address,0.25,artifact_cooccurrence,detect
T1557.002,ARP Cache Poisoning,D3-IPRA,IP Reputation Analysis,detect,Detect,1,IP Address,0.25,artifact_cooccurrence,detect
T1557.003,DHCP Spoofing,D3-IPRA,IP Reputation Analysis,detect,Detect,1,IP Address,0.25,artifact_cooccurrence,detect
T1557.004,Evil Twin,D3-IPRA,IP Reputation Analysis,detect,Detect,1,IP Address,0.25,artifact_cooccurrence,detect
T1557,Adversary-in-the-Middle,D3-IPRA,IP Reputation Analysis,detect,Detect,1,IP Address,0.25,artifact_cooccurrence,detect
T1558.003,Kerberoasting,D3-IPRA,IP Reputation Analysis,detect,Detect,1,IP Address,0.25,artifact_cooccurrence,detect
T1558,Steal or Forge Kerberos Tickets,D3-IPRA,IP Reputation Analysis,detect,Detect,1,IP Address,0.25,artifact_cooccurrence,detect
T1562.013,Disable or Modify Network Device Firewall,D3-IPRA,IP Reputation Analysis,detect,Detect,1,IP Address,0.25,artifact_cooccurrence,detect
T1562,Impair Defenses,D3-IPRA,IP Reputation Analysis,detect,Detect,1,IP Address,0.25,artifact_cooccurrence,detect
T1563.001,SSH Hijacking,D3-IPRA,IP Reputation Analysis,detect,Detect,1,IP Address,0.25,artifact_cooccurrence,detect
T1563.002,RDP Hijacking,D3-IPRA,IP Reputation Analysis,detect,Detect,1,IP Address,0.25,artifact_cooccurrence,detect
T1563,Remote Service Session Hijacking,D3-IPRA,IP Reputation Analysis,detect,Detect,1,IP Address,0.25,artifact_cooccurrence,detect
T1565.002,Transmitted Data Manipulation,D3-IPRA,IP Reputation Analysis,detect,Detect,1,IP Address,0.25,artifact_cooccurrence,detect
T1565,Data Manipulation,D3-IPRA,IP Reputation Analysis,detect,Detect,1,IP Address,0.25,artifact_cooccurrence,detect
T1566.001,Spearphishing Attachment,D3-IPRA,IP Reputation Analysis,detect,Detect,1,IP Address,0.25,artifact_cooccurrence,detect
T1566.002,Spearphishing Link,D3-IPRA,IP Reputation Analysis,detect,Detect,1,IP Address,0.25,artifact_cooccurrence,detect
T1566,Phishing,D3-IPRA,IP Reputation Analysis,detect,Detect,1,IP Address,0.25,artifact_cooccurrence,detect
T1567.001,Exfiltration to Code Repository,D3-IPRA,IP Reputation Analysis,detect,Detect,1,IP Address,0.25,artifact_cooccurrence,detect
T1567.002,Exfiltration to Cloud Storage,D3-IPRA,IP Reputation Analysis,detect,Detect,1,IP Address,0.25,artifact_cooccurrence,detect
T1567.003,Exfiltration to Text Storage Sites,D3-IPRA,IP Reputation Analysis,detect,Detect,1,IP Address,0.25,artifact_cooccurrence,detect
T1567.004,Exfiltration Over Webhook,D3-IPRA,IP Reputation Analysis,detect,Detect,1,IP Address,0.25,artifact_cooccurrence,detect
T1567,Exfiltration Over Web Service,D3-IPRA,IP Reputation Analysis,detect,Detect,1,IP Address,0.25,artifact_cooccurrence,detect
T1568.001,Fast Flux DNS,D3-IPRA,IP Reputation Analysis,detect,Detect,1,IP Address,0.25,artifact_cooccurrence,detect
T1568.002,Domain Generation Algorithms,D3-IPRA,IP Reputation Analysis,detect,Detect,1,IP Address,0.25,artifact_cooccurrence,detect
T1568.003,DNS Calculation,D3-IPRA,IP Reputation Analysis,detect,Detect,1,IP Address,0.25,artifact_cooccurrence,detect
T1568,Dynamic Resolution,D3-IPRA,IP Reputation Analysis,detect,Detect,1,IP Address,0.25,artifact_cooccurrence,detect
T1570,Lateral Tool Transfer,D3-IPRA,IP Reputation Analysis,detect,Detect,1,IP Address,0.25,artifact_cooccurrence,detect
T1571,Non-Standard Port,D3-IPRA,IP Reputation Analysis,detect,Detect,1,IP Address,0.25,artifact_cooccurrence,detect
T1572,Protocol Tunneling,D3-IPRA,IP Reputation Analysis,detect,Detect,1,IP Address,0.25,artifact_cooccurrence,detect
T1573.001,Symmetric Cryptography,D3-IPRA,IP Reputation Analysis,detect,Detect,1,IP Address,0.25,artifact_cooccurrence,detect
T1573.002,Asymmetric Cryptography,D3-IPRA,IP Reputation Analysis,detect,Detect,1,IP Address,0.25,artifact_cooccurrence,detect
T1573,Encrypted Channel,D3-IPRA,IP Reputation Analysis,detect,Detect,1,IP Address,0.25,artifact_cooccurrence,detect
T1578.002,Create Cloud Instance,D3-IPRA,IP Reputation Analysis,detect,Detect,1,IP Address,0.25,artifact_cooccurrence,detect
T1578.003,Delete Cloud Instance,D3-IPRA,IP Reputation Analysis,detect,Detect,1,IP Address,0.25,artifact_cooccurrence,detect
T1578.004,Revert Cloud Instance,D3-IPRA,IP Reputation Analysis,detect,Detect,1,IP Address,0.25,artifact_cooccurrence,detect
T1578,Modify Cloud Compute Infrastructure,D3-IPRA,IP Reputation Analysis,detect,Detect,1,IP Address,0.25,artifact_cooccurrence,detect
T1003.007,Proc Filesystem,D3-URA,URL Reputation Analysis,detect,Detect,1,URL,0.25,artifact_cooccurrence,detect
T1003.008,/etc/passwd and /etc/shadow,D3-URA,URL Reputation Analysis,detect,Detect,1,URL,0.25,artifact_cooccurrence,detect
T1003,OS Credential Dumping,D3-URA,URL Reputation Analysis,detect,Detect,1,URL,0.25,artifact_cooccurrence,detect
T1005,Data from Local System,D3-URA,URL Reputation Analysis,detect,Detect,1,URL,0.25,artifact_cooccurrence,detect
T1014,Rootkit,D3-URA,URL Reputation Analysis,detect,Detect,1,URL,0.25,artifact_cooccurrence,detect
T1016.001,Internet Connection Discovery,D3-URA,URL Reputation Analysis,detect,Detect,1,URL,0.25,artifact_cooccurrence,detect
T1016.002,Wi-Fi Discovery,D3-URA,URL Reputation Analysis,detect,Detect,1,URL,0.25,artifact_cooccurrence,detect
T1016,System Network Configuration Discovery,D3-URA,URL Reputation Analysis,detect,Detect,1,URL,0.25,artifact_cooccurrence,detect
T1018,Remote System Discovery,D3-URA,URL Reputation Analysis,detect,Detect,1,URL,0.25,artifact_cooccurrence,detect
T1027.001,Binary Padding,D3-URA,URL Reputation Analysis,detect,Detect,1,URL,0.25,artifact_cooccurrence,detect
T1027.002,Software Packing,D3-URA,URL Reputation Analysis,detect,Detect,1,URL,0.25,artifact_cooccurrence,detect
T1027.004,Compile After Delivery,D3-URA,URL Reputation Analysis,detect,Detect,1,URL,0.25,artifact_cooccurrence,detect
T1027,Obfuscated Files or Information,D3-URA,URL Reputation Analysis,detect,Detect,1,URL,0.25,artifact_cooccurrence,detect
T1033,System Owner/User Discovery,D3-URA,URL Reputation Analysis,detect,Detect,1,URL,0.25,artifact_cooccurrence,detect
T1036.001,Invalid Code Signature,D3-URA,URL Reputation Analysis,detect,Detect,1,URL,0.25,artifact_cooccurrence,detect
T1036.003,Rename Legitimate Utilities,D3-URA,URL Reputation Analysis,detect,Detect,1,URL,0.25,artifact_cooccurrence,detect
T1036.005,Match Legitimate Resource Name or Location,D3-URA,URL Reputation Analysis,detect,Detect,1,URL,0.25,artifact_cooccurrence,detect
T1036.006,Space after Filename,D3-URA,URL Reputation Analysis,detect,Detect,1,URL,0.25,artifact_cooccurrence,detect
T1036,Masquerading,D3-URA,URL Reputation Analysis,detect,Detect,1,URL,0.25,artifact_cooccurrence,detect
T1037.001,Logon Script (Windows),D3-URA,URL Reputation Analysis,detect,Detect,1,URL,0.25,artifact_cooccurrence,detect
T1037.002,Login Hook,D3-URA,URL Reputation Analysis,detect,Detect,1,URL,0.25,artifact_cooccurrence,detect
T1037.003,Network Logon Script,D3-URA,URL Reputation Analysis,detect,Detect,1,URL,0.25,artifact_cooccurrence,detect
T1037.004,RC Scripts,D3-URA,URL Reputation Analysis,detect,Detect,1,URL,0.25,artifact_cooccurrence,detect
T1037.005,Startup Items,D3-URA,URL Reputation Analysis,detect,Detect,1,URL,0.25,artifact_cooccurrence,detect
T1037,Boot or Logon Initialization Scripts,D3-URA,URL Reputation Analysis,detect,Detect,1,URL,0.25,artifact_cooccurrence,detect
T1041,Exfiltration Over C2 Channel,D3-URA,URL Reputation Analysis,detect,Detect,1,URL,0.25,artifact_cooccurrence,detect
T1048.002,Exfiltration Over Asymmetric Encrypted Non-C2 Protocol,D3-URA,URL Reputation Analysis,detect,Detect,1,URL,0.25,artifact_cooccurrence,detect
T1048,Exfiltration Over Alternative Protocol,D3-URA,URL Reputation Analysis,detect,Detect,1,URL,0.25,artifact_cooccurrence,detect
T1053.004,Launchd,D3-URA,URL Reputation Analysis,detect,Detect,1,URL,0.25,artifact_cooccurrence,detect
T1053,Scheduled Task/Job,D3-URA,URL Reputation Analysis,detect,Detect,1,URL,0.25,artifact_cooccurrence,detect
T1055.001,Dynamic-link Library Injection,D3-URA,URL Reputation Analysis,detect,Detect,1,URL,0.25,artifact_cooccurrence,detect
T1055.002,Portable Executable Injection,D3-URA,URL Reputation Analysis,detect,Detect,1,URL,0.25,artifact_cooccurrence,detect
T1055.003,Thread Execution Hijacking,D3-URA,URL Reputation Analysis,detect,Detect,1,URL,0.25,artifact_cooccurrence,detect
T1055.009,Proc Memory,D3-URA,URL Reputation Analysis,detect,Detect,1,URL,0.25,artifact_cooccurrence,detect
T1055.014,VDSO Hijacking,D3-URA,URL Reputation Analysis,detect,Detect,1,URL,0.25,artifact_cooccurrence,detect
T1055,Process Injection,D3-URA,URL Reputation Analysis,detect,Detect,1,URL,0.25,artifact_cooccurrence,detect
T1059.001,PowerShell,D3-URA,URL Reputation Analysis,detect,Detect,1,URL,0.25,artifact_cooccurrence,detect
T1059.002,AppleScript,D3-URA,URL Reputation Analysis,detect,Detect,1,URL,0.25,artifact_cooccurrence,detect
T1059.003,Windows Command Shell,D3-URA,URL Reputation Analysis,detect,Detect,1,URL,0.25,artifact_cooccurrence,detect
T1059.004,Unix Shell,D3-URA,URL Reputation Analysis,detect,Detect,1,URL,0.25,artifact_cooccurrence,detect
T1059.005,Visual Basic,D3-URA,URL Reputation Analysis,detect,Detect,1,URL,0.25,artifact_cooccurrence,detect
T1059.006,Python,D3-URA,URL Reputation Analysis,detect,Detect,1,URL,0.25,artifact_cooccurrence,detect
T1059.007,JavaScript,D3-URA,URL Reputation Analysis,detect,Detect,1,URL,0.25,artifact_cooccurrence,detect
T1059.008,Network Device CLI,D3-URA,URL Reputation Analysis,detect,Detect,1,URL,0.25,artifact_cooccurrence,detect
T1059.009,Cloud API,D3-URA,URL Reputation Analysis,detect,Detect,1,URL,0.25,artifact_cooccurrence,detect
T1059.010,AutoHotKey &amp; AutoIT,D3-URA,URL Reputation Analysis,detect,Detect,1,URL,0.25,artifact_cooccurrence,detect
T1059.011,Lua,D3-URA,URL Reputation Analysis,detect,Detect,1,URL,0.25,artifact_cooccurrence,detect
T1059.012,Hypervisor CLI,D3-URA,URL Reputation Analysis,detect,Detect,1,URL,0.25,artifact_cooccurrence,detect
T1059.013,Container CLI/API,D3-URA,URL Reputation Analysis,detect,Detect,1,URL,0.25,artifact_cooccurrence,detect
T1059,Command and Scripting Interpreter,D3-URA,URL Reputation Analysis,detect,Detect,1,URL,0.25,artifact_cooccurrence,detect
T1070.002,Clear Linux or Mac System Logs,D3-URA,URL Reputation Analysis,detect,Detect,1,URL,0.25,artifact_cooccurrence,detect
T1070.004,File Deletion,D3-URA,URL Reputation Analysis,detect,Detect,1,URL,0.25,artifact_cooccurrence,detect
T1070,Indicator Removal,D3-URA,URL Reputation Analysis,detect,Detect,1,URL,0.25,artifact_cooccurrence,detect
T1071.001,Web Protocols,D3-URA,URL Reputation Analysis,detect,Detect,1,URL,0.25,artifact_cooccurrence,detect
T1071.002,File Transfer Protocols,D3-URA,URL Reputation Analysis,detect,Detect,1,URL,0.25,artifact_cooccurrence,detect
T1071.003,Mail Protocols,D3-URA,URL Reputation Analysis,detect,Detect,1,URL,0.25,artifact_cooccurrence,detect
T1071.004,DNS,D3-URA,URL Reputation Analysis,detect,Detect,1,URL,0.25,artifact_cooccurrence,detect
T1071.005,Publish/Subscribe Protocols,D3-URA,URL Reputation Analysis,detect,Detect,1,URL,0.25,artifact_cooccurrence,detect
T1071,Application Layer Protocol,D3-URA,URL Reputation Analysis,detect,Detect,1,URL,0.25,artifact_cooccurrence,detect
T1072,Software Deployment Tools,D3-URA,URL Reputation Analysis,detect,Detect,1,URL,0.25,artifact_cooccurrence,detect
T1074.001,Local Data Staging,D3-URA,URL Reputation Analysis,detect,Detect,1,URL,0.25,artifact_cooccurrence,detect
T1074,Data Staged,D3-URA,URL Reputation Analysis,detect,Detect,1,URL,0.25,artifact_cooccurrence,detect
T1083,File and Directory Discovery,D3-URA,URL Reputation Analysis,detect,Detect,1,URL,0.25,artifact_cooccurrence,detect
T1090.004,Domain Fronting,D3-URA,URL Reputation Analysis,detect,Detect,1,URL,0.25,artifact_cooccurrence,detect
T1090,Proxy,D3-URA,URL Reputation Analysis,detect,Detect,1,URL,0.25,artifact_cooccurrence,detect
T1102.001,Dead Drop Resolver,D3-URA,URL Reputation Analysis,detect,Detect,1,URL,0.25,artifact_cooccurrence,detect
T1102.002,Bidirectional Communication,D3-URA,URL Reputation Analysis,detect,Detect,1,URL,0.25,artifact_cooccurrence,detect
T1102.003,One-Way Communication,D3-URA,URL Reputation Analysis,detect,Detect,1,URL,0.25,artifact_cooccurrence,detect
T1102,Web Service,D3-URA,URL Reputation Analysis,detect,Detect,1,URL,0.25,artifact_cooccurrence,detect
T1114.001,Local Email Collection,D3-URA,URL Reputation Analysis,detect,Detect,1,URL,0.25,artifact_cooccurrence,detect
T1114,Email Collection,D3-URA,URL Reputation Analysis,detect,Detect,1,URL,0.25,artifact_cooccurrence,detect
T1119,Automated Collection,D3-URA,URL Reputation Analysis,detect,Detect,1,URL,0.25,artifact_cooccurrence,detect
T1127.001,MSBuild,D3-URA,URL Reputation Analysis,detect,Detect,1,URL,0.25,artifact_cooccurrence,detect
T1127,Trusted Developer Utilities Proxy Execution,D3-URA,URL Reputation Analysis,detect,Detect,1,URL,0.25,artifact_cooccurrence,detect
T1137.001,Office Template Macros,D3-URA,URL Reputation Analysis,detect,Detect,1,URL,0.25,artifact_cooccurrence,detect
T1137.003,Outlook Forms,D3-URA,URL Reputation Analysis,detect,Detect,1,URL,0.25,artifact_cooccurrence,detect
T1137,Office Application Startup,D3-URA,URL Reputation Analysis,detect,Detect,1,URL,0.25,artifact_cooccurrence,detect
T1140,Deobfuscate/Decode Files or Information,D3-URA,URL Reputation Analysis,detect,Detect,1,URL,0.25,artifact_cooccurrence,detect
T1187,Forced Authentication,D3-URA,URL Reputation Analysis,detect,Detect,1,URL,0.25,artifact_cooccurrence,detect
T1189,Drive-by Compromise,D3-URA,URL Reputation Analysis,detect,Detect,1,URL,0.25,artifact_cooccurrence,detect
T1197,BITS Jobs,D3-URA,URL Reputation Analysis,detect,Detect,1,URL,0.25,artifact_cooccurrence,detect
T1204.001,Malicious Link,D3-URA,URL Reputation Analysis,detect,Detect,1,URL,0.25,artifact_cooccurrence,detect
T1204.002,Malicious File,D3-URA,URL Reputation Analysis,detect,Detect,1,URL,0.25,artifact_cooccurrence,detect
T1204,User Execution,D3-URA,URL Reputation Analysis,detect,Detect,1,URL,0.25,artifact_cooccurrence,detect
T1213.001,Confluence,D3-URA,URL Reputation Analysis,detect,Detect,1,URL,0.25,artifact_cooccurrence,detect
T1213.002,Sharepoint,D3-URA,URL Reputation Analysis,detect,Detect,1,URL,0.25,artifact_cooccurrence,detect
T1213,Data from Information Repositories,D3-URA,URL Reputation Analysis,detect,Detect,1,URL,0.25,artifact_cooccurrence,detect
T1218.005,Mshta,D3-URA,URL Reputation Analysis,detect,Detect,1,URL,0.25,artifact_cooccurrence,detect
T1218.011,Rundll32,D3-URA,URL Reputation Analysis,detect,Detect,1,URL,0.25,artifact_cooccurrence,detect
T1218,System Binary Proxy Execution,D3-URA,URL Reputation Analysis,detect,Detect,1,URL,0.25,artifact_cooccurrence,detect
T1220,XSL Script Processing,D3-URA,URL Reputation Analysis,detect,Detect,1,URL,0.25,artifact_cooccurrence,detect
T1486,Data Encrypted for Impact,D3-URA,URL Reputation Analysis,detect,Detect,1,URL,0.25,artifact_cooccurrence,detect
T1505.003,Web Shell,D3-URA,URL Reputation Analysis,detect,Detect,1,URL,0.25,artifact_cooccurrence,detect
T1505,Server Software Component,D3-URA,URL Reputation Analysis,detect,Detect,1,URL,0.25,artifact_cooccurrence,detect
T1534,Internal Spearphishing,D3-URA,URL Reputation Analysis,detect,Detect,1,URL,0.25,artifact_cooccurrence,detect
T1543.001,Launch Agent,D3-URA,URL Reputation Analysis,detect,Detect,1,URL,0.25,artifact_cooccurrence,detect
T1543.002,Systemd Service,D3-URA,URL Reputation Analysis,detect,Detect,1,URL,0.25,artifact_cooccurrence,detect
T1543.004,Launch Daemon,D3-URA,URL Reputation Analysis,detect,Detect,1,URL,0.25,artifact_cooccurrence,detect
T1543,Create or Modify System Process,D3-URA,URL Reputation Analysis,detect,Detect,1,URL,0.25,artifact_cooccurrence,detect
T1546.002,Screensaver,D3-URA,URL Reputation Analysis,detect,Detect,1,URL,0.25,artifact_cooccurrence,detect
T1546.004,Unix Shell Configuration Modification,D3-URA,URL Reputation Analysis,detect,Detect,1,URL,0.25,artifact_cooccurrence,detect
T1546.005,Trap,D3-URA,URL Reputation Analysis,detect,Detect,1,URL,0.25,artifact_cooccurrence,detect
T1546.006,LC_LOAD_DYLIB Addition,D3-URA,URL Reputation Analysis,detect,Detect,1,URL,0.25,artifact_cooccurrence,detect
T1546.008,Accessibility Features,D3-URA,URL Reputation Analysis,detect,Detect,1,URL,0.25,artifact_cooccurrence,detect
T1546.009,AppCert DLLs,D3-URA,URL Reputation Analysis,detect,Detect,1,URL,0.25,artifact_cooccurrence,detect
T1546.010,AppInit DLLs,D3-URA,URL Reputation Analysis,detect,Detect,1,URL,0.25,artifact_cooccurrence,detect
T1546.013,PowerShell Profile,D3-URA,URL Reputation Analysis,detect,Detect,1,URL,0.25,artifact_cooccurrence,detect
T1546.014,Emond,D3-URA,URL Reputation Analysis,detect,Detect,1,URL,0.25,artifact_cooccurrence,detect
T1546.015,Component Object Model Hijacking,D3-URA,URL Reputation Analysis,detect,Detect,1,URL,0.25,artifact_cooccurrence,detect
T1546,Event Triggered Execution,D3-URA,URL Reputation Analysis,detect,Detect,1,URL,0.25,artifact_cooccurrence,detect
T1547.001,Registry Run Keys / Startup Folder,D3-URA,URL Reputation Analysis,detect,Detect,1,URL,0.25,artifact_cooccurrence,detect
T1547.006,Kernel Modules and Extensions,D3-URA,URL Reputation Analysis,detect,Detect,1,URL,0.25,artifact_cooccurrence,detect
T1547.007,Re-opened Applications,D3-URA,URL Reputation Analysis,detect,Detect,1,URL,0.25,artifact_cooccurrence,detect
T1547.008,LSASS Driver,D3-URA,URL Reputation Analysis,detect,Detect,1,URL,0.25,artifact_cooccurrence,detect
T1547.009,Shortcut Modification,D3-URA,URL Reputation Analysis,detect,Detect,1,URL,0.25,artifact_cooccurrence,detect
T1547.011,Plist Modification,D3-URA,URL Reputation Analysis,detect,Detect,1,URL,0.25,artifact_cooccurrence,detect
T1547,Boot or Logon Autostart Execution,D3-URA,URL Reputation Analysis,detect,Detect,1,URL,0.25,artifact_cooccurrence,detect
T1548.002,Bypass User Account Control,D3-URA,URL Reputation Analysis,detect,Detect,1,URL,0.25,artifact_cooccurrence,detect
T1548.003,Sudo and Sudo Caching,D3-URA,URL Reputation Analysis,detect,Detect,1,URL,0.25,artifact_cooccurrence,detect
T1548,Abuse Elevation Control Mechanism,D3-URA,URL Reputation Analysis,detect,Detect,1,URL,0.25,artifact_cooccurrence,detect
T1552.001,Credentials In Files,D3-URA,URL Reputation Analysis,detect,Detect,1,URL,0.25,artifact_cooccurrence,detect
T1552.003,Shell History,D3-URA,URL Reputation Analysis,detect,Detect,1,URL,0.25,artifact_cooccurrence,detect
T1552,Unsecured Credentials,D3-URA,URL Reputation Analysis,detect,Detect,1,URL,0.25,artifact_cooccurrence,detect
T1555.001,Keychain,D3-URA,URL Reputation Analysis,detect,Detect,1,URL,0.25,artifact_cooccurrence,detect
T1555.002,Securityd Memory,D3-URA,URL Reputation Analysis,detect,Detect,1,URL,0.25,artifact_cooccurrence,detect
T1555.003,Credentials from Web Browsers,D3-URA,URL Reputation Analysis,detect,Detect,1,URL,0.25,artifact_cooccurrence,detect
T1555.004,Windows Credential Manager,D3-URA,URL Reputation Analysis,detect,Detect,1,URL,0.25,artifact_cooccurrence,detect
T1555.005,Password Managers,D3-URA,URL Reputation Analysis,detect,Detect,1,URL,0.25,artifact_cooccurrence,detect
T1555.006,Cloud Secrets Management Stores,D3-URA,URL Reputation Analysis,detect,Detect,1,URL,0.25,artifact_cooccurrence,detect
T1555,Credentials from Password Stores,D3-URA,URL Reputation Analysis,detect,Detect,1,URL,0.25,artifact_cooccurrence,detect
T1556.002,Password Filter DLL,D3-URA,URL Reputation Analysis,detect,Detect,1,URL,0.25,artifact_cooccurrence,detect
T1556.003,Pluggable Authentication Modules,D3-URA,URL Reputation Analysis,detect,Detect,1,URL,0.25,artifact_cooccurrence,detect
T1556,Modify Authentication Process,D3-URA,URL Reputation Analysis,detect,Detect,1,URL,0.25,artifact_cooccurrence,detect
T1560.001,Archive via Utility,D3-URA,URL Reputation Analysis,detect,Detect,1,URL,0.25,artifact_cooccurrence,detect
T1560.002,Archive via Library,D3-URA,URL Reputation Analysis,detect,Detect,1,URL,0.25,artifact_cooccurrence,detect
T1560.003,Archive via Custom Method,D3-URA,URL Reputation Analysis,detect,Detect,1,URL,0.25,artifact_cooccurrence,detect
T1560,Archive Collected Data,D3-URA,URL Reputation Analysis,detect,Detect,1,URL,0.25,artifact_cooccurrence,detect
T1562.003,Impair Command History Logging,D3-URA,URL Reputation Analysis,detect,Detect,1,URL,0.25,artifact_cooccurrence,detect
T1562,Impair Defenses,D3-URA,URL Reputation Analysis,detect,Detect,1,URL,0.25,artifact_cooccurrence,detect
T1564.002,Hidden Users,D3-URA,URL Reputation Analysis,detect,Detect,1,URL,0.25,artifact_cooccurrence,detect
T1564.003,Hidden Window,D3-URA,URL Reputation Analysis,detect,Detect,1,URL,0.25,artifact_cooccurrence,detect
T1564.005,Hidden File System,D3-URA,URL Reputation Analysis,detect,Detect,1,URL,0.25,artifact_cooccurrence,detect
T1564.006,Run Virtual Instance,D3-URA,URL Reputation Analysis,detect,Detect,1,URL,0.25,artifact_cooccurrence,detect
T1564.007,VBA Stomping,D3-URA,URL Reputation Analysis,detect,Detect,1,URL,0.25,artifact_cooccurrence,detect
T1564,Hide Artifacts,D3-URA,URL Reputation Analysis,detect,Detect,1,URL,0.25,artifact_cooccurrence,detect
T1565.001,Stored Data Manipulation,D3-URA,URL Reputation Analysis,detect,Detect,1,URL,0.25,artifact_cooccurrence,detect
T1565.003,Runtime Data Manipulation,D3-URA,URL Reputation Analysis,detect,Detect,1,URL,0.25,artifact_cooccurrence,detect
T1565,Data Manipulation,D3-URA,URL Reputation Analysis,detect,Detect,1,URL,0.25,artifact_cooccurrence,detect
T1566.001,Spearphishing Attachment,D3-URA,URL Reputation Analysis,detect,Detect,1,URL,0.25,artifact_cooccurrence,detect
T1566.002,Spearphishing Link,D3-URA,URL Reputation Analysis,detect,Detect,1,URL,0.25,artifact_cooccurrence,detect
T1566.003,Spearphishing via Service,D3-URA,URL Reputation Analysis,detect,Detect,1,URL,0.25,artifact_cooccurrence,detect
T1566,Phishing,D3-URA,URL Reputation Analysis,detect,Detect,1,URL,0.25,artifact_cooccurrence,detect
T1567.001,Exfiltration to Code Repository,D3-URA,URL Reputation Analysis,detect,Detect,1,URL,0.25,artifact_cooccurrence,detect
T1567.002,Exfiltration to Cloud Storage,D3-URA,URL Reputation Analysis,detect,Detect,1,URL,0.25,artifact_cooccurrence,detect
T1567.003,Exfiltration to Text Storage Sites,D3-URA,URL Reputation Analysis,detect,Detect,1,URL,0.25,artifact_cooccurrence,detect
T1567.004,Exfiltration Over Webhook,D3-URA,URL Reputation Analysis,detect,Detect,1,URL,0.25,artifact_cooccurrence,detect
T1567,Exfiltration Over Web Service,D3-URA,URL Reputation Analysis,detect,Detect,1,URL,0.25,artifact_cooccurrence,detect
T1573.002,Asymmetric Cryptography,D3-URA,URL Reputation Analysis,detect,Detect,1,URL,0.25,artifact_cooccurrence,detect
T1573,Encrypted Channel,D3-URA,URL Reputation Analysis,detect,Detect,1,URL,0.25,artifact_cooccurrence,detect
T1574.001,DLL,D3-URA,URL Reputation Analysis,detect,Detect,1,URL,0.25,artifact_cooccurrence,detect
T1574.002,DLL Side-Loading,D3-URA,URL Reputation Analysis,detect,Detect,1,URL,0.25,artifact_cooccurrence,detect
T1574.004,Dylib Hijacking,D3-URA,URL Reputation Analysis,detect,Detect,1,URL,0.25,artifact_cooccurrence,detect
T1574.006,Dynamic Linker Hijacking,D3-URA,URL Reputation Analysis,detect,Detect,1,URL,0.25,artifact_cooccurrence,detect
T1574.007,Path Interception by PATH Environment Variable,D3-URA,URL Reputation Analysis,detect,Detect,1,URL,0.25,artifact_cooccurrence,detect
T1574.008,Path Interception by Search Order Hijacking,D3-URA,URL Reputation Analysis,detect,Detect,1,URL,0.25,artifact_cooccurrence,detect
T1574.009,Path Interception by Unquoted Path,D3-URA,URL Reputation Analysis,detect,Detect,1,URL,0.25,artifact_cooccurrence,detect
T1574.012,COR_PROFILER,D3-URA,URL Reputation Analysis,detect,Detect,1,URL,0.25,artifact_cooccurrence,detect
T1574,Hijack Execution Flow,D3-URA,URL Reputation Analysis,detect,Detect,1,URL,0.25,artifact_cooccurrence,detect
T1619,Cloud Storage Object Discovery,D3-URA,URL Reputation Analysis,detect,Detect,1,URL,0.25,artifact_cooccurrence,detect
T1649,Steal or Forge Authentication Certificates,D3-URA,URL Reputation Analysis,detect,Detect,1,URL,0.25,artifact_cooccurrence,detect
T1003.007,Proc Filesystem,D3-UA,URL Analysis,detect,Detect,1,URL,0.25,artifact_cooccurrence,detect
T1003.008,/etc/passwd and /etc/shadow,D3-UA,URL Analysis,detect,Detect,1,URL,0.25,artifact_cooccurrence,detect
T1003,OS Credential Dumping,D3-UA,URL Analysis,detect,Detect,1,URL,0.25,artifact_cooccurrence,detect
T1005,Data from Local System,D3-UA,URL Analysis,detect,Detect,1,URL,0.25,artifact_cooccurrence,detect
T1014,Rootkit,D3-UA,URL Analysis,detect,Detect,1,URL,0.25,artifact_cooccurrence,detect
T1016.001,Internet Connection Discovery,D3-UA,URL Analysis,detect,Detect,1,URL,0.25,artifact_cooccurrence,detect
T1016.002,Wi-Fi Discovery,D3-UA,URL Analysis,detect,Detect,1,URL,0.25,artifact_cooccurrence,detect
T1016,System Network Configuration Discovery,D3-UA,URL Analysis,detect,Detect,1,URL,0.25,artifact_cooccurrence,detect
T1018,Remote System Discovery,D3-UA,URL Analysis,detect,Detect,1,URL,0.25,artifact_cooccurrence,detect
T1027.001,Binary Padding,D3-UA,URL Analysis,detect,Detect,1,URL,0.25,artifact_cooccurrence,detect
T1027.002,Software Packing,D3-UA,URL Analysis,detect,Detect,1,URL,0.25,artifact_cooccurrence,detect
T1027.004,Compile After Delivery,D3-UA,URL Analysis,detect,Detect,1,URL,0.25,artifact_cooccurrence,detect
T1027,Obfuscated Files or Information,D3-UA,URL Analysis,detect,Detect,1,URL,0.25,artifact_cooccurrence,detect
T1033,System Owner/User Discovery,D3-UA,URL Analysis,detect,Detect,1,URL,0.25,artifact_cooccurrence,detect
T1036.001,Invalid Code Signature,D3-UA,URL Analysis,detect,Detect,1,URL,0.25,artifact_cooccurrence,detect
T1036.003,Rename Legitimate Utilities,D3-UA,URL Analysis,detect,Detect,1,URL,0.25,artifact_cooccurrence,detect
T1036.005,Match Legitimate Resource Name or Location,D3-UA,URL Analysis,detect,Detect,1,URL,0.25,artifact_cooccurrence,detect
T1036.006,Space after Filename,D3-UA,URL Analysis,detect,Detect,1,URL,0.25,artifact_cooccurrence,detect
T1036,Masquerading,D3-UA,URL Analysis,detect,Detect,1,URL,0.25,artifact_cooccurrence,detect
T1037.001,Logon Script (Windows),D3-UA,URL Analysis,detect,Detect,1,URL,0.25,artifact_cooccurrence,detect
T1037.002,Login Hook,D3-UA,URL Analysis,detect,Detect,1,URL,0.25,artifact_cooccurrence,detect
T1037.003,Network Logon Script,D3-UA,URL Analysis,detect,Detect,1,URL,0.25,artifact_cooccurrence,detect
T1037.004,RC Scripts,D3-UA,URL Analysis,detect,Detect,1,URL,0.25,artifact_cooccurrence,detect
T1037.005,Startup Items,D3-UA,URL Analysis,detect,Detect,1,URL,0.25,artifact_cooccurrence,detect
T1037,Boot or Logon Initialization Scripts,D3-UA,URL Analysis,detect,Detect,1,URL,0.25,artifact_cooccurrence,detect
T1041,Exfiltration Over C2 Channel,D3-UA,URL Analysis,detect,Detect,1,URL,0.25,artifact_cooccurrence,detect
T1048.002,Exfiltration Over Asymmetric Encrypted Non-C2 Protocol,D3-UA,URL Analysis,detect,Detect,1,URL,0.25,artifact_cooccurrence,detect
T1048,Exfiltration Over Alternative Protocol,D3-UA,URL Analysis,detect,Detect,1,URL,0.25,artifact_cooccurrence,detect
T1053.004,Launchd,D3-UA,URL Analysis,detect,Detect,1,URL,0.25,artifact_cooccurrence,detect
T1053,Scheduled Task/Job,D3-UA,URL Analysis,detect,Detect,1,URL,0.25,artifact_cooccurrence,detect
T1055.001,Dynamic-link Library Injection,D3-UA,URL Analysis,detect,Detect,1,URL,0.25,artifact_cooccurrence,detect
T1055.002,Portable Executable Injection,D3-UA,URL Analysis,detect,Detect,1,URL,0.25,artifact_cooccurrence,detect
T1055.003,Thread Execution Hijacking,D3-UA,URL Analysis,detect,Detect,1,URL,0.25,artifact_cooccurrence,detect
T1055.009,Proc Memory,D3-UA,URL Analysis,detect,Detect,1,URL,0.25,artifact_cooccurrence,detect
T1055.014,VDSO Hijacking,D3-UA,URL Analysis,detect,Detect,1,URL,0.25,artifact_cooccurrence,detect
T1055,Process Injection,D3-UA,URL Analysis,detect,Detect,1,URL,0.25,artifact_cooccurrence,detect
T1059.001,PowerShell,D3-UA,URL Analysis,detect,Detect,1,URL,0.25,artifact_cooccurrence,detect
T1059.002,AppleScript,D3-UA,URL Analysis,detect,Detect,1,URL,0.25,artifact_cooccurrence,detect
T1059.003,Windows Command Shell,D3-UA,URL Analysis,detect,Detect,1,URL,0.25,artifact_cooccurrence,detect
T1059.004,Unix Shell,D3-UA,URL Analysis,detect,Detect,1,URL,0.25,artifact_cooccurrence,detect
T1059.005,Visual Basic,D3-UA,URL Analysis,detect,Detect,1,URL,0.25,artifact_cooccurrence,detect
T1059.006,Python,D3-UA,URL Analysis,detect,Detect,1,URL,0.25,artifact_cooccurrence,detect
T1059.007,JavaScript,D3-UA,URL Analysis,detect,Detect,1,URL,0.25,artifact_cooccurrence,detect
T1059.008,Network Device CLI,D3-UA,URL Analysis,detect,Detect,1,URL,0.25,artifact_cooccurrence,detect
T1059.009,Cloud API,D3-UA,URL Analysis,detect,Detect,1,URL,0.25,artifact_cooccurrence,detect
T1059.010,AutoHotKey &amp; AutoIT,D3-UA,URL Analysis,detect,Detect,1,URL,0.25,artifact_cooccurrence,detect
T1059.011,Lua,D3-UA,URL Analysis,detect,Detect,1,URL,0.25,artifact_cooccurrence,detect
T1059.012,Hypervisor CLI,D3-UA,URL Analysis,detect,Detect,1,URL,0.25,artifact_cooccurrence,detect
T1059.013,Container CLI/API,D3-UA,URL Analysis,detect,Detect,1,URL,0.25,artifact_cooccurrence,detect
T1059,Command and Scripting Interpreter,D3-UA,URL Analysis,detect,Detect,1,URL,0.25,artifact_cooccurrence,detect
T1070.002,Clear Linux or Mac System Logs,D3-UA,URL Analysis,detect,Detect,1,URL,0.25,artifact_cooccurrence,detect
T1070.004,File Deletion,D3-UA,URL Analysis,detect,Detect,1,URL,0.25,artifact_cooccurrence,detect
T1070,Indicator Removal,D3-UA,URL Analysis,detect,Detect,1,URL,0.25,artifact_cooccurrence,detect
T1071.001,Web Protocols,D3-UA,URL Analysis,detect,Detect,1,URL,0.25,artifact_cooccurrence,detect
T1071.002,File Transfer Protocols,D3-UA,URL Analysis,detect,Detect,1,URL,0.25,artifact_cooccurrence,detect
T1071.003,Mail Protocols,D3-UA,URL Analysis,detect,Detect,1,URL,0.25,artifact_cooccurrence,detect
T1071.004,DNS,D3-UA,URL Analysis,detect,Detect,1,URL,0.25,artifact_cooccurrence,detect
T1071.005,Publish/Subscribe Protocols,D3-UA,URL Analysis,detect,Detect,1,URL,0.25,artifact_cooccurrence,detect
T1071,Application Layer Protocol,D3-UA,URL Analysis,detect,Detect,1,URL,0.25,artifact_cooccurrence,detect
T1072,Software Deployment Tools,D3-UA,URL Analysis,detect,Detect,1,URL,0.25,artifact_cooccurrence,detect
T1074.001,Local Data Staging,D3-UA,URL Analysis,detect,Detect,1,URL,0.25,artifact_cooccurrence,detect
T1074,Data Staged,D3-UA,URL Analysis,detect,Detect,1,URL,0.25,artifact_cooccurrence,detect
T1083,File and Directory Discovery,D3-UA,URL Analysis,detect,Detect,1,URL,0.25,artifact_cooccurrence,detect
T1090.004,Domain Fronting,D3-UA,URL Analysis,detect,Detect,1,URL,0.25,artifact_cooccurrence,detect
T1090,Proxy,D3-UA,URL Analysis,detect,Detect,1,URL,0.25,artifact_cooccurrence,detect
T1102.001,Dead Drop Resolver,D3-UA,URL Analysis,detect,Detect,1,URL,0.25,artifact_cooccurrence,detect
T1102.002,Bidirectional Communication,D3-UA,URL Analysis,detect,Detect,1,URL,0.25,artifact_cooccurrence,detect
T1102.003,One-Way Communication,D3-UA,URL Analysis,detect,Detect,1,URL,0.25,artifact_cooccurrence,detect
T1102,Web Service,D3-UA,URL Analysis,detect,Detect,1,URL,0.25,artifact_cooccurrence,detect
T1114.001,Local Email Collection,D3-UA,URL Analysis,detect,Detect,1,URL,0.25,artifact_cooccurrence,detect
T1114,Email Collection,D3-UA,URL Analysis,detect,Detect,1,URL,0.25,artifact_cooccurrence,detect
T1119,Automated Collection,D3-UA,URL Analysis,detect,Detect,1,URL,0.25,artifact_cooccurrence,detect
T1127.001,MSBuild,D3-UA,URL Analysis,detect,Detect,1,URL,0.25,artifact_cooccurrence,detect
T1127,Trusted Developer Utilities Proxy Execution,D3-UA,URL Analysis,detect,Detect,1,URL,0.25,artifact_cooccurrence,detect
T1137.001,Office Template Macros,D3-UA,URL Analysis,detect,Detect,1,URL,0.25,artifact_cooccurrence,detect
T1137.003,Outlook Forms,D3-UA,URL Analysis,detect,Detect,1,URL,0.25,artifact_cooccurrence,detect
T1137,Office Application Startup,D3-UA,URL Analysis,detect,Detect,1,URL,0.25,artifact_cooccurrence,detect
T1140,Deobfuscate/Decode Files or Information,D3-UA,URL Analysis,detect,Detect,1,URL,0.25,artifact_cooccurrence,detect
T1187,Forced Authentication,D3-UA,URL Analysis,detect,Detect,1,URL,0.25,artifact_cooccurrence,detect
T1189,Drive-by Compromise,D3-UA,URL Analysis,detect,Detect,1,URL,0.25,artifact_cooccurrence,detect
T1197,BITS Jobs,D3-UA,URL Analysis,detect,Detect,1,URL,0.25,artifact_cooccurrence,detect
T1204.001,Malicious Link,D3-UA,URL Analysis,detect,Detect,1,URL,0.25,artifact_cooccurrence,detect
T1204.002,Malicious File,D3-UA,URL Analysis,detect,Detect,1,URL,0.25,artifact_cooccurrence,detect
T1204,User Execution,D3-UA,URL Analysis,detect,Detect,1,URL,0.25,artifact_cooccurrence,detect
T1213.001,Confluence,D3-UA,URL Analysis,detect,Detect,1,URL,0.25,artifact_cooccurrence,detect
T1213.002,Sharepoint,D3-UA,URL Analysis,detect,Detect,1,URL,0.25,artifact_cooccurrence,detect
T1213,Data from Information Repositories,D3-UA,URL Analysis,detect,Detect,1,URL,0.25,artifact_cooccurrence,detect
T1218.005,Mshta,D3-UA,URL Analysis,detect,Detect,1,URL,0.25,artifact_cooccurrence,detect
T1218.011,Rundll32,D3-UA,URL Analysis,detect,Detect,1,URL,0.25,artifact_cooccurrence,detect
T1218,System Binary Proxy Execution,D3-UA,URL Analysis,detect,Detect,1,URL,0.25,artifact_cooccurrence,detect
T1220,XSL Script Processing,D3-UA,URL Analysis,detect,Detect,1,URL,0.25,artifact_cooccurrence,detect
T1486,Data Encrypted for Impact,D3-UA,URL Analysis,detect,Detect,1,URL,0.25,artifact_cooccurrence,detect
T1505.003,Web Shell,D3-UA,URL Analysis,detect,Detect,1,URL,0.25,artifact_cooccurrence,detect
T1505,Server Software Component,D3-UA,URL Analysis,detect,Detect,1,URL,0.25,artifact_cooccurrence,detect
T1534,Internal Spearphishing,D3-UA,URL Analysis,detect,Detect,1,URL,0.25,artifact_cooccurrence,detect
T1543.001,Launch Agent,D3-UA,URL Analysis,detect,Detect,1,URL,0.25,artifact_cooccurrence,detect
T1543.002,Systemd Service,D3-UA,URL Analysis,detect,Detect,1,URL,0.25,artifact_cooccurrence,detect
T1543.004,Launch Daemon,D3-UA,URL Analysis,detect,Detect,1,URL,0.25,artifact_cooccurrence,detect
T1543,Create or Modify System Process,D3-UA,URL Analysis,detect,Detect,1,URL,0.25,artifact_cooccurrence,detect
T1546.002,Screensaver,D3-UA,URL Analysis,detect,Detect,1,URL,0.25,artifact_cooccurrence,detect
T1546.004,Unix Shell Configuration Modification,D3-UA,URL Analysis,detect,Detect,1,URL,0.25,artifact_cooccurrence,detect
T1546.005,Trap,D3-UA,URL Analysis,detect,Detect,1,URL,0.25,artifact_cooccurrence,detect
T1546.006,LC_LOAD_DYLIB Addition,D3-UA,URL Analysis,detect,Detect,1,URL,0.25,artifact_cooccurrence,detect
T1546.008,Accessibility Features,D3-UA,URL Analysis,detect,Detect,1,URL,0.25,artifact_cooccurrence,detect
T1546.009,AppCert DLLs,D3-UA,URL Analysis,detect,Detect,1,URL,0.25,artifact_cooccurrence,detect
T1546.010,AppInit DLLs,D3-UA,URL Analysis,detect,Detect,1,URL,0.25,artifact_cooccurrence,detect
T1546.013,PowerShell Profile,D3-UA,URL Analysis,detect,Detect,1,URL,0.25,artifact_cooccurrence,detect
T1546.014,Emond,D3-UA,URL Analysis,detect,Detect,1,URL,0.25,artifact_cooccurrence,detect
T1546.015,Component Object Model Hijacking,D3-UA,URL Analysis,detect,Detect,1,URL,0.25,artifact_cooccurrence,detect
T1546,Event Triggered Execution,D3-UA,URL Analysis,detect,Detect,1,URL,0.25,artifact_cooccurrence,detect
T1547.001,Registry Run Keys / Startup Folder,D3-UA,URL Analysis,detect,Detect,1,URL,0.25,artifact_cooccurrence,detect
T1547.006,Kernel Modules and Extensions,D3-UA,URL Analysis,detect,Detect,1,URL,0.25,artifact_cooccurrence,detect
T1547.007,Re-opened Applications,D3-UA,URL Analysis,detect,Detect,1,URL,0.25,artifact_cooccurrence,detect
T1547.008,LSASS Driver,D3-UA,URL Analysis,detect,Detect,1,URL,0.25,artifact_cooccurrence,detect
T1547.009,Shortcut Modification,D3-UA,URL Analysis,detect,Detect,1,URL,0.25,artifact_cooccurrence,detect
T1547.011,Plist Modification,D3-UA,URL Analysis,detect,Detect,1,URL,0.25,artifact_cooccurrence,detect
T1547,Boot or Logon Autostart Execution,D3-UA,URL Analysis,detect,Detect,1,URL,0.25,artifact_cooccurrence,detect
T1548.002,Bypass User Account Control,D3-UA,URL Analysis,detect,Detect,1,URL,0.25,artifact_cooccurrence,detect
T1548.003,Sudo and Sudo Caching,D3-UA,URL Analysis,detect,Detect,1,URL,0.25,artifact_cooccurrence,detect
T1548,Abuse Elevation Control Mechanism,D3-UA,URL Analysis,detect,Detect,1,URL,0.25,artifact_cooccurrence,detect
T1552.001,Credentials In Files,D3-UA,URL Analysis,detect,Detect,1,URL,0.25,artifact_cooccurrence,detect
T1552.003,Shell History,D3-UA,URL Analysis,detect,Detect,1,URL,0.25,artifact_cooccurrence,detect
T1552,Unsecured Credentials,D3-UA,URL Analysis,detect,Detect,1,URL,0.25,artifact_cooccurrence,detect
T1555.001,Keychain,D3-UA,URL Analysis,detect,Detect,1,URL,0.25,artifact_cooccurrence,detect
T1555.002,Securityd Memory,D3-UA,URL Analysis,detect,Detect,1,URL,0.25,artifact_cooccurrence,detect
T1555.003,Credentials from Web Browsers,D3-UA,URL Analysis,detect,Detect,1,URL,0.25,artifact_cooccurrence,detect
T1555.004,Windows Credential Manager,D3-UA,URL Analysis,detect,Detect,1,URL,0.25,artifact_cooccurrence,detect
T1555.005,Password Managers,D3-UA,URL Analysis,detect,Detect,1,URL,0.25,artifact_cooccurrence,detect
T1555.006,Cloud Secrets Management Stores,D3-UA,URL Analysis,detect,Detect,1,URL,0.25,artifact_cooccurrence,detect
T1555,Credentials from Password Stores,D3-UA,URL Analysis,detect,Detect,1,URL,0.25,artifact_cooccurrence,detect
T1556.002,Password Filter DLL,D3-UA,URL Analysis,detect,Detect,1,URL,0.25,artifact_cooccurrence,detect
T1556.003,Pluggable Authentication Modules,D3-UA,URL Analysis,detect,Detect,1,URL,0.25,artifact_cooccurrence,detect
T1556,Modify Authentication Process,D3-UA,URL Analysis,detect,Detect,1,URL,0.25,artifact_cooccurrence,detect
T1560.001,Archive via Utility,D3-UA,URL Analysis,detect,Detect,1,URL,0.25,artifact_cooccurrence,detect
T1560.002,Archive via Library,D3-UA,URL Analysis,detect,Detect,1,URL,0.25,artifact_cooccurrence,detect
T1560.003,Archive via Custom Method,D3-UA,URL Analysis,detect,Detect,1,URL,0.25,artifact_cooccurrence,detect
T1560,Archive Collected Data,D3-UA,URL Analysis,detect,Detect,1,URL,0.25,artifact_cooccurrence,detect
T1562.003,Impair Command History Logging,D3-UA,URL Analysis,detect,Detect,1,URL,0.25,artifact_cooccurrence,detect
T1562,Impair Defenses,D3-UA,URL Analysis,detect,Detect,1,URL,0.25,artifact_cooccurrence,detect
T1564.002,Hidden Users,D3-UA,URL Analysis,detect,Detect,1,URL,0.25,artifact_cooccurrence,detect
T1564.003,Hidden Window,D3-UA,URL Analysis,detect,Detect,1,URL,0.25,artifact_cooccurrence,detect
T1564.005,Hidden File System,D3-UA,URL Analysis,detect,Detect,1,URL,0.25,artifact_cooccurrence,detect
T1564.006,Run Virtual Instance,D3-UA,URL Analysis,detect,Detect,1,URL,0.25,artifact_cooccurrence,detect
T1564.007,VBA Stomping,D3-UA,URL Analysis,detect,Detect,1,URL,0.25,artifact_cooccurrence,detect
T1564,Hide Artifacts,D3-UA,URL Analysis,detect,Detect,1,URL,0.25,artifact_cooccurrence,detect
T1565.001,Stored Data Manipulation,D3-UA,URL Analysis,detect,Detect,1,URL,0.25,artifact_cooccurrence,detect
T1565.003,Runtime Data Manipulation,D3-UA,URL Analysis,detect,Detect,1,URL,0.25,artifact_cooccurrence,detect
T1565,Data Manipulation,D3-UA,URL Analysis,detect,Detect,1,URL,0.25,artifact_cooccurrence,detect
T1566.001,Spearphishing Attachment,D3-UA,URL Analysis,detect,Detect,1,URL,0.25,artifact_cooccurrence,detect
T1566.002,Spearphishing Link,D3-UA,URL Analysis,detect,Detect,1,URL,0.25,artifact_cooccurrence,detect
T1566.003,Spearphishing via Service,D3-UA,URL Analysis,detect,Detect,1,URL,0.25,artifact_cooccurrence,detect
T1566,Phishing,D3-UA,URL Analysis,detect,Detect,1,URL,0.25,artifact_cooccurrence,detect
T1567.001,Exfiltration to Code Repository,D3-UA,URL Analysis,detect,Detect,1,URL,0.25,artifact_cooccurrence,detect
T1567.002,Exfiltration to Cloud Storage,D3-UA,URL Analysis,detect,Detect,1,URL,0.25,artifact_cooccurrence,detect
T1567.003,Exfiltration to Text Storage Sites,D3-UA,URL Analysis,detect,Detect,1,URL,0.25,artifact_cooccurrence,detect
T1567.004,Exfiltration Over Webhook,D3-UA,URL Analysis,detect,Detect,1,URL,0.25,artifact_cooccurrence,detect
T1567,Exfiltration Over Web Service,D3-UA,URL Analysis,detect,Detect,1,URL,0.25,artifact_cooccurrence,detect
T1573.002,Asymmetric Cryptography,D3-UA,URL Analysis,detect,Detect,1,URL,0.25,artifact_cooccurrence,detect
T1573,Encrypted Channel,D3-UA,URL Analysis,detect,Detect,1,URL,0.25,artifact_cooccurrence,detect
T1574.001,DLL,D3-UA,URL Analysis,detect,Detect,1,URL,0.25,artifact_cooccurrence,detect
T1574.002,DLL Side-Loading,D3-UA,URL Analysis,detect,Detect,1,URL,0.25,artifact_cooccurrence,detect
T1574.004,Dylib Hijacking,D3-UA,URL Analysis,detect,Detect,1,URL,0.25,artifact_cooccurrence,detect
T1574.006,Dynamic Linker Hijacking,D3-UA,URL Analysis,detect,Detect,1,URL,0.25,artifact_cooccurrence,detect
T1574.007,Path Interception by PATH Environment Variable,D3-UA,URL Analysis,detect,Detect,1,URL,0.25,artifact_cooccurrence,detect
T1574.008,Path Interception by Search Order Hijacking,D3-UA,URL Analysis,detect,Detect,1,URL,0.25,artifact_cooccurrence,detect
T1574.009,Path Interception by Unquoted Path,D3-UA,URL Analysis,detect,Detect,1,URL,0.25,artifact_cooccurrence,detect
T1574.012,COR_PROFILER,D3-UA,URL Analysis,detect,Detect,1,URL,0.25,artifact_cooccurrence,detect
T1574,Hijack Execution Flow,D3-UA,URL Analysis,detect,Detect,1,URL,0.25,artifact_cooccurrence,detect
T1619,Cloud Storage Object Discovery,D3-UA,URL Analysis,detect,Detect,1,URL,0.25,artifact_cooccurrence,detect
T1649,Steal or Forge Authentication Certificates,D3-UA,URL Analysis,detect,Detect,1,URL,0.25,artifact_cooccurrence,detect
T1114.001,Local Email Collection,D3-SMRA,Sender MTA Reputation Analysis,detect,Detect,1,Email,0.25,artifact_cooccurrence,detect
T1114,Email Collection,D3-SMRA,Sender MTA Reputation Analysis,detect,Detect,1,Email,0.25,artifact_cooccurrence,detect
T1534,Internal Spearphishing,D3-SMRA,Sender MTA Reputation Analysis,detect,Detect,1,Email,0.25,artifact_cooccurrence,detect
T1566.001,Spearphishing Attachment,D3-SMRA,Sender MTA Reputation Analysis,detect,Detect,1,Email,0.25,artifact_cooccurrence,detect
T1566.002,Spearphishing Link,D3-SMRA,Sender MTA Reputation Analysis,detect,Detect,1,Email,0.25,artifact_cooccurrence,detect
T1566,Phishing,D3-SMRA,Sender MTA Reputation Analysis,detect,Detect,1,Email,0.25,artifact_cooccurrence,detect
T1114.001,Local Email Collection,D3-SRA,Sender Reputation Analysis,detect,Detect,1,Email,0.25,artifact_cooccurrence,detect
T1114,Email Collection,D3-SRA,Sender Reputation Analysis,detect,Detect,1,Email,0.25,artifact_cooccurrence,detect
T1534,Internal Spearphishing,D3-SRA,Sender Reputation Analysis,detect,Detect,1,Email,0.25,artifact_cooccurrence,detect
T1566.001,Spearphishing Attachment,D3-SRA,Sender Reputation Analysis,detect,Detect,1,Email,0.25,artifact_cooccurrence,detect
T1566.002,Spearphishing Link,D3-SRA,Sender Reputation Analysis,detect,Detect,1,Email,0.25,artifact_cooccurrence,detect
T1566,Phishing,D3-SRA,Sender Reputation Analysis,detect,Detect,1,Email,0.25,artifact_cooccurrence,detect
T1003.006,DCSync,D3-ANAA,Administrative Network Activity Analysis,detect,Detect,1,Intranet Administrative Network Traffic,0.25,artifact_cooccurrence,detect
T1003,OS Credential Dumping,D3-ANAA,Administrative Network Activity Analysis,detect,Detect,1,Intranet Administrative Network Traffic,0.25,artifact_cooccurrence,detect
T1047,Windows Management Instrumentation,D3-ANAA,Administrative Network Activity Analysis,detect,Detect,1,Intranet Administrative Network Traffic,0.25,artifact_cooccurrence,detect
T1098.001,Additional Cloud Credentials,D3-ANAA,Administrative Network Activity Analysis,detect,Detect,1,Intranet Administrative Network Traffic,0.25,artifact_cooccurrence,detect
T1098,Account Manipulation,D3-ANAA,Administrative Network Activity Analysis,detect,Detect,1,Intranet Administrative Network Traffic,0.25,artifact_cooccurrence,detect
T1110.003,Password Spraying,D3-ANAA,Administrative Network Activity Analysis,detect,Detect,1,Intranet Administrative Network Traffic,0.25,artifact_cooccurrence,detect
T1110.004,Credential Stuffing,D3-ANAA,Administrative Network Activity Analysis,detect,Detect,1,Intranet Administrative Network Traffic,0.25,artifact_cooccurrence,detect
T1110,Brute Force,D3-ANAA,Administrative Network Activity Analysis,detect,Detect,1,Intranet Administrative Network Traffic,0.25,artifact_cooccurrence,detect
T1207,Rogue Domain Controller,D3-ANAA,Administrative Network Activity Analysis,detect,Detect,1,Intranet Administrative Network Traffic,0.25,artifact_cooccurrence,detect
T1546.003,Windows Management Instrumentation Event Subscription,D3-ANAA,Administrative Network Activity Analysis,detect,Detect,1,Intranet Administrative Network Traffic,0.25,artifact_cooccurrence,detect
T1546.008,Accessibility Features,D3-ANAA,Administrative Network Activity Analysis,detect,Detect,1,Intranet Administrative Network Traffic,0.25,artifact_cooccurrence,detect
T1546,Event Triggered Execution,D3-ANAA,Administrative Network Activity Analysis,detect,Detect,1,Intranet Administrative Network Traffic,0.25,artifact_cooccurrence,detect
T1003.006,DCSync,D3-CAA,Connection Attempt Analysis,detect,Detect,1,Intranet Network Traffic,0.25,artifact_cooccurrence,detect
T1003,OS Credential Dumping,D3-CAA,Connection Attempt Analysis,detect,Detect,1,Intranet Network Traffic,0.25,artifact_cooccurrence,detect
T1021.001,Remote Desktop Protocol,D3-CAA,Connection Attempt Analysis,detect,Detect,1,Intranet Network Traffic,0.25,artifact_cooccurrence,detect
T1021.002,SMB/Windows Admin Shares,D3-CAA,Connection Attempt Analysis,detect,Detect,1,Intranet Network Traffic,0.25,artifact_cooccurrence,detect
T1021.003,Distributed Component Object Model,D3-CAA,Connection Attempt Analysis,detect,Detect,1,Intranet Network Traffic,0.25,artifact_cooccurrence,detect
T1021.004,SSH,D3-CAA,Connection Attempt Analysis,detect,Detect,1,Intranet Network Traffic,0.25,artifact_cooccurrence,detect
T1021.005,VNC,D3-CAA,Connection Attempt Analysis,detect,Detect,1,Intranet Network Traffic,0.25,artifact_cooccurrence,detect
T1021.006,Windows Remote Management,D3-CAA,Connection Attempt Analysis,detect,Detect,1,Intranet Network Traffic,0.25,artifact_cooccurrence,detect
T1021.007,Cloud Services,D3-CAA,Connection Attempt Analysis,detect,Detect,1,Intranet Network Traffic,0.25,artifact_cooccurrence,detect
T1021.008,Direct Cloud VM Connections,D3-CAA,Connection Attempt Analysis,detect,Detect,1,Intranet Network Traffic,0.25,artifact_cooccurrence,detect
T1021,Remote Services,D3-CAA,Connection Attempt Analysis,detect,Detect,1,Intranet Network Traffic,0.25,artifact_cooccurrence,detect
T1047,Windows Management Instrumentation,D3-CAA,Connection Attempt Analysis,detect,Detect,1,Intranet Network Traffic,0.25,artifact_cooccurrence,detect
T1090.001,Internal Proxy,D3-CAA,Connection Attempt Analysis,detect,Detect,1,Intranet Network Traffic,0.25,artifact_cooccurrence,detect
T1090,Proxy,D3-CAA,Connection Attempt Analysis,detect,Detect,1,Intranet Network Traffic,0.25,artifact_cooccurrence,detect
T1098.001,Additional Cloud Credentials,D3-CAA,Connection Attempt Analysis,detect,Detect,1,Intranet Network Traffic,0.25,artifact_cooccurrence,detect
T1098,Account Manipulation,D3-CAA,Connection Attempt Analysis,detect,Detect,1,Intranet Network Traffic,0.25,artifact_cooccurrence,detect
T1110.003,Password Spraying,D3-CAA,Connection Attempt Analysis,detect,Detect,1,Intranet Network Traffic,0.25,artifact_cooccurrence,detect
T1110.004,Credential Stuffing,D3-CAA,Connection Attempt Analysis,detect,Detect,1,Intranet Network Traffic,0.25,artifact_cooccurrence,detect
T1110,Brute Force,D3-CAA,Connection Attempt Analysis,detect,Detect,1,Intranet Network Traffic,0.25,artifact_cooccurrence,detect
T1197,BITS Jobs,D3-CAA,Connection Attempt Analysis,detect,Detect,1,Intranet Network Traffic,0.25,artifact_cooccurrence,detect
T1199,Trusted Relationship,D3-CAA,Connection Attempt Analysis,detect,Detect,1,Intranet Network Traffic,0.25,artifact_cooccurrence,detect
T1207,Rogue Domain Controller,D3-CAA,Connection Attempt Analysis,detect,Detect,1,Intranet Network Traffic,0.25,artifact_cooccurrence,detect
T1210,Exploitation of Remote Services,D3-CAA,Connection Attempt Analysis,detect,Detect,1,Intranet Network Traffic,0.25,artifact_cooccurrence,detect
T1546.003,Windows Management Instrumentation Event Subscription,D3-CAA,Connection Attempt Analysis,detect,Detect,1,Intranet Network Traffic,0.25,artifact_cooccurrence,detect
T1546.008,Accessibility Features,D3-CAA,Connection Attempt Analysis,detect,Detect,1,Intranet Network Traffic,0.25,artifact_cooccurrence,detect
T1546,Event Triggered Execution,D3-CAA,Connection Attempt Analysis,detect,Detect,1,Intranet Network Traffic,0.25,artifact_cooccurrence,detect
T1557.001,LLMNR/NBT-NS Poisoning and SMB Relay,D3-CAA,Connection Attempt Analysis,detect,Detect,1,Intranet Network Traffic,0.25,artifact_cooccurrence,detect
T1557,Adversary-in-the-Middle,D3-CAA,Connection Attempt Analysis,detect,Detect,1,Intranet Network Traffic,0.25,artifact_cooccurrence,detect
T1570,Lateral Tool Transfer,D3-CAA,Connection Attempt Analysis,detect,Detect,1,Intranet Network Traffic,0.25,artifact_cooccurrence,detect
T1001.001,Junk Data,D3-CSPP,Client-server Payload Profiling,detect,Detect,1,Network Traffic,0.25,artifact_cooccurrence,detect
T1001.002,Steganography,D3-CSPP,Client-server Payload Profiling,detect,Detect,1,Network Traffic,0.25,artifact_cooccurrence,detect
T1001.003,Protocol or Service Impersonation,D3-CSPP,Client-server Payload Profiling,detect,Detect,1,Network Traffic,0.25,artifact_cooccurrence,detect
T1001,Data Obfuscation,D3-CSPP,Client-server Payload Profiling,detect,Detect,1,Network Traffic,0.25,artifact_cooccurrence,detect
T1003.006,DCSync,D3-CSPP,Client-server Payload Profiling,detect,Detect,1,Network Traffic,0.25,artifact_cooccurrence,detect
T1003,OS Credential Dumping,D3-CSPP,Client-server Payload Profiling,detect,Detect,1,Network Traffic,0.25,artifact_cooccurrence,detect
T1008,Fallback Channels,D3-CSPP,Client-server Payload Profiling,detect,Detect,1,Network Traffic,0.25,artifact_cooccurrence,detect
T1011.001,Exfiltration Over Bluetooth,D3-CSPP,Client-server Payload Profiling,detect,Detect,1,Network Traffic,0.25,artifact_cooccurrence,detect
T1011,Exfiltration Over Other Network Medium,D3-CSPP,Client-server Payload Profiling,detect,Detect,1,Network Traffic,0.25,artifact_cooccurrence,detect
T1018,Remote System Discovery,D3-CSPP,Client-server Payload Profiling,detect,Detect,1,Network Traffic,0.25,artifact_cooccurrence,detect
T1020.001,Traffic Duplication,D3-CSPP,Client-server Payload Profiling,detect,Detect,1,Network Traffic,0.25,artifact_cooccurrence,detect
T1020,Automated Exfiltration,D3-CSPP,Client-server Payload Profiling,detect,Detect,1,Network Traffic,0.25,artifact_cooccurrence,detect
T1021.001,Remote Desktop Protocol,D3-CSPP,Client-server Payload Profiling,detect,Detect,1,Network Traffic,0.25,artifact_cooccurrence,detect
T1021.002,SMB/Windows Admin Shares,D3-CSPP,Client-server Payload Profiling,detect,Detect,1,Network Traffic,0.25,artifact_cooccurrence,detect
T1021.003,Distributed Component Object Model,D3-CSPP,Client-server Payload Profiling,detect,Detect,1,Network Traffic,0.25,artifact_cooccurrence,detect
T1021.004,SSH,D3-CSPP,Client-server Payload Profiling,detect,Detect,1,Network Traffic,0.25,artifact_cooccurrence,detect
T1021.005,VNC,D3-CSPP,Client-server Payload Profiling,detect,Detect,1,Network Traffic,0.25,artifact_cooccurrence,detect
T1021.006,Windows Remote Management,D3-CSPP,Client-server Payload Profiling,detect,Detect,1,Network Traffic,0.25,artifact_cooccurrence,detect
T1021.007,Cloud Services,D3-CSPP,Client-server Payload Profiling,detect,Detect,1,Network Traffic,0.25,artifact_cooccurrence,detect
T1021.008,Direct Cloud VM Connections,D3-CSPP,Client-server Payload Profiling,detect,Detect,1,Network Traffic,0.25,artifact_cooccurrence,detect
T1021,Remote Services,D3-CSPP,Client-server Payload Profiling,detect,Detect,1,Network Traffic,0.25,artifact_cooccurrence,detect
T1029,Scheduled Transfer,D3-CSPP,Client-server Payload Profiling,detect,Detect,1,Network Traffic,0.25,artifact_cooccurrence,detect
T1030,Data Transfer Size Limits,D3-CSPP,Client-server Payload Profiling,detect,Detect,1,Network Traffic,0.25,artifact_cooccurrence,detect
T1041,Exfiltration Over C2 Channel,D3-CSPP,Client-server Payload Profiling,detect,Detect,1,Network Traffic,0.25,artifact_cooccurrence,detect
T1047,Windows Management Instrumentation,D3-CSPP,Client-server Payload Profiling,detect,Detect,1,Network Traffic,0.25,artifact_cooccurrence,detect
T1048.001,Exfiltration Over Symmetric Encrypted Non-C2 Protocol,D3-CSPP,Client-server Payload Profiling,detect,Detect,1,Network Traffic,0.25,artifact_cooccurrence,detect
T1048.002,Exfiltration Over Asymmetric Encrypted Non-C2 Protocol,D3-CSPP,Client-server Payload Profiling,detect,Detect,1,Network Traffic,0.25,artifact_cooccurrence,detect
T1048.003,Exfiltration Over Unencrypted Non-C2 Protocol,D3-CSPP,Client-server Payload Profiling,detect,Detect,1,Network Traffic,0.25,artifact_cooccurrence,detect
T1048,Exfiltration Over Alternative Protocol,D3-CSPP,Client-server Payload Profiling,detect,Detect,1,Network Traffic,0.25,artifact_cooccurrence,detect
T1071.001,Web Protocols,D3-CSPP,Client-server Payload Profiling,detect,Detect,1,Network Traffic,0.25,artifact_cooccurrence,detect
T1071.002,File Transfer Protocols,D3-CSPP,Client-server Payload Profiling,detect,Detect,1,Network Traffic,0.25,artifact_cooccurrence,detect
T1071.003,Mail Protocols,D3-CSPP,Client-server Payload Profiling,detect,Detect,1,Network Traffic,0.25,artifact_cooccurrence,detect
T1071.004,DNS,D3-CSPP,Client-server Payload Profiling,detect,Detect,1,Network Traffic,0.25,artifact_cooccurrence,detect
T1071.005,Publish/Subscribe Protocols,D3-CSPP,Client-server Payload Profiling,detect,Detect,1,Network Traffic,0.25,artifact_cooccurrence,detect
T1071,Application Layer Protocol,D3-CSPP,Client-server Payload Profiling,detect,Detect,1,Network Traffic,0.25,artifact_cooccurrence,detect
T1090.001,Internal Proxy,D3-CSPP,Client-server Payload Profiling,detect,Detect,1,Network Traffic,0.25,artifact_cooccurrence,detect
T1090.002,External Proxy,D3-CSPP,Client-server Payload Profiling,detect,Detect,1,Network Traffic,0.25,artifact_cooccurrence,detect
T1090.003,Multi-hop Proxy,D3-CSPP,Client-server Payload Profiling,detect,Detect,1,Network Traffic,0.25,artifact_cooccurrence,detect
T1090.004,Domain Fronting,D3-CSPP,Client-server Payload Profiling,detect,Detect,1,Network Traffic,0.25,artifact_cooccurrence,detect
T1090,Proxy,D3-CSPP,Client-server Payload Profiling,detect,Detect,1,Network Traffic,0.25,artifact_cooccurrence,detect
T1095,Non-Application Layer Protocol,D3-CSPP,Client-server Payload Profiling,detect,Detect,1,Network Traffic,0.25,artifact_cooccurrence,detect
T1098.001,Additional Cloud Credentials,D3-CSPP,Client-server Payload Profiling,detect,Detect,1,Network Traffic,0.25,artifact_cooccurrence,detect
T1098,Account Manipulation,D3-CSPP,Client-server Payload Profiling,detect,Detect,1,Network Traffic,0.25,artifact_cooccurrence,detect
T1102.001,Dead Drop Resolver,D3-CSPP,Client-server Payload Profiling,detect,Detect,1,Network Traffic,0.25,artifact_cooccurrence,detect
T1102.002,Bidirectional Communication,D3-CSPP,Client-server Payload Profiling,detect,Detect,1,Network Traffic,0.25,artifact_cooccurrence,detect
T1102.003,One-Way Communication,D3-CSPP,Client-server Payload Profiling,detect,Detect,1,Network Traffic,0.25,artifact_cooccurrence,detect
T1102,Web Service,D3-CSPP,Client-server Payload Profiling,detect,Detect,1,Network Traffic,0.25,artifact_cooccurrence,detect
T1104,Multi-Stage Channels,D3-CSPP,Client-server Payload Profiling,detect,Detect,1,Network Traffic,0.25,artifact_cooccurrence,detect
T1105,Ingress Tool Transfer,D3-CSPP,Client-server Payload Profiling,detect,Detect,1,Network Traffic,0.25,artifact_cooccurrence,detect
T1110.003,Password Spraying,D3-CSPP,Client-server Payload Profiling,detect,Detect,1,Network Traffic,0.25,artifact_cooccurrence,detect
T1110.004,Credential Stuffing,D3-CSPP,Client-server Payload Profiling,detect,Detect,1,Network Traffic,0.25,artifact_cooccurrence,detect
T1110,Brute Force,D3-CSPP,Client-server Payload Profiling,detect,Detect,1,Network Traffic,0.25,artifact_cooccurrence,detect
T1132.001,Standard Encoding,D3-CSPP,Client-server Payload Profiling,detect,Detect,1,Network Traffic,0.25,artifact_cooccurrence,detect
T1132.002,Non-Standard Encoding,D3-CSPP,Client-server Payload Profiling,detect,Detect,1,Network Traffic,0.25,artifact_cooccurrence,detect
T1132,Data Encoding,D3-CSPP,Client-server Payload Profiling,detect,Detect,1,Network Traffic,0.25,artifact_cooccurrence,detect
T1185,Browser Session Hijacking,D3-CSPP,Client-server Payload Profiling,detect,Detect,1,Network Traffic,0.25,artifact_cooccurrence,detect
T1189,Drive-by Compromise,D3-CSPP,Client-server Payload Profiling,detect,Detect,1,Network Traffic,0.25,artifact_cooccurrence,detect
T1190,Exploit Public-Facing Application,D3-CSPP,Client-server Payload Profiling,detect,Detect,1,Network Traffic,0.25,artifact_cooccurrence,detect
T1197,BITS Jobs,D3-CSPP,Client-server Payload Profiling,detect,Detect,1,Network Traffic,0.25,artifact_cooccurrence,detect
T1199,Trusted Relationship,D3-CSPP,Client-server Payload Profiling,detect,Detect,1,Network Traffic,0.25,artifact_cooccurrence,detect
T1204.001,Malicious Link,D3-CSPP,Client-server Payload Profiling,detect,Detect,1,Network Traffic,0.25,artifact_cooccurrence,detect
T1204,User Execution,D3-CSPP,Client-server Payload Profiling,detect,Detect,1,Network Traffic,0.25,artifact_cooccurrence,detect
T1205.001,Port Knocking,D3-CSPP,Client-server Payload Profiling,detect,Detect,1,Network Traffic,0.25,artifact_cooccurrence,detect
T1205.002,Socket Filters,D3-CSPP,Client-server Payload Profiling,detect,Detect,1,Network Traffic,0.25,artifact_cooccurrence,detect
T1205,Traffic Signaling,D3-CSPP,Client-server Payload Profiling,detect,Detect,1,Network Traffic,0.25,artifact_cooccurrence,detect
T1207,Rogue Domain Controller,D3-CSPP,Client-server Payload Profiling,detect,Detect,1,Network Traffic,0.25,artifact_cooccurrence,detect
T1210,Exploitation of Remote Services,D3-CSPP,Client-server Payload Profiling,detect,Detect,1,Network Traffic,0.25,artifact_cooccurrence,detect
T1218.003,CMSTP,D3-CSPP,Client-server Payload Profiling,detect,Detect,1,Network Traffic,0.25,artifact_cooccurrence,detect
T1218,System Binary Proxy Execution,D3-CSPP,Client-server Payload Profiling,detect,Detect,1,Network Traffic,0.25,artifact_cooccurrence,detect
T1219.001,IDE Tunneling,D3-CSPP,Client-server Payload Profiling,detect,Detect,1,Network Traffic,0.25,artifact_cooccurrence,detect
T1219.002,Remote Desktop Software,D3-CSPP,Client-server Payload Profiling,detect,Detect,1,Network Traffic,0.25,artifact_cooccurrence,detect
T1219.003,Remote Access Hardware,D3-CSPP,Client-server Payload Profiling,detect,Detect,1,Network Traffic,0.25,artifact_cooccurrence,detect
T1219,Remote Access Tools,D3-CSPP,Client-server Payload Profiling,detect,Detect,1,Network Traffic,0.25,artifact_cooccurrence,detect
T1498.001,Direct Network Flood,D3-CSPP,Client-server Payload Profiling,detect,Detect,1,Network Traffic,0.25,artifact_cooccurrence,detect
T1498.002,Reflection Amplification,D3-CSPP,Client-server Payload Profiling,detect,Detect,1,Network Traffic,0.25,artifact_cooccurrence,detect
T1498,Network Denial of Service,D3-CSPP,Client-server Payload Profiling,detect,Detect,1,Network Traffic,0.25,artifact_cooccurrence,detect
T1499.002,Service Exhaustion Flood,D3-CSPP,Client-server Payload Profiling,detect,Detect,1,Network Traffic,0.25,artifact_cooccurrence,detect
T1499,Endpoint Denial of Service,D3-CSPP,Client-server Payload Profiling,detect,Detect,1,Network Traffic,0.25,artifact_cooccurrence,detect
T1542.005,TFTP Boot,D3-CSPP,Client-server Payload Profiling,detect,Detect,1,Network Traffic,0.25,artifact_cooccurrence,detect
T1542,Pre-OS Boot,D3-CSPP,Client-server Payload Profiling,detect,Detect,1,Network Traffic,0.25,artifact_cooccurrence,detect
T1546.003,Windows Management Instrumentation Event Subscription,D3-CSPP,Client-server Payload Profiling,detect,Detect,1,Network Traffic,0.25,artifact_cooccurrence,detect
T1546.008,Accessibility Features,D3-CSPP,Client-server Payload Profiling,detect,Detect,1,Network Traffic,0.25,artifact_cooccurrence,detect
T1546,Event Triggered Execution,D3-CSPP,Client-server Payload Profiling,detect,Detect,1,Network Traffic,0.25,artifact_cooccurrence,detect
T1550.001,Application Access Token,D3-CSPP,Client-server Payload Profiling,detect,Detect,1,Network Traffic,0.25,artifact_cooccurrence,detect
T1550.004,Web Session Cookie,D3-CSPP,Client-server Payload Profiling,detect,Detect,1,Network Traffic,0.25,artifact_cooccurrence,detect
T1550,Use Alternate Authentication Material,D3-CSPP,Client-server Payload Profiling,detect,Detect,1,Network Traffic,0.25,artifact_cooccurrence,detect
T1557.001,LLMNR/NBT-NS Poisoning and SMB Relay,D3-CSPP,Client-server Payload Profiling,detect,Detect,1,Network Traffic,0.25,artifact_cooccurrence,detect
T1557.002,ARP Cache Poisoning,D3-CSPP,Client-server Payload Profiling,detect,Detect,1,Network Traffic,0.25,artifact_cooccurrence,detect
T1557.003,DHCP Spoofing,D3-CSPP,Client-server Payload Profiling,detect,Detect,1,Network Traffic,0.25,artifact_cooccurrence,detect
T1557.004,Evil Twin,D3-CSPP,Client-server Payload Profiling,detect,Detect,1,Network Traffic,0.25,artifact_cooccurrence,detect
T1557,Adversary-in-the-Middle,D3-CSPP,Client-server Payload Profiling,detect,Detect,1,Network Traffic,0.25,artifact_cooccurrence,detect
T1558.003,Kerberoasting,D3-CSPP,Client-server Payload Profiling,detect,Detect,1,Network Traffic,0.25,artifact_cooccurrence,detect
T1558,Steal or Forge Kerberos Tickets,D3-CSPP,Client-server Payload Profiling,detect,Detect,1,Network Traffic,0.25,artifact_cooccurrence,detect
T1563.001,SSH Hijacking,D3-CSPP,Client-server Payload Profiling,detect,Detect,1,Network Traffic,0.25,artifact_cooccurrence,detect
T1563.002,RDP Hijacking,D3-CSPP,Client-server Payload Profiling,detect,Detect,1,Network Traffic,0.25,artifact_cooccurrence,detect
T1563,Remote Service Session Hijacking,D3-CSPP,Client-server Payload Profiling,detect,Detect,1,Network Traffic,0.25,artifact_cooccurrence,detect
T1565.002,Transmitted Data Manipulation,D3-CSPP,Client-server Payload Profiling,detect,Detect,1,Network Traffic,0.25,artifact_cooccurrence,detect
T1565,Data Manipulation,D3-CSPP,Client-server Payload Profiling,detect,Detect,1,Network Traffic,0.25,artifact_cooccurrence,detect
T1566.001,Spearphishing Attachment,D3-CSPP,Client-server Payload Profiling,detect,Detect,1,Network Traffic,0.25,artifact_cooccurrence,detect
T1566.002,Spearphishing Link,D3-CSPP,Client-server Payload Profiling,detect,Detect,1,Network Traffic,0.25,artifact_cooccurrence,detect
T1566,Phishing,D3-CSPP,Client-server Payload Profiling,detect,Detect,1,Network Traffic,0.25,artifact_cooccurrence,detect
T1567.001,Exfiltration to Code Repository,D3-CSPP,Client-server Payload Profiling,detect,Detect,1,Network Traffic,0.25,artifact_cooccurrence,detect
T1567.002,Exfiltration to Cloud Storage,D3-CSPP,Client-server Payload Profiling,detect,Detect,1,Network Traffic,0.25,artifact_cooccurrence,detect
T1567.003,Exfiltration to Text Storage Sites,D3-CSPP,Client-server Payload Profiling,detect,Detect,1,Network Traffic,0.25,artifact_cooccurrence,detect
T1567.004,Exfiltration Over Webhook,D3-CSPP,Client-server Payload Profiling,detect,Detect,1,Network Traffic,0.25,artifact_cooccurrence,detect
T1567,Exfiltration Over Web Service,D3-CSPP,Client-server Payload Profiling,detect,Detect,1,Network Traffic,0.25,artifact_cooccurrence,detect
T1568.001,Fast Flux DNS,D3-CSPP,Client-server Payload Profiling,detect,Detect,1,Network Traffic,0.25,artifact_cooccurrence,detect
T1568.002,Domain Generation Algorithms,D3-CSPP,Client-server Payload Profiling,detect,Detect,1,Network Traffic,0.25,artifact_cooccurrence,detect
T1568.003,DNS Calculation,D3-CSPP,Client-server Payload Profiling,detect,Detect,1,Network Traffic,0.25,artifact_cooccurrence,detect
T1568,Dynamic Resolution,D3-CSPP,Client-server Payload Profiling,detect,Detect,1,Network Traffic,0.25,artifact_cooccurrence,detect
T1570,Lateral Tool Transfer,D3-CSPP,Client-server Payload Profiling,detect,Detect,1,Network Traffic,0.25,artifact_cooccurrence,detect
T1571,Non-Standard Port,D3-CSPP,Client-server Payload Profiling,detect,Detect,1,Network Traffic,0.25,artifact_cooccurrence,detect
T1572,Protocol Tunneling,D3-CSPP,Client-server Payload Profiling,detect,Detect,1,Network Traffic,0.25,artifact_cooccurrence,detect
T1573.001,Symmetric Cryptography,D3-CSPP,Client-server Payload Profiling,detect,Detect,1,Network Traffic,0.25,artifact_cooccurrence,detect
T1573.002,Asymmetric Cryptography,D3-CSPP,Client-server Payload Profiling,detect,Detect,1,Network Traffic,0.25,artifact_cooccurrence,detect
T1573,Encrypted Channel,D3-CSPP,Client-server Payload Profiling,detect,Detect,1,Network Traffic,0.25,artifact_cooccurrence,detect
T1040,Network Sniffing,D3-DNSTA,DNS Traffic Analysis,detect,Detect,1,DNS Lookup,0.25,artifact_cooccurrence,detect
T1071.004,DNS,D3-DNSTA,DNS Traffic Analysis,detect,Detect,2,DNS Lookup|Outbound Internet DNS Lookup Traffic,0.25,artifact_cooccurrence,detect
T1071,Application Layer Protocol,D3-DNSTA,DNS Traffic Analysis,detect,Detect,2,DNS Lookup|Outbound Internet DNS Lookup Traffic,0.25,artifact_cooccurrence,detect
T1568.001,Fast Flux DNS,D3-DNSTA,DNS Traffic Analysis,detect,Detect,2,DNS Lookup|Outbound Internet DNS Lookup Traffic,0.25,artifact_cooccurrence,detect
T1568.002,Domain Generation Algorithms,D3-DNSTA,DNS Traffic Analysis,detect,Detect,2,DNS Lookup|Outbound Internet DNS Lookup Traffic,0.25,artifact_cooccurrence,detect
T1568.003,DNS Calculation,D3-DNSTA,DNS Traffic Analysis,detect,Detect,2,DNS Lookup|Outbound Internet DNS Lookup Traffic,0.25,artifact_cooccurrence,detect
T1568,Dynamic Resolution,D3-DNSTA,DNS Traffic Analysis,detect,Detect,2,DNS Lookup|Outbound Internet DNS Lookup Traffic,0.25,artifact_cooccurrence,detect
T1071.002,File Transfer Protocols,D3-FC,File Carving,detect,Detect,1,File Transfer Network Traffic,0.25,artifact_cooccurrence,detect
T1071,Application Layer Protocol,D3-FC,File Carving,detect,Detect,1,File Transfer Network Traffic,0.25,artifact_cooccurrence,detect
T1570,Lateral Tool Transfer,D3-FC,File Carving,detect,Detect,1,File Transfer Network Traffic,0.25,artifact_cooccurrence,detect
T1197,BITS Jobs,D3-IPCTA,IPC Traffic Analysis,detect,Detect,1,Intranet IPC Network Traffic,0.25,artifact_cooccurrence,detect
T1190,Exploit Public-Facing Application,D3-ISVA,Inbound Session Volume Analysis,detect,Detect,1,Inbound Internet Network Traffic,0.25,artifact_cooccurrence,detect
T1498.001,Direct Network Flood,D3-ISVA,Inbound Session Volume Analysis,detect,Detect,1,Inbound Internet Network Traffic,0.25,artifact_cooccurrence,detect
T1498.002,Reflection Amplification,D3-ISVA,Inbound Session Volume Analysis,detect,Detect,1,Inbound Internet Network Traffic,0.25,artifact_cooccurrence,detect
T1498,Network Denial of Service,D3-ISVA,Inbound Session Volume Analysis,detect,Detect,1,Inbound Internet Network Traffic,0.25,artifact_cooccurrence,detect
T1499.002,Service Exhaustion Flood,D3-ISVA,Inbound Session Volume Analysis,detect,Detect,1,Inbound Internet Network Traffic,0.25,artifact_cooccurrence,detect
T1499,Endpoint Denial of Service,D3-ISVA,Inbound Session Volume Analysis,detect,Detect,1,Inbound Internet Network Traffic,0.25,artifact_cooccurrence,detect
T1566.001,Spearphishing Attachment,D3-ISVA,Inbound Session Volume Analysis,detect,Detect,1,Inbound Internet Network Traffic,0.25,artifact_cooccurrence,detect
T1566.002,Spearphishing Link,D3-ISVA,Inbound Session Volume Analysis,detect,Detect,1,Inbound Internet Network Traffic,0.25,artifact_cooccurrence,detect
T1566,Phishing,D3-ISVA,Inbound Session Volume Analysis,detect,Detect,1,Inbound Internet Network Traffic,0.25,artifact_cooccurrence,detect
T1001.001,Junk Data,D3-NTCD,Network Traffic Community Deviation,detect,Detect,1,Network Traffic,0.25,artifact_cooccurrence,detect
T1001.002,Steganography,D3-NTCD,Network Traffic Community Deviation,detect,Detect,1,Network Traffic,0.25,artifact_cooccurrence,detect
T1001.003,Protocol or Service Impersonation,D3-NTCD,Network Traffic Community Deviation,detect,Detect,1,Network Traffic,0.25,artifact_cooccurrence,detect
T1001,Data Obfuscation,D3-NTCD,Network Traffic Community Deviation,detect,Detect,1,Network Traffic,0.25,artifact_cooccurrence,detect
T1003.006,DCSync,D3-NTCD,Network Traffic Community Deviation,detect,Detect,1,Network Traffic,0.25,artifact_cooccurrence,detect
T1003,OS Credential Dumping,D3-NTCD,Network Traffic Community Deviation,detect,Detect,1,Network Traffic,0.25,artifact_cooccurrence,detect
T1008,Fallback Channels,D3-NTCD,Network Traffic Community Deviation,detect,Detect,1,Network Traffic,0.25,artifact_cooccurrence,detect
T1011.001,Exfiltration Over Bluetooth,D3-NTCD,Network Traffic Community Deviation,detect,Detect,1,Network Traffic,0.25,artifact_cooccurrence,detect
T1011,Exfiltration Over Other Network Medium,D3-NTCD,Network Traffic Community Deviation,detect,Detect,1,Network Traffic,0.25,artifact_cooccurrence,detect
T1018,Remote System Discovery,D3-NTCD,Network Traffic Community Deviation,detect,Detect,1,Network Traffic,0.25,artifact_cooccurrence,detect
T1020.001,Traffic Duplication,D3-NTCD,Network Traffic Community Deviation,detect,Detect,1,Network Traffic,0.25,artifact_cooccurrence,detect
T1020,Automated Exfiltration,D3-NTCD,Network Traffic Community Deviation,detect,Detect,1,Network Traffic,0.25,artifact_cooccurrence,detect
T1021.001,Remote Desktop Protocol,D3-NTCD,Network Traffic Community Deviation,detect,Detect,1,Network Traffic,0.25,artifact_cooccurrence,detect
T1021.002,SMB/Windows Admin Shares,D3-NTCD,Network Traffic Community Deviation,detect,Detect,1,Network Traffic,0.25,artifact_cooccurrence,detect
T1021.003,Distributed Component Object Model,D3-NTCD,Network Traffic Community Deviation,detect,Detect,1,Network Traffic,0.25,artifact_cooccurrence,detect
T1021.004,SSH,D3-NTCD,Network Traffic Community Deviation,detect,Detect,1,Network Traffic,0.25,artifact_cooccurrence,detect
T1021.005,VNC,D3-NTCD,Network Traffic Community Deviation,detect,Detect,1,Network Traffic,0.25,artifact_cooccurrence,detect
T1021.006,Windows Remote Management,D3-NTCD,Network Traffic Community Deviation,detect,Detect,1,Network Traffic,0.25,artifact_cooccurrence,detect
T1021.007,Cloud Services,D3-NTCD,Network Traffic Community Deviation,detect,Detect,1,Network Traffic,0.25,artifact_cooccurrence,detect
T1021.008,Direct Cloud VM Connections,D3-NTCD,Network Traffic Community Deviation,detect,Detect,1,Network Traffic,0.25,artifact_cooccurrence,detect
T1021,Remote Services,D3-NTCD,Network Traffic Community Deviation,detect,Detect,1,Network Traffic,0.25,artifact_cooccurrence,detect
T1029,Scheduled Transfer,D3-NTCD,Network Traffic Community Deviation,detect,Detect,1,Network Traffic,0.25,artifact_cooccurrence,detect
T1030,Data Transfer Size Limits,D3-NTCD,Network Traffic Community Deviation,detect,Detect,1,Network Traffic,0.25,artifact_cooccurrence,detect
T1041,Exfiltration Over C2 Channel,D3-NTCD,Network Traffic Community Deviation,detect,Detect,1,Network Traffic,0.25,artifact_cooccurrence,detect
T1047,Windows Management Instrumentation,D3-NTCD,Network Traffic Community Deviation,detect,Detect,1,Network Traffic,0.25,artifact_cooccurrence,detect
T1048.001,Exfiltration Over Symmetric Encrypted Non-C2 Protocol,D3-NTCD,Network Traffic Community Deviation,detect,Detect,1,Network Traffic,0.25,artifact_cooccurrence,detect
T1048.002,Exfiltration Over Asymmetric Encrypted Non-C2 Protocol,D3-NTCD,Network Traffic Community Deviation,detect,Detect,1,Network Traffic,0.25,artifact_cooccurrence,detect
T1048.003,Exfiltration Over Unencrypted Non-C2 Protocol,D3-NTCD,Network Traffic Community Deviation,detect,Detect,1,Network Traffic,0.25,artifact_cooccurrence,detect
T1048,Exfiltration Over Alternative Protocol,D3-NTCD,Network Traffic Community Deviation,detect,Detect,1,Network Traffic,0.25,artifact_cooccurrence,detect
T1071.001,Web Protocols,D3-NTCD,Network Traffic Community Deviation,detect,Detect,1,Network Traffic,0.25,artifact_cooccurrence,detect
T1071.002,File Transfer Protocols,D3-NTCD,Network Traffic Community Deviation,detect,Detect,1,Network Traffic,0.25,artifact_cooccurrence,detect
T1071.003,Mail Protocols,D3-NTCD,Network Traffic Community Deviation,detect,Detect,1,Network Traffic,0.25,artifact_cooccurrence,detect
T1071.004,DNS,D3-NTCD,Network Traffic Community Deviation,detect,Detect,1,Network Traffic,0.25,artifact_cooccurrence,detect
T1071.005,Publish/Subscribe Protocols,D3-NTCD,Network Traffic Community Deviation,detect,Detect,1,Network Traffic,0.25,artifact_cooccurrence,detect
T1071,Application Layer Protocol,D3-NTCD,Network Traffic Community Deviation,detect,Detect,1,Network Traffic,0.25,artifact_cooccurrence,detect
T1090.001,Internal Proxy,D3-NTCD,Network Traffic Community Deviation,detect,Detect,1,Network Traffic,0.25,artifact_cooccurrence,detect
T1090.002,External Proxy,D3-NTCD,Network Traffic Community Deviation,detect,Detect,1,Network Traffic,0.25,artifact_cooccurrence,detect
T1090.003,Multi-hop Proxy,D3-NTCD,Network Traffic Community Deviation,detect,Detect,1,Network Traffic,0.25,artifact_cooccurrence,detect
T1090.004,Domain Fronting,D3-NTCD,Network Traffic Community Deviation,detect,Detect,1,Network Traffic,0.25,artifact_cooccurrence,detect
T1090,Proxy,D3-NTCD,Network Traffic Community Deviation,detect,Detect,1,Network Traffic,0.25,artifact_cooccurrence,detect
T1095,Non-Application Layer Protocol,D3-NTCD,Network Traffic Community Deviation,detect,Detect,1,Network Traffic,0.25,artifact_cooccurrence,detect
T1098.001,Additional Cloud Credentials,D3-NTCD,Network Traffic Community Deviation,detect,Detect,1,Network Traffic,0.25,artifact_cooccurrence,detect
T1098,Account Manipulation,D3-NTCD,Network Traffic Community Deviation,detect,Detect,1,Network Traffic,0.25,artifact_cooccurrence,detect
T1102.001,Dead Drop Resolver,D3-NTCD,Network Traffic Community Deviation,detect,Detect,1,Network Traffic,0.25,artifact_cooccurrence,detect
T1102.002,Bidirectional Communication,D3-NTCD,Network Traffic Community Deviation,detect,Detect,1,Network Traffic,0.25,artifact_cooccurrence,detect
T1102.003,One-Way Communication,D3-NTCD,Network Traffic Community Deviation,detect,Detect,1,Network Traffic,0.25,artifact_cooccurrence,detect
T1102,Web Service,D3-NTCD,Network Traffic Community Deviation,detect,Detect,1,Network Traffic,0.25,artifact_cooccurrence,detect
T1104,Multi-Stage Channels,D3-NTCD,Network Traffic Community Deviation,detect,Detect,1,Network Traffic,0.25,artifact_cooccurrence,detect
T1105,Ingress Tool Transfer,D3-NTCD,Network Traffic Community Deviation,detect,Detect,1,Network Traffic,0.25,artifact_cooccurrence,detect
T1110.003,Password Spraying,D3-NTCD,Network Traffic Community Deviation,detect,Detect,1,Network Traffic,0.25,artifact_cooccurrence,detect
T1110.004,Credential Stuffing,D3-NTCD,Network Traffic Community Deviation,detect,Detect,1,Network Traffic,0.25,artifact_cooccurrence,detect
T1110,Brute Force,D3-NTCD,Network Traffic Community Deviation,detect,Detect,1,Network Traffic,0.25,artifact_cooccurrence,detect
T1132.001,Standard Encoding,D3-NTCD,Network Traffic Community Deviation,detect,Detect,1,Network Traffic,0.25,artifact_cooccurrence,detect
T1132.002,Non-Standard Encoding,D3-NTCD,Network Traffic Community Deviation,detect,Detect,1,Network Traffic,0.25,artifact_cooccurrence,detect
T1132,Data Encoding,D3-NTCD,Network Traffic Community Deviation,detect,Detect,1,Network Traffic,0.25,artifact_cooccurrence,detect
T1185,Browser Session Hijacking,D3-NTCD,Network Traffic Community Deviation,detect,Detect,1,Network Traffic,0.25,artifact_cooccurrence,detect
T1189,Drive-by Compromise,D3-NTCD,Network Traffic Community Deviation,detect,Detect,1,Network Traffic,0.25,artifact_cooccurrence,detect
T1190,Exploit Public-Facing Application,D3-NTCD,Network Traffic Community Deviation,detect,Detect,1,Network Traffic,0.25,artifact_cooccurrence,detect
T1197,BITS Jobs,D3-NTCD,Network Traffic Community Deviation,detect,Detect,1,Network Traffic,0.25,artifact_cooccurrence,detect
T1199,Trusted Relationship,D3-NTCD,Network Traffic Community Deviation,detect,Detect,1,Network Traffic,0.25,artifact_cooccurrence,detect
T1204.001,Malicious Link,D3-NTCD,Network Traffic Community Deviation,detect,Detect,1,Network Traffic,0.25,artifact_cooccurrence,detect
T1204,User Execution,D3-NTCD,Network Traffic Community Deviation,detect,Detect,1,Network Traffic,0.25,artifact_cooccurrence,detect
T1205.001,Port Knocking,D3-NTCD,Network Traffic Community Deviation,detect,Detect,1,Network Traffic,0.25,artifact_cooccurrence,detect
T1205.002,Socket Filters,D3-NTCD,Network Traffic Community Deviation,detect,Detect,1,Network Traffic,0.25,artifact_cooccurrence,detect
T1205,Traffic Signaling,D3-NTCD,Network Traffic Community Deviation,detect,Detect,1,Network Traffic,0.25,artifact_cooccurrence,detect
T1207,Rogue Domain Controller,D3-NTCD,Network Traffic Community Deviation,detect,Detect,1,Network Traffic,0.25,artifact_cooccurrence,detect
T1210,Exploitation of Remote Services,D3-NTCD,Network Traffic Community Deviation,detect,Detect,1,Network Traffic,0.25,artifact_cooccurrence,detect
T1218.003,CMSTP,D3-NTCD,Network Traffic Community Deviation,detect,Detect,1,Network Traffic,0.25,artifact_cooccurrence,detect
T1218,System Binary Proxy Execution,D3-NTCD,Network Traffic Community Deviation,detect,Detect,1,Network Traffic,0.25,artifact_cooccurrence,detect
T1219.001,IDE Tunneling,D3-NTCD,Network Traffic Community Deviation,detect,Detect,1,Network Traffic,0.25,artifact_cooccurrence,detect
T1219.002,Remote Desktop Software,D3-NTCD,Network Traffic Community Deviation,detect,Detect,1,Network Traffic,0.25,artifact_cooccurrence,detect
T1219.003,Remote Access Hardware,D3-NTCD,Network Traffic Community Deviation,detect,Detect,1,Network Traffic,0.25,artifact_cooccurrence,detect
T1219,Remote Access Tools,D3-NTCD,Network Traffic Community Deviation,detect,Detect,1,Network Traffic,0.25,artifact_cooccurrence,detect
T1498.001,Direct Network Flood,D3-NTCD,Network Traffic Community Deviation,detect,Detect,1,Network Traffic,0.25,artifact_cooccurrence,detect
T1498.002,Reflection Amplification,D3-NTCD,Network Traffic Community Deviation,detect,Detect,1,Network Traffic,0.25,artifact_cooccurrence,detect
T1498,Network Denial of Service,D3-NTCD,Network Traffic Community Deviation,detect,Detect,1,Network Traffic,0.25,artifact_cooccurrence,detect
T1499.002,Service Exhaustion Flood,D3-NTCD,Network Traffic Community Deviation,detect,Detect,1,Network Traffic,0.25,artifact_cooccurrence,detect
T1499,Endpoint Denial of Service,D3-NTCD,Network Traffic Community Deviation,detect,Detect,1,Network Traffic,0.25,artifact_cooccurrence,detect
T1542.005,TFTP Boot,D3-NTCD,Network Traffic Community Deviation,detect,Detect,1,Network Traffic,0.25,artifact_cooccurrence,detect
T1542,Pre-OS Boot,D3-NTCD,Network Traffic Community Deviation,detect,Detect,1,Network Traffic,0.25,artifact_cooccurrence,detect
T1546.003,Windows Management Instrumentation Event Subscription,D3-NTCD,Network Traffic Community Deviation,detect,Detect,1,Network Traffic,0.25,artifact_cooccurrence,detect
T1546.008,Accessibility Features,D3-NTCD,Network Traffic Community Deviation,detect,Detect,1,Network Traffic,0.25,artifact_cooccurrence,detect
T1546,Event Triggered Execution,D3-NTCD,Network Traffic Community Deviation,detect,Detect,1,Network Traffic,0.25,artifact_cooccurrence,detect
T1550.001,Application Access Token,D3-NTCD,Network Traffic Community Deviation,detect,Detect,1,Network Traffic,0.25,artifact_cooccurrence,detect
T1550.004,Web Session Cookie,D3-NTCD,Network Traffic Community Deviation,detect,Detect,1,Network Traffic,0.25,artifact_cooccurrence,detect
T1550,Use Alternate Authentication Material,D3-NTCD,Network Traffic Community Deviation,detect,Detect,1,Network Traffic,0.25,artifact_cooccurrence,detect
T1557.001,LLMNR/NBT-NS Poisoning and SMB Relay,D3-NTCD,Network Traffic Community Deviation,detect,Detect,1,Network Traffic,0.25,artifact_cooccurrence,detect
T1557.002,ARP Cache Poisoning,D3-NTCD,Network Traffic Community Deviation,detect,Detect,1,Network Traffic,0.25,artifact_cooccurrence,detect
T1557.003,DHCP Spoofing,D3-NTCD,Network Traffic Community Deviation,detect,Detect,1,Network Traffic,0.25,artifact_cooccurrence,detect
T1557.004,Evil Twin,D3-NTCD,Network Traffic Community Deviation,detect,Detect,1,Network Traffic,0.25,artifact_cooccurrence,detect
T1557,Adversary-in-the-Middle,D3-NTCD,Network Traffic Community Deviation,detect,Detect,1,Network Traffic,0.25,artifact_cooccurrence,detect
T1558.003,Kerberoasting,D3-NTCD,Network Traffic Community Deviation,detect,Detect,1,Network Traffic,0.25,artifact_cooccurrence,detect
T1558,Steal or Forge Kerberos Tickets,D3-NTCD,Network Traffic Community Deviation,detect,Detect,1,Network Traffic,0.25,artifact_cooccurrence,detect
T1563.001,SSH Hijacking,D3-NTCD,Network Traffic Community Deviation,detect,Detect,1,Network Traffic,0.25,artifact_cooccurrence,detect
T1563.002,RDP Hijacking,D3-NTCD,Network Traffic Community Deviation,detect,Detect,1,Network Traffic,0.25,artifact_cooccurrence,detect
T1563,Remote Service Session Hijacking,D3-NTCD,Network Traffic Community Deviation,detect,Detect,1,Network Traffic,0.25,artifact_cooccurrence,detect
T1565.002,Transmitted Data Manipulation,D3-NTCD,Network Traffic Community Deviation,detect,Detect,1,Network Traffic,0.25,artifact_cooccurrence,detect
T1565,Data Manipulation,D3-NTCD,Network Traffic Community Deviation,detect,Detect,1,Network Traffic,0.25,artifact_cooccurrence,detect
T1566.001,Spearphishing Attachment,D3-NTCD,Network Traffic Community Deviation,detect,Detect,1,Network Traffic,0.25,artifact_cooccurrence,detect
T1566.002,Spearphishing Link,D3-NTCD,Network Traffic Community Deviation,detect,Detect,1,Network Traffic,0.25,artifact_cooccurrence,detect
T1566,Phishing,D3-NTCD,Network Traffic Community Deviation,detect,Detect,1,Network Traffic,0.25,artifact_cooccurrence,detect
T1567.001,Exfiltration to Code Repository,D3-NTCD,Network Traffic Community Deviation,detect,Detect,1,Network Traffic,0.25,artifact_cooccurrence,detect
T1567.002,Exfiltration to Cloud Storage,D3-NTCD,Network Traffic Community Deviation,detect,Detect,1,Network Traffic,0.25,artifact_cooccurrence,detect
T1567.003,Exfiltration to Text Storage Sites,D3-NTCD,Network Traffic Community Deviation,detect,Detect,1,Network Traffic,0.25,artifact_cooccurrence,detect
T1567.004,Exfiltration Over Webhook,D3-NTCD,Network Traffic Community Deviation,detect,Detect,1,Network Traffic,0.25,artifact_cooccurrence,detect
T1567,Exfiltration Over Web Service,D3-NTCD,Network Traffic Community Deviation,detect,Detect,1,Network Traffic,0.25,artifact_cooccurrence,detect
T1568.001,Fast Flux DNS,D3-NTCD,Network Traffic Community Deviation,detect,Detect,1,Network Traffic,0.25,artifact_cooccurrence,detect
T1568.002,Domain Generation Algorithms,D3-NTCD,Network Traffic Community Deviation,detect,Detect,1,Network Traffic,0.25,artifact_cooccurrence,detect
T1568.003,DNS Calculation,D3-NTCD,Network Traffic Community Deviation,detect,Detect,1,Network Traffic,0.25,artifact_cooccurrence,detect
T1568,Dynamic Resolution,D3-NTCD,Network Traffic Community Deviation,detect,Detect,1,Network Traffic,0.25,artifact_cooccurrence,detect
T1570,Lateral Tool Transfer,D3-NTCD,Network Traffic Community Deviation,detect,Detect,1,Network Traffic,0.25,artifact_cooccurrence,detect
T1571,Non-Standard Port,D3-NTCD,Network Traffic Community Deviation,detect,Detect,1,Network Traffic,0.25,artifact_cooccurrence,detect
T1572,Protocol Tunneling,D3-NTCD,Network Traffic Community Deviation,detect,Detect,1,Network Traffic,0.25,artifact_cooccurrence,detect
T1573.001,Symmetric Cryptography,D3-NTCD,Network Traffic Community Deviation,detect,Detect,1,Network Traffic,0.25,artifact_cooccurrence,detect
T1573.002,Asymmetric Cryptography,D3-NTCD,Network Traffic Community Deviation,detect,Detect,1,Network Traffic,0.25,artifact_cooccurrence,detect
T1573,Encrypted Channel,D3-NTCD,Network Traffic Community Deviation,detect,Detect,1,Network Traffic,0.25,artifact_cooccurrence,detect
T1001.001,Junk Data,D3-NTSA,Network Traffic Signature Analysis,detect,Detect,1,Network Traffic,0.25,artifact_cooccurrence,detect
T1001.002,Steganography,D3-NTSA,Network Traffic Signature Analysis,detect,Detect,1,Network Traffic,0.25,artifact_cooccurrence,detect
T1001.003,Protocol or Service Impersonation,D3-NTSA,Network Traffic Signature Analysis,detect,Detect,1,Network Traffic,0.25,artifact_cooccurrence,detect
T1001,Data Obfuscation,D3-NTSA,Network Traffic Signature Analysis,detect,Detect,1,Network Traffic,0.25,artifact_cooccurrence,detect
T1003.006,DCSync,D3-NTSA,Network Traffic Signature Analysis,detect,Detect,1,Network Traffic,0.25,artifact_cooccurrence,detect
T1003,OS Credential Dumping,D3-NTSA,Network Traffic Signature Analysis,detect,Detect,1,Network Traffic,0.25,artifact_cooccurrence,detect
T1008,Fallback Channels,D3-NTSA,Network Traffic Signature Analysis,detect,Detect,1,Network Traffic,0.25,artifact_cooccurrence,detect
T1011.001,Exfiltration Over Bluetooth,D3-NTSA,Network Traffic Signature Analysis,detect,Detect,1,Network Traffic,0.25,artifact_cooccurrence,detect
T1011,Exfiltration Over Other Network Medium,D3-NTSA,Network Traffic Signature Analysis,detect,Detect,1,Network Traffic,0.25,artifact_cooccurrence,detect
T1018,Remote System Discovery,D3-NTSA,Network Traffic Signature Analysis,detect,Detect,1,Network Traffic,0.25,artifact_cooccurrence,detect
T1020.001,Traffic Duplication,D3-NTSA,Network Traffic Signature Analysis,detect,Detect,1,Network Traffic,0.25,artifact_cooccurrence,detect
T1020,Automated Exfiltration,D3-NTSA,Network Traffic Signature Analysis,detect,Detect,1,Network Traffic,0.25,artifact_cooccurrence,detect
T1021.001,Remote Desktop Protocol,D3-NTSA,Network Traffic Signature Analysis,detect,Detect,1,Network Traffic,0.25,artifact_cooccurrence,detect
T1021.002,SMB/Windows Admin Shares,D3-NTSA,Network Traffic Signature Analysis,detect,Detect,1,Network Traffic,0.25,artifact_cooccurrence,detect
T1021.003,Distributed Component Object Model,D3-NTSA,Network Traffic Signature Analysis,detect,Detect,1,Network Traffic,0.25,artifact_cooccurrence,detect
T1021.004,SSH,D3-NTSA,Network Traffic Signature Analysis,detect,Detect,1,Network Traffic,0.25,artifact_cooccurrence,detect
T1021.005,VNC,D3-NTSA,Network Traffic Signature Analysis,detect,Detect,1,Network Traffic,0.25,artifact_cooccurrence,detect
T1021.006,Windows Remote Management,D3-NTSA,Network Traffic Signature Analysis,detect,Detect,1,Network Traffic,0.25,artifact_cooccurrence,detect
T1021.007,Cloud Services,D3-NTSA,Network Traffic Signature Analysis,detect,Detect,1,Network Traffic,0.25,artifact_cooccurrence,detect
T1021.008,Direct Cloud VM Connections,D3-NTSA,Network Traffic Signature Analysis,detect,Detect,1,Network Traffic,0.25,artifact_cooccurrence,detect
T1021,Remote Services,D3-NTSA,Network Traffic Signature Analysis,detect,Detect,1,Network Traffic,0.25,artifact_cooccurrence,detect
T1029,Scheduled Transfer,D3-NTSA,Network Traffic Signature Analysis,detect,Detect,1,Network Traffic,0.25,artifact_cooccurrence,detect
T1030,Data Transfer Size Limits,D3-NTSA,Network Traffic Signature Analysis,detect,Detect,1,Network Traffic,0.25,artifact_cooccurrence,detect
T1041,Exfiltration Over C2 Channel,D3-NTSA,Network Traffic Signature Analysis,detect,Detect,1,Network Traffic,0.25,artifact_cooccurrence,detect
T1047,Windows Management Instrumentation,D3-NTSA,Network Traffic Signature Analysis,detect,Detect,1,Network Traffic,0.25,artifact_cooccurrence,detect
T1048.001,Exfiltration Over Symmetric Encrypted Non-C2 Protocol,D3-NTSA,Network Traffic Signature Analysis,detect,Detect,1,Network Traffic,0.25,artifact_cooccurrence,detect
T1048.002,Exfiltration Over Asymmetric Encrypted Non-C2 Protocol,D3-NTSA,Network Traffic Signature Analysis,detect,Detect,1,Network Traffic,0.25,artifact_cooccurrence,detect
T1048.003,Exfiltration Over Unencrypted Non-C2 Protocol,D3-NTSA,Network Traffic Signature Analysis,detect,Detect,1,Network Traffic,0.25,artifact_cooccurrence,detect
T1048,Exfiltration Over Alternative Protocol,D3-NTSA,Network Traffic Signature Analysis,detect,Detect,1,Network Traffic,0.25,artifact_cooccurrence,detect
T1071.001,Web Protocols,D3-NTSA,Network Traffic Signature Analysis,detect,Detect,1,Network Traffic,0.25,artifact_cooccurrence,detect
T1071.002,File Transfer Protocols,D3-NTSA,Network Traffic Signature Analysis,detect,Detect,1,Network Traffic,0.25,artifact_cooccurrence,detect
T1071.003,Mail Protocols,D3-NTSA,Network Traffic Signature Analysis,detect,Detect,1,Network Traffic,0.25,artifact_cooccurrence,detect
T1071.004,DNS,D3-NTSA,Network Traffic Signature Analysis,detect,Detect,1,Network Traffic,0.25,artifact_cooccurrence,detect
T1071.005,Publish/Subscribe Protocols,D3-NTSA,Network Traffic Signature Analysis,detect,Detect,1,Network Traffic,0.25,artifact_cooccurrence,detect
T1071,Application Layer Protocol,D3-NTSA,Network Traffic Signature Analysis,detect,Detect,1,Network Traffic,0.25,artifact_cooccurrence,detect
T1090.001,Internal Proxy,D3-NTSA,Network Traffic Signature Analysis,detect,Detect,1,Network Traffic,0.25,artifact_cooccurrence,detect
T1090.002,External Proxy,D3-NTSA,Network Traffic Signature Analysis,detect,Detect,1,Network Traffic,0.25,artifact_cooccurrence,detect
T1090.003,Multi-hop Proxy,D3-NTSA,Network Traffic Signature Analysis,detect,Detect,1,Network Traffic,0.25,artifact_cooccurrence,detect
T1090.004,Domain Fronting,D3-NTSA,Network Traffic Signature Analysis,detect,Detect,1,Network Traffic,0.25,artifact_cooccurrence,detect
T1090,Proxy,D3-NTSA,Network Traffic Signature Analysis,detect,Detect,1,Network Traffic,0.25,artifact_cooccurrence,detect
T1095,Non-Application Layer Protocol,D3-NTSA,Network Traffic Signature Analysis,detect,Detect,1,Network Traffic,0.25,artifact_cooccurrence,detect
T1098.001,Additional Cloud Credentials,D3-NTSA,Network Traffic Signature Analysis,detect,Detect,1,Network Traffic,0.25,artifact_cooccurrence,detect
T1098,Account Manipulation,D3-NTSA,Network Traffic Signature Analysis,detect,Detect,1,Network Traffic,0.25,artifact_cooccurrence,detect
T1102.001,Dead Drop Resolver,D3-NTSA,Network Traffic Signature Analysis,detect,Detect,1,Network Traffic,0.25,artifact_cooccurrence,detect
T1102.002,Bidirectional Communication,D3-NTSA,Network Traffic Signature Analysis,detect,Detect,1,Network Traffic,0.25,artifact_cooccurrence,detect
T1102.003,One-Way Communication,D3-NTSA,Network Traffic Signature Analysis,detect,Detect,1,Network Traffic,0.25,artifact_cooccurrence,detect
T1102,Web Service,D3-NTSA,Network Traffic Signature Analysis,detect,Detect,1,Network Traffic,0.25,artifact_cooccurrence,detect
T1104,Multi-Stage Channels,D3-NTSA,Network Traffic Signature Analysis,detect,Detect,1,Network Traffic,0.25,artifact_cooccurrence,detect
T1105,Ingress Tool Transfer,D3-NTSA,Network Traffic Signature Analysis,detect,Detect,1,Network Traffic,0.25,artifact_cooccurrence,detect
T1110.003,Password Spraying,D3-NTSA,Network Traffic Signature Analysis,detect,Detect,1,Network Traffic,0.25,artifact_cooccurrence,detect
T1110.004,Credential Stuffing,D3-NTSA,Network Traffic Signature Analysis,detect,Detect,1,Network Traffic,0.25,artifact_cooccurrence,detect
T1110,Brute Force,D3-NTSA,Network Traffic Signature Analysis,detect,Detect,1,Network Traffic,0.25,artifact_cooccurrence,detect
T1132.001,Standard Encoding,D3-NTSA,Network Traffic Signature Analysis,detect,Detect,1,Network Traffic,0.25,artifact_cooccurrence,detect
T1132.002,Non-Standard Encoding,D3-NTSA,Network Traffic Signature Analysis,detect,Detect,1,Network Traffic,0.25,artifact_cooccurrence,detect
T1132,Data Encoding,D3-NTSA,Network Traffic Signature Analysis,detect,Detect,1,Network Traffic,0.25,artifact_cooccurrence,detect
T1185,Browser Session Hijacking,D3-NTSA,Network Traffic Signature Analysis,detect,Detect,1,Network Traffic,0.25,artifact_cooccurrence,detect
T1189,Drive-by Compromise,D3-NTSA,Network Traffic Signature Analysis,detect,Detect,1,Network Traffic,0.25,artifact_cooccurrence,detect
T1190,Exploit Public-Facing Application,D3-NTSA,Network Traffic Signature Analysis,detect,Detect,1,Network Traffic,0.25,artifact_cooccurrence,detect
T1197,BITS Jobs,D3-NTSA,Network Traffic Signature Analysis,detect,Detect,1,Network Traffic,0.25,artifact_cooccurrence,detect
T1199,Trusted Relationship,D3-NTSA,Network Traffic Signature Analysis,detect,Detect,1,Network Traffic,0.25,artifact_cooccurrence,detect
T1204.001,Malicious Link,D3-NTSA,Network Traffic Signature Analysis,detect,Detect,1,Network Traffic,0.25,artifact_cooccurrence,detect
T1204,User Execution,D3-NTSA,Network Traffic Signature Analysis,detect,Detect,1,Network Traffic,0.25,artifact_cooccurrence,detect
T1205.001,Port Knocking,D3-NTSA,Network Traffic Signature Analysis,detect,Detect,1,Network Traffic,0.25,artifact_cooccurrence,detect
T1205.002,Socket Filters,D3-NTSA,Network Traffic Signature Analysis,detect,Detect,1,Network Traffic,0.25,artifact_cooccurrence,detect
T1205,Traffic Signaling,D3-NTSA,Network Traffic Signature Analysis,detect,Detect,1,Network Traffic,0.25,artifact_cooccurrence,detect
T1207,Rogue Domain Controller,D3-NTSA,Network Traffic Signature Analysis,detect,Detect,1,Network Traffic,0.25,artifact_cooccurrence,detect
T1210,Exploitation of Remote Services,D3-NTSA,Network Traffic Signature Analysis,detect,Detect,1,Network Traffic,0.25,artifact_cooccurrence,detect
T1218.003,CMSTP,D3-NTSA,Network Traffic Signature Analysis,detect,Detect,1,Network Traffic,0.25,artifact_cooccurrence,detect
T1218,System Binary Proxy Execution,D3-NTSA,Network Traffic Signature Analysis,detect,Detect,1,Network Traffic,0.25,artifact_cooccurrence,detect
T1219.001,IDE Tunneling,D3-NTSA,Network Traffic Signature Analysis,detect,Detect,1,Network Traffic,0.25,artifact_cooccurrence,detect
T1219.002,Remote Desktop Software,D3-NTSA,Network Traffic Signature Analysis,detect,Detect,1,Network Traffic,0.25,artifact_cooccurrence,detect
T1219.003,Remote Access Hardware,D3-NTSA,Network Traffic Signature Analysis,detect,Detect,1,Network Traffic,0.25,artifact_cooccurrence,detect
T1219,Remote Access Tools,D3-NTSA,Network Traffic Signature Analysis,detect,Detect,1,Network Traffic,0.25,artifact_cooccurrence,detect
T1498.001,Direct Network Flood,D3-NTSA,Network Traffic Signature Analysis,detect,Detect,1,Network Traffic,0.25,artifact_cooccurrence,detect
T1498.002,Reflection Amplification,D3-NTSA,Network Traffic Signature Analysis,detect,Detect,1,Network Traffic,0.25,artifact_cooccurrence,detect
T1498,Network Denial of Service,D3-NTSA,Network Traffic Signature Analysis,detect,Detect,1,Network Traffic,0.25,artifact_cooccurrence,detect
T1499.002,Service Exhaustion Flood,D3-NTSA,Network Traffic Signature Analysis,detect,Detect,1,Network Traffic,0.25,artifact_cooccurrence,detect
T1499,Endpoint Denial of Service,D3-NTSA,Network Traffic Signature Analysis,detect,Detect,1,Network Traffic,0.25,artifact_cooccurrence,detect
T1542.005,TFTP Boot,D3-NTSA,Network Traffic Signature Analysis,detect,Detect,1,Network Traffic,0.25,artifact_cooccurrence,detect
T1542,Pre-OS Boot,D3-NTSA,Network Traffic Signature Analysis,detect,Detect,1,Network Traffic,0.25,artifact_cooccurrence,detect
T1546.003,Windows Management Instrumentation Event Subscription,D3-NTSA,Network Traffic Signature Analysis,detect,Detect,1,Network Traffic,0.25,artifact_cooccurrence,detect
T1546.008,Accessibility Features,D3-NTSA,Network Traffic Signature Analysis,detect,Detect,1,Network Traffic,0.25,artifact_cooccurrence,detect
T1546,Event Triggered Execution,D3-NTSA,Network Traffic Signature Analysis,detect,Detect,1,Network Traffic,0.25,artifact_cooccurrence,detect
T1550.001,Application Access Token,D3-NTSA,Network Traffic Signature Analysis,detect,Detect,1,Network Traffic,0.25,artifact_cooccurrence,detect
T1550.004,Web Session Cookie,D3-NTSA,Network Traffic Signature Analysis,detect,Detect,1,Network Traffic,0.25,artifact_cooccurrence,detect
T1550,Use Alternate Authentication Material,D3-NTSA,Network Traffic Signature Analysis,detect,Detect,1,Network Traffic,0.25,artifact_cooccurrence,detect
T1557.001,LLMNR/NBT-NS Poisoning and SMB Relay,D3-NTSA,Network Traffic Signature Analysis,detect,Detect,1,Network Traffic,0.25,artifact_cooccurrence,detect
T1557.002,ARP Cache Poisoning,D3-NTSA,Network Traffic Signature Analysis,detect,Detect,1,Network Traffic,0.25,artifact_cooccurrence,detect
T1557.003,DHCP Spoofing,D3-NTSA,Network Traffic Signature Analysis,detect,Detect,1,Network Traffic,0.25,artifact_cooccurrence,detect
T1557.004,Evil Twin,D3-NTSA,Network Traffic Signature Analysis,detect,Detect,1,Network Traffic,0.25,artifact_cooccurrence,detect
T1557,Adversary-in-the-Middle,D3-NTSA,Network Traffic Signature Analysis,detect,Detect,1,Network Traffic,0.25,artifact_cooccurrence,detect
T1558.003,Kerberoasting,D3-NTSA,Network Traffic Signature Analysis,detect,Detect,1,Network Traffic,0.25,artifact_cooccurrence,detect
T1558,Steal or Forge Kerberos Tickets,D3-NTSA,Network Traffic Signature Analysis,detect,Detect,1,Network Traffic,0.25,artifact_cooccurrence,detect
T1563.001,SSH Hijacking,D3-NTSA,Network Traffic Signature Analysis,detect,Detect,1,Network Traffic,0.25,artifact_cooccurrence,detect
T1563.002,RDP Hijacking,D3-NTSA,Network Traffic Signature Analysis,detect,Detect,1,Network Traffic,0.25,artifact_cooccurrence,detect
T1563,Remote Service Session Hijacking,D3-NTSA,Network Traffic Signature Analysis,detect,Detect,1,Network Traffic,0.25,artifact_cooccurrence,detect
T1565.002,Transmitted Data Manipulation,D3-NTSA,Network Traffic Signature Analysis,detect,Detect,1,Network Traffic,0.25,artifact_cooccurrence,detect
T1565,Data Manipulation,D3-NTSA,Network Traffic Signature Analysis,detect,Detect,1,Network Traffic,0.25,artifact_cooccurrence,detect
T1566.001,Spearphishing Attachment,D3-NTSA,Network Traffic Signature Analysis,detect,Detect,1,Network Traffic,0.25,artifact_cooccurrence,detect
T1566.002,Spearphishing Link,D3-NTSA,Network Traffic Signature Analysis,detect,Detect,1,Network Traffic,0.25,artifact_cooccurrence,detect
T1566,Phishing,D3-NTSA,Network Traffic Signature Analysis,detect,Detect,1,Network Traffic,0.25,artifact_cooccurrence,detect
T1567.001,Exfiltration to Code Repository,D3-NTSA,Network Traffic Signature Analysis,detect,Detect,1,Network Traffic,0.25,artifact_cooccurrence,detect
T1567.002,Exfiltration to Cloud Storage,D3-NTSA,Network Traffic Signature Analysis,detect,Detect,1,Network Traffic,0.25,artifact_cooccurrence,detect
T1567.003,Exfiltration to Text Storage Sites,D3-NTSA,Network Traffic Signature Analysis,detect,Detect,1,Network Traffic,0.25,artifact_cooccurrence,detect
T1567.004,Exfiltration Over Webhook,D3-NTSA,Network Traffic Signature Analysis,detect,Detect,1,Network Traffic,0.25,artifact_cooccurrence,detect
T1567,Exfiltration Over Web Service,D3-NTSA,Network Traffic Signature Analysis,detect,Detect,1,Network Traffic,0.25,artifact_cooccurrence,detect
T1568.001,Fast Flux DNS,D3-NTSA,Network Traffic Signature Analysis,detect,Detect,1,Network Traffic,0.25,artifact_cooccurrence,detect
T1568.002,Domain Generation Algorithms,D3-NTSA,Network Traffic Signature Analysis,detect,Detect,1,Network Traffic,0.25,artifact_cooccurrence,detect
T1568.003,DNS Calculation,D3-NTSA,Network Traffic Signature Analysis,detect,Detect,1,Network Traffic,0.25,artifact_cooccurrence,detect
T1568,Dynamic Resolution,D3-NTSA,Network Traffic Signature Analysis,detect,Detect,1,Network Traffic,0.25,artifact_cooccurrence,detect
T1570,Lateral Tool Transfer,D3-NTSA,Network Traffic Signature Analysis,detect,Detect,1,Network Traffic,0.25,artifact_cooccurrence,detect
T1571,Non-Standard Port,D3-NTSA,Network Traffic Signature Analysis,detect,Detect,1,Network Traffic,0.25,artifact_cooccurrence,detect
T1572,Protocol Tunneling,D3-NTSA,Network Traffic Signature Analysis,detect,Detect,1,Network Traffic,0.25,artifact_cooccurrence,detect
T1573.001,Symmetric Cryptography,D3-NTSA,Network Traffic Signature Analysis,detect,Detect,1,Network Traffic,0.25,artifact_cooccurrence,detect
T1573.002,Asymmetric Cryptography,D3-NTSA,Network Traffic Signature Analysis,detect,Detect,1,Network Traffic,0.25,artifact_cooccurrence,detect
T1573,Encrypted Channel,D3-NTSA,Network Traffic Signature Analysis,detect,Detect,1,Network Traffic,0.25,artifact_cooccurrence,detect
T1001.001,Junk Data,D3-PHDURA,Per Host Download-Upload Ratio Analysis,detect,Detect,1,Network Traffic,0.25,artifact_cooccurrence,detect
T1001.002,Steganography,D3-PHDURA,Per Host Download-Upload Ratio Analysis,detect,Detect,1,Network Traffic,0.25,artifact_cooccurrence,detect
T1001.003,Protocol or Service Impersonation,D3-PHDURA,Per Host Download-Upload Ratio Analysis,detect,Detect,1,Network Traffic,0.25,artifact_cooccurrence,detect
T1001,Data Obfuscation,D3-PHDURA,Per Host Download-Upload Ratio Analysis,detect,Detect,1,Network Traffic,0.25,artifact_cooccurrence,detect
T1003.006,DCSync,D3-PHDURA,Per Host Download-Upload Ratio Analysis,detect,Detect,1,Network Traffic,0.25,artifact_cooccurrence,detect
T1003,OS Credential Dumping,D3-PHDURA,Per Host Download-Upload Ratio Analysis,detect,Detect,1,Network Traffic,0.25,artifact_cooccurrence,detect
T1008,Fallback Channels,D3-PHDURA,Per Host Download-Upload Ratio Analysis,detect,Detect,1,Network Traffic,0.25,artifact_cooccurrence,detect
T1011.001,Exfiltration Over Bluetooth,D3-PHDURA,Per Host Download-Upload Ratio Analysis,detect,Detect,1,Network Traffic,0.25,artifact_cooccurrence,detect
T1011,Exfiltration Over Other Network Medium,D3-PHDURA,Per Host Download-Upload Ratio Analysis,detect,Detect,1,Network Traffic,0.25,artifact_cooccurrence,detect
T1018,Remote System Discovery,D3-PHDURA,Per Host Download-Upload Ratio Analysis,detect,Detect,1,Network Traffic,0.25,artifact_cooccurrence,detect
T1020.001,Traffic Duplication,D3-PHDURA,Per Host Download-Upload Ratio Analysis,detect,Detect,1,Network Traffic,0.25,artifact_cooccurrence,detect
T1020,Automated Exfiltration,D3-PHDURA,Per Host Download-Upload Ratio Analysis,detect,Detect,1,Network Traffic,0.25,artifact_cooccurrence,detect
T1021.001,Remote Desktop Protocol,D3-PHDURA,Per Host Download-Upload Ratio Analysis,detect,Detect,1,Network Traffic,0.25,artifact_cooccurrence,detect
T1021.002,SMB/Windows Admin Shares,D3-PHDURA,Per Host Download-Upload Ratio Analysis,detect,Detect,1,Network Traffic,0.25,artifact_cooccurrence,detect
T1021.003,Distributed Component Object Model,D3-PHDURA,Per Host Download-Upload Ratio Analysis,detect,Detect,1,Network Traffic,0.25,artifact_cooccurrence,detect
T1021.004,SSH,D3-PHDURA,Per Host Download-Upload Ratio Analysis,detect,Detect,1,Network Traffic,0.25,artifact_cooccurrence,detect
T1021.005,VNC,D3-PHDURA,Per Host Download-Upload Ratio Analysis,detect,Detect,1,Network Traffic,0.25,artifact_cooccurrence,detect
T1021.006,Windows Remote Management,D3-PHDURA,Per Host Download-Upload Ratio Analysis,detect,Detect,1,Network Traffic,0.25,artifact_cooccurrence,detect
T1021.007,Cloud Services,D3-PHDURA,Per Host Download-Upload Ratio Analysis,detect,Detect,1,Network Traffic,0.25,artifact_cooccurrence,detect
T1021.008,Direct Cloud VM Connections,D3-PHDURA,Per Host Download-Upload Ratio Analysis,detect,Detect,1,Network Traffic,0.25,artifact_cooccurrence,detect
T1021,Remote Services,D3-PHDURA,Per Host Download-Upload Ratio Analysis,detect,Detect,1,Network Traffic,0.25,artifact_cooccurrence,detect
T1029,Scheduled Transfer,D3-PHDURA,Per Host Download-Upload Ratio Analysis,detect,Detect,1,Network Traffic,0.25,artifact_cooccurrence,detect
T1030,Data Transfer Size Limits,D3-PHDURA,Per Host Download-Upload Ratio Analysis,detect,Detect,1,Network Traffic,0.25,artifact_cooccurrence,detect
T1041,Exfiltration Over C2 Channel,D3-PHDURA,Per Host Download-Upload Ratio Analysis,detect,Detect,1,Network Traffic,0.25,artifact_cooccurrence,detect
T1047,Windows Management Instrumentation,D3-PHDURA,Per Host Download-Upload Ratio Analysis,detect,Detect,1,Network Traffic,0.25,artifact_cooccurrence,detect
T1048.001,Exfiltration Over Symmetric Encrypted Non-C2 Protocol,D3-PHDURA,Per Host Download-Upload Ratio Analysis,detect,Detect,1,Network Traffic,0.25,artifact_cooccurrence,detect
T1048.002,Exfiltration Over Asymmetric Encrypted Non-C2 Protocol,D3-PHDURA,Per Host Download-Upload Ratio Analysis,detect,Detect,1,Network Traffic,0.25,artifact_cooccurrence,detect
T1048.003,Exfiltration Over Unencrypted Non-C2 Protocol,D3-PHDURA,Per Host Download-Upload Ratio Analysis,detect,Detect,1,Network Traffic,0.25,artifact_cooccurrence,detect
T1048,Exfiltration Over Alternative Protocol,D3-PHDURA,Per Host Download-Upload Ratio Analysis,detect,Detect,1,Network Traffic,0.25,artifact_cooccurrence,detect
T1071.001,Web Protocols,D3-PHDURA,Per Host Download-Upload Ratio Analysis,detect,Detect,1,Network Traffic,0.25,artifact_cooccurrence,detect
T1071.002,File Transfer Protocols,D3-PHDURA,Per Host Download-Upload Ratio Analysis,detect,Detect,1,Network Traffic,0.25,artifact_cooccurrence,detect
T1071.003,Mail Protocols,D3-PHDURA,Per Host Download-Upload Ratio Analysis,detect,Detect,1,Network Traffic,0.25,artifact_cooccurrence,detect
T1071.004,DNS,D3-PHDURA,Per Host Download-Upload Ratio Analysis,detect,Detect,1,Network Traffic,0.25,artifact_cooccurrence,detect
T1071.005,Publish/Subscribe Protocols,D3-PHDURA,Per Host Download-Upload Ratio Analysis,detect,Detect,1,Network Traffic,0.25,artifact_cooccurrence,detect
T1071,Application Layer Protocol,D3-PHDURA,Per Host Download-Upload Ratio Analysis,detect,Detect,1,Network Traffic,0.25,artifact_cooccurrence,detect
T1090.001,Internal Proxy,D3-PHDURA,Per Host Download-Upload Ratio Analysis,detect,Detect,1,Network Traffic,0.25,artifact_cooccurrence,detect
T1090.002,External Proxy,D3-PHDURA,Per Host Download-Upload Ratio Analysis,detect,Detect,1,Network Traffic,0.25,artifact_cooccurrence,detect
T1090.003,Multi-hop Proxy,D3-PHDURA,Per Host Download-Upload Ratio Analysis,detect,Detect,1,Network Traffic,0.25,artifact_cooccurrence,detect
T1090.004,Domain Fronting,D3-PHDURA,Per Host Download-Upload Ratio Analysis,detect,Detect,1,Network Traffic,0.25,artifact_cooccurrence,detect
T1090,Proxy,D3-PHDURA,Per Host Download-Upload Ratio Analysis,detect,Detect,1,Network Traffic,0.25,artifact_cooccurrence,detect
T1095,Non-Application Layer Protocol,D3-PHDURA,Per Host Download-Upload Ratio Analysis,detect,Detect,1,Network Traffic,0.25,artifact_cooccurrence,detect
T1098.001,Additional Cloud Credentials,D3-PHDURA,Per Host Download-Upload Ratio Analysis,detect,Detect,1,Network Traffic,0.25,artifact_cooccurrence,detect
T1098,Account Manipulation,D3-PHDURA,Per Host Download-Upload Ratio Analysis,detect,Detect,1,Network Traffic,0.25,artifact_cooccurrence,detect
T1102.001,Dead Drop Resolver,D3-PHDURA,Per Host Download-Upload Ratio Analysis,detect,Detect,1,Network Traffic,0.25,artifact_cooccurrence,detect
T1102.002,Bidirectional Communication,D3-PHDURA,Per Host Download-Upload Ratio Analysis,detect,Detect,1,Network Traffic,0.25,artifact_cooccurrence,detect
T1102.003,One-Way Communication,D3-PHDURA,Per Host Download-Upload Ratio Analysis,detect,Detect,1,Network Traffic,0.25,artifact_cooccurrence,detect
T1102,Web Service,D3-PHDURA,Per Host Download-Upload Ratio Analysis,detect,Detect,1,Network Traffic,0.25,artifact_cooccurrence,detect
T1104,Multi-Stage Channels,D3-PHDURA,Per Host Download-Upload Ratio Analysis,detect,Detect,1,Network Traffic,0.25,artifact_cooccurrence,detect
T1105,Ingress Tool Transfer,D3-PHDURA,Per Host Download-Upload Ratio Analysis,detect,Detect,1,Network Traffic,0.25,artifact_cooccurrence,detect
T1110.003,Password Spraying,D3-PHDURA,Per Host Download-Upload Ratio Analysis,detect,Detect,1,Network Traffic,0.25,artifact_cooccurrence,detect
T1110.004,Credential Stuffing,D3-PHDURA,Per Host Download-Upload Ratio Analysis,detect,Detect,1,Network Traffic,0.25,artifact_cooccurrence,detect
T1110,Brute Force,D3-PHDURA,Per Host Download-Upload Ratio Analysis,detect,Detect,1,Network Traffic,0.25,artifact_cooccurrence,detect
T1132.001,Standard Encoding,D3-PHDURA,Per Host Download-Upload Ratio Analysis,detect,Detect,1,Network Traffic,0.25,artifact_cooccurrence,detect
T1132.002,Non-Standard Encoding,D3-PHDURA,Per Host Download-Upload Ratio Analysis,detect,Detect,1,Network Traffic,0.25,artifact_cooccurrence,detect
T1132,Data Encoding,D3-PHDURA,Per Host Download-Upload Ratio Analysis,detect,Detect,1,Network Traffic,0.25,artifact_cooccurrence,detect
T1185,Browser Session Hijacking,D3-PHDURA,Per Host Download-Upload Ratio Analysis,detect,Detect,1,Network Traffic,0.25,artifact_cooccurrence,detect
T1189,Drive-by Compromise,D3-PHDURA,Per Host Download-Upload Ratio Analysis,detect,Detect,1,Network Traffic,0.25,artifact_cooccurrence,detect
T1190,Exploit Public-Facing Application,D3-PHDURA,Per Host Download-Upload Ratio Analysis,detect,Detect,1,Network Traffic,0.25,artifact_cooccurrence,detect
T1197,BITS Jobs,D3-PHDURA,Per Host Download-Upload Ratio Analysis,detect,Detect,1,Network Traffic,0.25,artifact_cooccurrence,detect
T1199,Trusted Relationship,D3-PHDURA,Per Host Download-Upload Ratio Analysis,detect,Detect,1,Network Traffic,0.25,artifact_cooccurrence,detect
T1204.001,Malicious Link,D3-PHDURA,Per Host Download-Upload Ratio Analysis,detect,Detect,1,Network Traffic,0.25,artifact_cooccurrence,detect
T1204,User Execution,D3-PHDURA,Per Host Download-Upload Ratio Analysis,detect,Detect,1,Network Traffic,0.25,artifact_cooccurrence,detect
T1205.001,Port Knocking,D3-PHDURA,Per Host Download-Upload Ratio Analysis,detect,Detect,1,Network Traffic,0.25,artifact_cooccurrence,detect
T1205.002,Socket Filters,D3-PHDURA,Per Host Download-Upload Ratio Analysis,detect,Detect,1,Network Traffic,0.25,artifact_cooccurrence,detect
T1205,Traffic Signaling,D3-PHDURA,Per Host Download-Upload Ratio Analysis,detect,Detect,1,Network Traffic,0.25,artifact_cooccurrence,detect
T1207,Rogue Domain Controller,D3-PHDURA,Per Host Download-Upload Ratio Analysis,detect,Detect,1,Network Traffic,0.25,artifact_cooccurrence,detect
T1210,Exploitation of Remote Services,D3-PHDURA,Per Host Download-Upload Ratio Analysis,detect,Detect,1,Network Traffic,0.25,artifact_cooccurrence,detect
T1218.003,CMSTP,D3-PHDURA,Per Host Download-Upload Ratio Analysis,detect,Detect,1,Network Traffic,0.25,artifact_cooccurrence,detect
T1218,System Binary Proxy Execution,D3-PHDURA,Per Host Download-Upload Ratio Analysis,detect,Detect,1,Network Traffic,0.25,artifact_cooccurrence,detect
T1219.001,IDE Tunneling,D3-PHDURA,Per Host Download-Upload Ratio Analysis,detect,Detect,1,Network Traffic,0.25,artifact_cooccurrence,detect
T1219.002,Remote Desktop Software,D3-PHDURA,Per Host Download-Upload Ratio Analysis,detect,Detect,1,Network Traffic,0.25,artifact_cooccurrence,detect
T1219.003,Remote Access Hardware,D3-PHDURA,Per Host Download-Upload Ratio Analysis,detect,Detect,1,Network Traffic,0.25,artifact_cooccurrence,detect
T1219,Remote Access Tools,D3-PHDURA,Per Host Download-Upload Ratio Analysis,detect,Detect,1,Network Traffic,0.25,artifact_cooccurrence,detect
T1498.001,Direct Network Flood,D3-PHDURA,Per Host Download-Upload Ratio Analysis,detect,Detect,1,Network Traffic,0.25,artifact_cooccurrence,detect
T1498.002,Reflection Amplification,D3-PHDURA,Per Host Download-Upload Ratio Analysis,detect,Detect,1,Network Traffic,0.25,artifact_cooccurrence,detect
T1498,Network Denial of Service,D3-PHDURA,Per Host Download-Upload Ratio Analysis,detect,Detect,1,Network Traffic,0.25,artifact_cooccurrence,detect
T1499.002,Service Exhaustion Flood,D3-PHDURA,Per Host Download-Upload Ratio Analysis,detect,Detect,1,Network Traffic,0.25,artifact_cooccurrence,detect
T1499,Endpoint Denial of Service,D3-PHDURA,Per Host Download-Upload Ratio Analysis,detect,Detect,1,Network Traffic,0.25,artifact_cooccurrence,detect
T1542.005,TFTP Boot,D3-PHDURA,Per Host Download-Upload Ratio Analysis,detect,Detect,1,Network Traffic,0.25,artifact_cooccurrence,detect
T1542,Pre-OS Boot,D3-PHDURA,Per Host Download-Upload Ratio Analysis,detect,Detect,1,Network Traffic,0.25,artifact_cooccurrence,detect
T1546.003,Windows Management Instrumentation Event Subscription,D3-PHDURA,Per Host Download-Upload Ratio Analysis,detect,Detect,1,Network Traffic,0.25,artifact_cooccurrence,detect
T1546.008,Accessibility Features,D3-PHDURA,Per Host Download-Upload Ratio Analysis,detect,Detect,1,Network Traffic,0.25,artifact_cooccurrence,detect
T1546,Event Triggered Execution,D3-PHDURA,Per Host Download-Upload Ratio Analysis,detect,Detect,1,Network Traffic,0.25,artifact_cooccurrence,detect
T1550.001,Application Access Token,D3-PHDURA,Per Host Download-Upload Ratio Analysis,detect,Detect,1,Network Traffic,0.25,artifact_cooccurrence,detect
T1550.004,Web Session Cookie,D3-PHDURA,Per Host Download-Upload Ratio Analysis,detect,Detect,1,Network Traffic,0.25,artifact_cooccurrence,detect
T1550,Use Alternate Authentication Material,D3-PHDURA,Per Host Download-Upload Ratio Analysis,detect,Detect,1,Network Traffic,0.25,artifact_cooccurrence,detect
T1557.001,LLMNR/NBT-NS Poisoning and SMB Relay,D3-PHDURA,Per Host Download-Upload Ratio Analysis,detect,Detect,1,Network Traffic,0.25,artifact_cooccurrence,detect
T1557.002,ARP Cache Poisoning,D3-PHDURA,Per Host Download-Upload Ratio Analysis,detect,Detect,1,Network Traffic,0.25,artifact_cooccurrence,detect
T1557.003,DHCP Spoofing,D3-PHDURA,Per Host Download-Upload Ratio Analysis,detect,Detect,1,Network Traffic,0.25,artifact_cooccurrence,detect
T1557.004,Evil Twin,D3-PHDURA,Per Host Download-Upload Ratio Analysis,detect,Detect,1,Network Traffic,0.25,artifact_cooccurrence,detect
T1557,Adversary-in-the-Middle,D3-PHDURA,Per Host Download-Upload Ratio Analysis,detect,Detect,1,Network Traffic,0.25,artifact_cooccurrence,detect
T1558.003,Kerberoasting,D3-PHDURA,Per Host Download-Upload Ratio Analysis,detect,Detect,1,Network Traffic,0.25,artifact_cooccurrence,detect
T1558,Steal or Forge Kerberos Tickets,D3-PHDURA,Per Host Download-Upload Ratio Analysis,detect,Detect,1,Network Traffic,0.25,artifact_cooccurrence,detect
T1563.001,SSH Hijacking,D3-PHDURA,Per Host Download-Upload Ratio Analysis,detect,Detect,1,Network Traffic,0.25,artifact_cooccurrence,detect
T1563.002,RDP Hijacking,D3-PHDURA,Per Host Download-Upload Ratio Analysis,detect,Detect,1,Network Traffic,0.25,artifact_cooccurrence,detect
T1563,Remote Service Session Hijacking,D3-PHDURA,Per Host Download-Upload Ratio Analysis,detect,Detect,1,Network Traffic,0.25,artifact_cooccurrence,detect
T1565.002,Transmitted Data Manipulation,D3-PHDURA,Per Host Download-Upload Ratio Analysis,detect,Detect,1,Network Traffic,0.25,artifact_cooccurrence,detect
T1565,Data Manipulation,D3-PHDURA,Per Host Download-Upload Ratio Analysis,detect,Detect,1,Network Traffic,0.25,artifact_cooccurrence,detect
T1566.001,Spearphishing Attachment,D3-PHDURA,Per Host Download-Upload Ratio Analysis,detect,Detect,1,Network Traffic,0.25,artifact_cooccurrence,detect
T1566.002,Spearphishing Link,D3-PHDURA,Per Host Download-Upload Ratio Analysis,detect,Detect,1,Network Traffic,0.25,artifact_cooccurrence,detect
T1566,Phishing,D3-PHDURA,Per Host Download-Upload Ratio Analysis,detect,Detect,1,Network Traffic,0.25,artifact_cooccurrence,detect
T1567.001,Exfiltration to Code Repository,D3-PHDURA,Per Host Download-Upload Ratio Analysis,detect,Detect,1,Network Traffic,0.25,artifact_cooccurrence,detect
T1567.002,Exfiltration to Cloud Storage,D3-PHDURA,Per Host Download-Upload Ratio Analysis,detect,Detect,1,Network Traffic,0.25,artifact_cooccurrence,detect
T1567.003,Exfiltration to Text Storage Sites,D3-PHDURA,Per Host Download-Upload Ratio Analysis,detect,Detect,1,Network Traffic,0.25,artifact_cooccurrence,detect
T1567.004,Exfiltration Over Webhook,D3-PHDURA,Per Host Download-Upload Ratio Analysis,detect,Detect,1,Network Traffic,0.25,artifact_cooccurrence,detect
T1567,Exfiltration Over Web Service,D3-PHDURA,Per Host Download-Upload Ratio Analysis,detect,Detect,1,Network Traffic,0.25,artifact_cooccurrence,detect
T1568.001,Fast Flux DNS,D3-PHDURA,Per Host Download-Upload Ratio Analysis,detect,Detect,1,Network Traffic,0.25,artifact_cooccurrence,detect
T1568.002,Domain Generation Algorithms,D3-PHDURA,Per Host Download-Upload Ratio Analysis,detect,Detect,1,Network Traffic,0.25,artifact_cooccurrence,detect
T1568.003,DNS Calculation,D3-PHDURA,Per Host Download-Upload Ratio Analysis,detect,Detect,1,Network Traffic,0.25,artifact_cooccurrence,detect
T1568,Dynamic Resolution,D3-PHDURA,Per Host Download-Upload Ratio Analysis,detect,Detect,1,Network Traffic,0.25,artifact_cooccurrence,detect
T1570,Lateral Tool Transfer,D3-PHDURA,Per Host Download-Upload Ratio Analysis,detect,Detect,1,Network Traffic,0.25,artifact_cooccurrence,detect
T1571,Non-Standard Port,D3-PHDURA,Per Host Download-Upload Ratio Analysis,detect,Detect,1,Network Traffic,0.25,artifact_cooccurrence,detect
T1572,Protocol Tunneling,D3-PHDURA,Per Host Download-Upload Ratio Analysis,detect,Detect,1,Network Traffic,0.25,artifact_cooccurrence,detect
T1573.001,Symmetric Cryptography,D3-PHDURA,Per Host Download-Upload Ratio Analysis,detect,Detect,1,Network Traffic,0.25,artifact_cooccurrence,detect
T1573.002,Asymmetric Cryptography,D3-PHDURA,Per Host Download-Upload Ratio Analysis,detect,Detect,1,Network Traffic,0.25,artifact_cooccurrence,detect
T1573,Encrypted Channel,D3-PHDURA,Per Host Download-Upload Ratio Analysis,detect,Detect,1,Network Traffic,0.25,artifact_cooccurrence,detect
T1001.001,Junk Data,D3-PMAD,Protocol Metadata Anomaly Detection,detect,Detect,1,Network Traffic,0.25,artifact_cooccurrence,detect
T1001.002,Steganography,D3-PMAD,Protocol Metadata Anomaly Detection,detect,Detect,1,Network Traffic,0.25,artifact_cooccurrence,detect
T1001.003,Protocol or Service Impersonation,D3-PMAD,Protocol Metadata Anomaly Detection,detect,Detect,1,Network Traffic,0.25,artifact_cooccurrence,detect
T1001,Data Obfuscation,D3-PMAD,Protocol Metadata Anomaly Detection,detect,Detect,1,Network Traffic,0.25,artifact_cooccurrence,detect
T1003.006,DCSync,D3-PMAD,Protocol Metadata Anomaly Detection,detect,Detect,1,Network Traffic,0.25,artifact_cooccurrence,detect
T1003,OS Credential Dumping,D3-PMAD,Protocol Metadata Anomaly Detection,detect,Detect,1,Network Traffic,0.25,artifact_cooccurrence,detect
T1008,Fallback Channels,D3-PMAD,Protocol Metadata Anomaly Detection,detect,Detect,1,Network Traffic,0.25,artifact_cooccurrence,detect
T1011.001,Exfiltration Over Bluetooth,D3-PMAD,Protocol Metadata Anomaly Detection,detect,Detect,1,Network Traffic,0.25,artifact_cooccurrence,detect
T1011,Exfiltration Over Other Network Medium,D3-PMAD,Protocol Metadata Anomaly Detection,detect,Detect,1,Network Traffic,0.25,artifact_cooccurrence,detect
T1018,Remote System Discovery,D3-PMAD,Protocol Metadata Anomaly Detection,detect,Detect,1,Network Traffic,0.25,artifact_cooccurrence,detect
T1020.001,Traffic Duplication,D3-PMAD,Protocol Metadata Anomaly Detection,detect,Detect,1,Network Traffic,0.25,artifact_cooccurrence,detect
T1020,Automated Exfiltration,D3-PMAD,Protocol Metadata Anomaly Detection,detect,Detect,1,Network Traffic,0.25,artifact_cooccurrence,detect
T1021.001,Remote Desktop Protocol,D3-PMAD,Protocol Metadata Anomaly Detection,detect,Detect,1,Network Traffic,0.25,artifact_cooccurrence,detect
T1021.002,SMB/Windows Admin Shares,D3-PMAD,Protocol Metadata Anomaly Detection,detect,Detect,1,Network Traffic,0.25,artifact_cooccurrence,detect
T1021.003,Distributed Component Object Model,D3-PMAD,Protocol Metadata Anomaly Detection,detect,Detect,1,Network Traffic,0.25,artifact_cooccurrence,detect
T1021.004,SSH,D3-PMAD,Protocol Metadata Anomaly Detection,detect,Detect,1,Network Traffic,0.25,artifact_cooccurrence,detect
T1021.005,VNC,D3-PMAD,Protocol Metadata Anomaly Detection,detect,Detect,1,Network Traffic,0.25,artifact_cooccurrence,detect
T1021.006,Windows Remote Management,D3-PMAD,Protocol Metadata Anomaly Detection,detect,Detect,1,Network Traffic,0.25,artifact_cooccurrence,detect
T1021.007,Cloud Services,D3-PMAD,Protocol Metadata Anomaly Detection,detect,Detect,1,Network Traffic,0.25,artifact_cooccurrence,detect
T1021.008,Direct Cloud VM Connections,D3-PMAD,Protocol Metadata Anomaly Detection,detect,Detect,1,Network Traffic,0.25,artifact_cooccurrence,detect
T1021,Remote Services,D3-PMAD,Protocol Metadata Anomaly Detection,detect,Detect,1,Network Traffic,0.25,artifact_cooccurrence,detect
T1029,Scheduled Transfer,D3-PMAD,Protocol Metadata Anomaly Detection,detect,Detect,1,Network Traffic,0.25,artifact_cooccurrence,detect
T1030,Data Transfer Size Limits,D3-PMAD,Protocol Metadata Anomaly Detection,detect,Detect,1,Network Traffic,0.25,artifact_cooccurrence,detect
T1041,Exfiltration Over C2 Channel,D3-PMAD,Protocol Metadata Anomaly Detection,detect,Detect,1,Network Traffic,0.25,artifact_cooccurrence,detect
T1047,Windows Management Instrumentation,D3-PMAD,Protocol Metadata Anomaly Detection,detect,Detect,1,Network Traffic,0.25,artifact_cooccurrence,detect
T1048.001,Exfiltration Over Symmetric Encrypted Non-C2 Protocol,D3-PMAD,Protocol Metadata Anomaly Detection,detect,Detect,1,Network Traffic,0.25,artifact_cooccurrence,detect
T1048.002,Exfiltration Over Asymmetric Encrypted Non-C2 Protocol,D3-PMAD,Protocol Metadata Anomaly Detection,detect,Detect,1,Network Traffic,0.25,artifact_cooccurrence,detect
T1048.003,Exfiltration Over Unencrypted Non-C2 Protocol,D3-PMAD,Protocol Metadata Anomaly Detection,detect,Detect,1,Network Traffic,0.25,artifact_cooccurrence,detect
T1048,Exfiltration Over Alternative Protocol,D3-PMAD,Protocol Metadata Anomaly Detection,detect,Detect,1,Network Traffic,0.25,artifact_cooccurrence,detect
T1071.001,Web Protocols,D3-PMAD,Protocol Metadata Anomaly Detection,detect,Detect,1,Network Traffic,0.25,artifact_cooccurrence,detect
T1071.002,File Transfer Protocols,D3-PMAD,Protocol Metadata Anomaly Detection,detect,Detect,1,Network Traffic,0.25,artifact_cooccurrence,detect
T1071.003,Mail Protocols,D3-PMAD,Protocol Metadata Anomaly Detection,detect,Detect,1,Network Traffic,0.25,artifact_cooccurrence,detect
T1071.004,DNS,D3-PMAD,Protocol Metadata Anomaly Detection,detect,Detect,1,Network Traffic,0.25,artifact_cooccurrence,detect
T1071.005,Publish/Subscribe Protocols,D3-PMAD,Protocol Metadata Anomaly Detection,detect,Detect,1,Network Traffic,0.25,artifact_cooccurrence,detect
T1071,Application Layer Protocol,D3-PMAD,Protocol Metadata Anomaly Detection,detect,Detect,1,Network Traffic,0.25,artifact_cooccurrence,detect
T1090.001,Internal Proxy,D3-PMAD,Protocol Metadata Anomaly Detection,detect,Detect,1,Network Traffic,0.25,artifact_cooccurrence,detect
T1090.002,External Proxy,D3-PMAD,Protocol Metadata Anomaly Detection,detect,Detect,1,Network Traffic,0.25,artifact_cooccurrence,detect
T1090.003,Multi-hop Proxy,D3-PMAD,Protocol Metadata Anomaly Detection,detect,Detect,1,Network Traffic,0.25,artifact_cooccurrence,detect
T1090.004,Domain Fronting,D3-PMAD,Protocol Metadata Anomaly Detection,detect,Detect,1,Network Traffic,0.25,artifact_cooccurrence,detect
T1090,Proxy,D3-PMAD,Protocol Metadata Anomaly Detection,detect,Detect,1,Network Traffic,0.25,artifact_cooccurrence,detect
T1095,Non-Application Layer Protocol,D3-PMAD,Protocol Metadata Anomaly Detection,detect,Detect,1,Network Traffic,0.25,artifact_cooccurrence,detect
T1098.001,Additional Cloud Credentials,D3-PMAD,Protocol Metadata Anomaly Detection,detect,Detect,1,Network Traffic,0.25,artifact_cooccurrence,detect
T1098,Account Manipulation,D3-PMAD,Protocol Metadata Anomaly Detection,detect,Detect,1,Network Traffic,0.25,artifact_cooccurrence,detect
T1102.001,Dead Drop Resolver,D3-PMAD,Protocol Metadata Anomaly Detection,detect,Detect,1,Network Traffic,0.25,artifact_cooccurrence,detect
T1102.002,Bidirectional Communication,D3-PMAD,Protocol Metadata Anomaly Detection,detect,Detect,1,Network Traffic,0.25,artifact_cooccurrence,detect
T1102.003,One-Way Communication,D3-PMAD,Protocol Metadata Anomaly Detection,detect,Detect,1,Network Traffic,0.25,artifact_cooccurrence,detect
T1102,Web Service,D3-PMAD,Protocol Metadata Anomaly Detection,detect,Detect,1,Network Traffic,0.25,artifact_cooccurrence,detect
T1104,Multi-Stage Channels,D3-PMAD,Protocol Metadata Anomaly Detection,detect,Detect,1,Network Traffic,0.25,artifact_cooccurrence,detect
T1105,Ingress Tool Transfer,D3-PMAD,Protocol Metadata Anomaly Detection,detect,Detect,1,Network Traffic,0.25,artifact_cooccurrence,detect
T1110.003,Password Spraying,D3-PMAD,Protocol Metadata Anomaly Detection,detect,Detect,1,Network Traffic,0.25,artifact_cooccurrence,detect
T1110.004,Credential Stuffing,D3-PMAD,Protocol Metadata Anomaly Detection,detect,Detect,1,Network Traffic,0.25,artifact_cooccurrence,detect
T1110,Brute Force,D3-PMAD,Protocol Metadata Anomaly Detection,detect,Detect,1,Network Traffic,0.25,artifact_cooccurrence,detect
T1132.001,Standard Encoding,D3-PMAD,Protocol Metadata Anomaly Detection,detect,Detect,1,Network Traffic,0.25,artifact_cooccurrence,detect
T1132.002,Non-Standard Encoding,D3-PMAD,Protocol Metadata Anomaly Detection,detect,Detect,1,Network Traffic,0.25,artifact_cooccurrence,detect
T1132,Data Encoding,D3-PMAD,Protocol Metadata Anomaly Detection,detect,Detect,1,Network Traffic,0.25,artifact_cooccurrence,detect
T1185,Browser Session Hijacking,D3-PMAD,Protocol Metadata Anomaly Detection,detect,Detect,1,Network Traffic,0.25,artifact_cooccurrence,detect
T1189,Drive-by Compromise,D3-PMAD,Protocol Metadata Anomaly Detection,detect,Detect,1,Network Traffic,0.25,artifact_cooccurrence,detect
T1190,Exploit Public-Facing Application,D3-PMAD,Protocol Metadata Anomaly Detection,detect,Detect,1,Network Traffic,0.25,artifact_cooccurrence,detect
T1197,BITS Jobs,D3-PMAD,Protocol Metadata Anomaly Detection,detect,Detect,1,Network Traffic,0.25,artifact_cooccurrence,detect
T1199,Trusted Relationship,D3-PMAD,Protocol Metadata Anomaly Detection,detect,Detect,1,Network Traffic,0.25,artifact_cooccurrence,detect
T1204.001,Malicious Link,D3-PMAD,Protocol Metadata Anomaly Detection,detect,Detect,1,Network Traffic,0.25,artifact_cooccurrence,detect
T1204,User Execution,D3-PMAD,Protocol Metadata Anomaly Detection,detect,Detect,1,Network Traffic,0.25,artifact_cooccurrence,detect
T1205.001,Port Knocking,D3-PMAD,Protocol Metadata Anomaly Detection,detect,Detect,1,Network Traffic,0.25,artifact_cooccurrence,detect
T1205.002,Socket Filters,D3-PMAD,Protocol Metadata Anomaly Detection,detect,Detect,1,Network Traffic,0.25,artifact_cooccurrence,detect
T1205,Traffic Signaling,D3-PMAD,Protocol Metadata Anomaly Detection,detect,Detect,1,Network Traffic,0.25,artifact_cooccurrence,detect
T1207,Rogue Domain Controller,D3-PMAD,Protocol Metadata Anomaly Detection,detect,Detect,1,Network Traffic,0.25,artifact_cooccurrence,detect
T1210,Exploitation of Remote Services,D3-PMAD,Protocol Metadata Anomaly Detection,detect,Detect,1,Network Traffic,0.25,artifact_cooccurrence,detect
T1218.003,CMSTP,D3-PMAD,Protocol Metadata Anomaly Detection,detect,Detect,1,Network Traffic,0.25,artifact_cooccurrence,detect
T1218,System Binary Proxy Execution,D3-PMAD,Protocol Metadata Anomaly Detection,detect,Detect,1,Network Traffic,0.25,artifact_cooccurrence,detect
T1219.001,IDE Tunneling,D3-PMAD,Protocol Metadata Anomaly Detection,detect,Detect,1,Network Traffic,0.25,artifact_cooccurrence,detect
T1219.002,Remote Desktop Software,D3-PMAD,Protocol Metadata Anomaly Detection,detect,Detect,1,Network Traffic,0.25,artifact_cooccurrence,detect
T1219.003,Remote Access Hardware,D3-PMAD,Protocol Metadata Anomaly Detection,detect,Detect,1,Network Traffic,0.25,artifact_cooccurrence,detect
T1219,Remote Access Tools,D3-PMAD,Protocol Metadata Anomaly Detection,detect,Detect,1,Network Traffic,0.25,artifact_cooccurrence,detect
T1498.001,Direct Network Flood,D3-PMAD,Protocol Metadata Anomaly Detection,detect,Detect,1,Network Traffic,0.25,artifact_cooccurrence,detect
T1498.002,Reflection Amplification,D3-PMAD,Protocol Metadata Anomaly Detection,detect,Detect,1,Network Traffic,0.25,artifact_cooccurrence,detect
T1498,Network Denial of Service,D3-PMAD,Protocol Metadata Anomaly Detection,detect,Detect,1,Network Traffic,0.25,artifact_cooccurrence,detect
T1499.002,Service Exhaustion Flood,D3-PMAD,Protocol Metadata Anomaly Detection,detect,Detect,1,Network Traffic,0.25,artifact_cooccurrence,detect
T1499,Endpoint Denial of Service,D3-PMAD,Protocol Metadata Anomaly Detection,detect,Detect,1,Network Traffic,0.25,artifact_cooccurrence,detect
T1542.005,TFTP Boot,D3-PMAD,Protocol Metadata Anomaly Detection,detect,Detect,1,Network Traffic,0.25,artifact_cooccurrence,detect
T1542,Pre-OS Boot,D3-PMAD,Protocol Metadata Anomaly Detection,detect,Detect,1,Network Traffic,0.25,artifact_cooccurrence,detect
T1546.003,Windows Management Instrumentation Event Subscription,D3-PMAD,Protocol Metadata Anomaly Detection,detect,Detect,1,Network Traffic,0.25,artifact_cooccurrence,detect
T1546.008,Accessibility Features,D3-PMAD,Protocol Metadata Anomaly Detection,detect,Detect,1,Network Traffic,0.25,artifact_cooccurrence,detect
T1546,Event Triggered Execution,D3-PMAD,Protocol Metadata Anomaly Detection,detect,Detect,1,Network Traffic,0.25,artifact_cooccurrence,detect
T1550.001,Application Access Token,D3-PMAD,Protocol Metadata Anomaly Detection,detect,Detect,1,Network Traffic,0.25,artifact_cooccurrence,detect
T1550.004,Web Session Cookie,D3-PMAD,Protocol Metadata Anomaly Detection,detect,Detect,1,Network Traffic,0.25,artifact_cooccurrence,detect
T1550,Use Alternate Authentication Material,D3-PMAD,Protocol Metadata Anomaly Detection,detect,Detect,1,Network Traffic,0.25,artifact_cooccurrence,detect
T1557.001,LLMNR/NBT-NS Poisoning and SMB Relay,D3-PMAD,Protocol Metadata Anomaly Detection,detect,Detect,1,Network Traffic,0.25,artifact_cooccurrence,detect
T1557.002,ARP Cache Poisoning,D3-PMAD,Protocol Metadata Anomaly Detection,detect,Detect,1,Network Traffic,0.25,artifact_cooccurrence,detect
T1557.003,DHCP Spoofing,D3-PMAD,Protocol Metadata Anomaly Detection,detect,Detect,1,Network Traffic,0.25,artifact_cooccurrence,detect
T1557.004,Evil Twin,D3-PMAD,Protocol Metadata Anomaly Detection,detect,Detect,1,Network Traffic,0.25,artifact_cooccurrence,detect
T1557,Adversary-in-the-Middle,D3-PMAD,Protocol Metadata Anomaly Detection,detect,Detect,1,Network Traffic,0.25,artifact_cooccurrence,detect
T1558.003,Kerberoasting,D3-PMAD,Protocol Metadata Anomaly Detection,detect,Detect,1,Network Traffic,0.25,artifact_cooccurrence,detect
T1558,Steal or Forge Kerberos Tickets,D3-PMAD,Protocol Metadata Anomaly Detection,detect,Detect,1,Network Traffic,0.25,artifact_cooccurrence,detect
T1563.001,SSH Hijacking,D3-PMAD,Protocol Metadata Anomaly Detection,detect,Detect,1,Network Traffic,0.25,artifact_cooccurrence,detect
T1563.002,RDP Hijacking,D3-PMAD,Protocol Metadata Anomaly Detection,detect,Detect,1,Network Traffic,0.25,artifact_cooccurrence,detect
T1563,Remote Service Session Hijacking,D3-PMAD,Protocol Metadata Anomaly Detection,detect,Detect,1,Network Traffic,0.25,artifact_cooccurrence,detect
T1565.002,Transmitted Data Manipulation,D3-PMAD,Protocol Metadata Anomaly Detection,detect,Detect,1,Network Traffic,0.25,artifact_cooccurrence,detect
T1565,Data Manipulation,D3-PMAD,Protocol Metadata Anomaly Detection,detect,Detect,1,Network Traffic,0.25,artifact_cooccurrence,detect
T1566.001,Spearphishing Attachment,D3-PMAD,Protocol Metadata Anomaly Detection,detect,Detect,1,Network Traffic,0.25,artifact_cooccurrence,detect
T1566.002,Spearphishing Link,D3-PMAD,Protocol Metadata Anomaly Detection,detect,Detect,1,Network Traffic,0.25,artifact_cooccurrence,detect
T1566,Phishing,D3-PMAD,Protocol Metadata Anomaly Detection,detect,Detect,1,Network Traffic,0.25,artifact_cooccurrence,detect
T1567.001,Exfiltration to Code Repository,D3-PMAD,Protocol Metadata Anomaly Detection,detect,Detect,1,Network Traffic,0.25,artifact_cooccurrence,detect
T1567.002,Exfiltration to Cloud Storage,D3-PMAD,Protocol Metadata Anomaly Detection,detect,Detect,1,Network Traffic,0.25,artifact_cooccurrence,detect
T1567.003,Exfiltration to Text Storage Sites,D3-PMAD,Protocol Metadata Anomaly Detection,detect,Detect,1,Network Traffic,0.25,artifact_cooccurrence,detect
T1567.004,Exfiltration Over Webhook,D3-PMAD,Protocol Metadata Anomaly Detection,detect,Detect,1,Network Traffic,0.25,artifact_cooccurrence,detect
T1567,Exfiltration Over Web Service,D3-PMAD,Protocol Metadata Anomaly Detection,detect,Detect,1,Network Traffic,0.25,artifact_cooccurrence,detect
T1568.001,Fast Flux DNS,D3-PMAD,Protocol Metadata Anomaly Detection,detect,Detect,1,Network Traffic,0.25,artifact_cooccurrence,detect
T1568.002,Domain Generation Algorithms,D3-PMAD,Protocol Metadata Anomaly Detection,detect,Detect,1,Network Traffic,0.25,artifact_cooccurrence,detect
T1568.003,DNS Calculation,D3-PMAD,Protocol Metadata Anomaly Detection,detect,Detect,1,Network Traffic,0.25,artifact_cooccurrence,detect
T1568,Dynamic Resolution,D3-PMAD,Protocol Metadata Anomaly Detection,detect,Detect,1,Network Traffic,0.25,artifact_cooccurrence,detect
T1570,Lateral Tool Transfer,D3-PMAD,Protocol Metadata Anomaly Detection,detect,Detect,1,Network Traffic,0.25,artifact_cooccurrence,detect
T1571,Non-Standard Port,D3-PMAD,Protocol Metadata Anomaly Detection,detect,Detect,1,Network Traffic,0.25,artifact_cooccurrence,detect
T1572,Protocol Tunneling,D3-PMAD,Protocol Metadata Anomaly Detection,detect,Detect,1,Network Traffic,0.25,artifact_cooccurrence,detect
T1573.001,Symmetric Cryptography,D3-PMAD,Protocol Metadata Anomaly Detection,detect,Detect,1,Network Traffic,0.25,artifact_cooccurrence,detect
T1573.002,Asymmetric Cryptography,D3-PMAD,Protocol Metadata Anomaly Detection,detect,Detect,1,Network Traffic,0.25,artifact_cooccurrence,detect
T1573,Encrypted Channel,D3-PMAD,Protocol Metadata Anomaly Detection,detect,Detect,1,Network Traffic,0.25,artifact_cooccurrence,detect
T1001.001,Junk Data,D3-RPA,Relay Pattern Analysis,detect,Detect,1,Outbound Internet Network Traffic,0.25,artifact_cooccurrence,detect
T1001.002,Steganography,D3-RPA,Relay Pattern Analysis,detect,Detect,1,Outbound Internet Network Traffic,0.25,artifact_cooccurrence,detect
T1001.003,Protocol or Service Impersonation,D3-RPA,Relay Pattern Analysis,detect,Detect,1,Outbound Internet Network Traffic,0.25,artifact_cooccurrence,detect
T1001,Data Obfuscation,D3-RPA,Relay Pattern Analysis,detect,Detect,1,Outbound Internet Network Traffic,0.25,artifact_cooccurrence,detect
T1008,Fallback Channels,D3-RPA,Relay Pattern Analysis,detect,Detect,1,Outbound Internet Network Traffic,0.25,artifact_cooccurrence,detect
T1048.001,Exfiltration Over Symmetric Encrypted Non-C2 Protocol,D3-RPA,Relay Pattern Analysis,detect,Detect,1,Outbound Internet Network Traffic,0.25,artifact_cooccurrence,detect
T1048.002,Exfiltration Over Asymmetric Encrypted Non-C2 Protocol,D3-RPA,Relay Pattern Analysis,detect,Detect,1,Outbound Internet Network Traffic,0.25,artifact_cooccurrence,detect
T1048.003,Exfiltration Over Unencrypted Non-C2 Protocol,D3-RPA,Relay Pattern Analysis,detect,Detect,1,Outbound Internet Network Traffic,0.25,artifact_cooccurrence,detect
T1048,Exfiltration Over Alternative Protocol,D3-RPA,Relay Pattern Analysis,detect,Detect,1,Outbound Internet Network Traffic,0.25,artifact_cooccurrence,detect
T1071.001,Web Protocols,D3-RPA,Relay Pattern Analysis,detect,Detect,1,Outbound Internet Network Traffic,0.25,artifact_cooccurrence,detect
T1071.002,File Transfer Protocols,D3-RPA,Relay Pattern Analysis,detect,Detect,1,Outbound Internet Network Traffic,0.25,artifact_cooccurrence,detect
T1071.003,Mail Protocols,D3-RPA,Relay Pattern Analysis,detect,Detect,1,Outbound Internet Network Traffic,0.25,artifact_cooccurrence,detect
T1071.004,DNS,D3-RPA,Relay Pattern Analysis,detect,Detect,1,Outbound Internet Network Traffic,0.25,artifact_cooccurrence,detect
T1071.005,Publish/Subscribe Protocols,D3-RPA,Relay Pattern Analysis,detect,Detect,1,Outbound Internet Network Traffic,0.25,artifact_cooccurrence,detect
T1071,Application Layer Protocol,D3-RPA,Relay Pattern Analysis,detect,Detect,1,Outbound Internet Network Traffic,0.25,artifact_cooccurrence,detect
T1090.002,External Proxy,D3-RPA,Relay Pattern Analysis,detect,Detect,1,Outbound Internet Network Traffic,0.25,artifact_cooccurrence,detect
T1090.003,Multi-hop Proxy,D3-RPA,Relay Pattern Analysis,detect,Detect,1,Outbound Internet Network Traffic,0.25,artifact_cooccurrence,detect
T1090.004,Domain Fronting,D3-RPA,Relay Pattern Analysis,detect,Detect,1,Outbound Internet Network Traffic,0.25,artifact_cooccurrence,detect
T1090,Proxy,D3-RPA,Relay Pattern Analysis,detect,Detect,1,Outbound Internet Network Traffic,0.25,artifact_cooccurrence,detect
T1095,Non-Application Layer Protocol,D3-RPA,Relay Pattern Analysis,detect,Detect,1,Outbound Internet Network Traffic,0.25,artifact_cooccurrence,detect
T1102.001,Dead Drop Resolver,D3-RPA,Relay Pattern Analysis,detect,Detect,1,Outbound Internet Network Traffic,0.25,artifact_cooccurrence,detect
T1102.002,Bidirectional Communication,D3-RPA,Relay Pattern Analysis,detect,Detect,1,Outbound Internet Network Traffic,0.25,artifact_cooccurrence,detect
T1102.003,One-Way Communication,D3-RPA,Relay Pattern Analysis,detect,Detect,1,Outbound Internet Network Traffic,0.25,artifact_cooccurrence,detect
T1102,Web Service,D3-RPA,Relay Pattern Analysis,detect,Detect,1,Outbound Internet Network Traffic,0.25,artifact_cooccurrence,detect
T1104,Multi-Stage Channels,D3-RPA,Relay Pattern Analysis,detect,Detect,1,Outbound Internet Network Traffic,0.25,artifact_cooccurrence,detect
T1105,Ingress Tool Transfer,D3-RPA,Relay Pattern Analysis,detect,Detect,1,Outbound Internet Network Traffic,0.25,artifact_cooccurrence,detect
T1132.001,Standard Encoding,D3-RPA,Relay Pattern Analysis,detect,Detect,1,Outbound Internet Network Traffic,0.25,artifact_cooccurrence,detect
T1132.002,Non-Standard Encoding,D3-RPA,Relay Pattern Analysis,detect,Detect,1,Outbound Internet Network Traffic,0.25,artifact_cooccurrence,detect
T1132,Data Encoding,D3-RPA,Relay Pattern Analysis,detect,Detect,1,Outbound Internet Network Traffic,0.25,artifact_cooccurrence,detect
T1189,Drive-by Compromise,D3-RPA,Relay Pattern Analysis,detect,Detect,1,Outbound Internet Network Traffic,0.25,artifact_cooccurrence,detect
T1197,BITS Jobs,D3-RPA,Relay Pattern Analysis,detect,Detect,1,Outbound Internet Network Traffic,0.25,artifact_cooccurrence,detect
T1204.001,Malicious Link,D3-RPA,Relay Pattern Analysis,detect,Detect,1,Outbound Internet Network Traffic,0.25,artifact_cooccurrence,detect
T1204,User Execution,D3-RPA,Relay Pattern Analysis,detect,Detect,1,Outbound Internet Network Traffic,0.25,artifact_cooccurrence,detect
T1219.001,IDE Tunneling,D3-RPA,Relay Pattern Analysis,detect,Detect,1,Outbound Internet Network Traffic,0.25,artifact_cooccurrence,detect
T1219.002,Remote Desktop Software,D3-RPA,Relay Pattern Analysis,detect,Detect,1,Outbound Internet Network Traffic,0.25,artifact_cooccurrence,detect
T1219.003,Remote Access Hardware,D3-RPA,Relay Pattern Analysis,detect,Detect,1,Outbound Internet Network Traffic,0.25,artifact_cooccurrence,detect
T1219,Remote Access Tools,D3-RPA,Relay Pattern Analysis,detect,Detect,1,Outbound Internet Network Traffic,0.25,artifact_cooccurrence,detect
T1567.001,Exfiltration to Code Repository,D3-RPA,Relay Pattern Analysis,detect,Detect,1,Outbound Internet Network Traffic,0.25,artifact_cooccurrence,detect
T1567.002,Exfiltration to Cloud Storage,D3-RPA,Relay Pattern Analysis,detect,Detect,1,Outbound Internet Network Traffic,0.25,artifact_cooccurrence,detect
T1567.003,Exfiltration to Text Storage Sites,D3-RPA,Relay Pattern Analysis,detect,Detect,1,Outbound Internet Network Traffic,0.25,artifact_cooccurrence,detect
T1567.004,Exfiltration Over Webhook,D3-RPA,Relay Pattern Analysis,detect,Detect,1,Outbound Internet Network Traffic,0.25,artifact_cooccurrence,detect
T1567,Exfiltration Over Web Service,D3-RPA,Relay Pattern Analysis,detect,Detect,1,Outbound Internet Network Traffic,0.25,artifact_cooccurrence,detect
T1568.001,Fast Flux DNS,D3-RPA,Relay Pattern Analysis,detect,Detect,1,Outbound Internet Network Traffic,0.25,artifact_cooccurrence,detect
T1568.002,Domain Generation Algorithms,D3-RPA,Relay Pattern Analysis,detect,Detect,1,Outbound Internet Network Traffic,0.25,artifact_cooccurrence,detect
T1568.003,DNS Calculation,D3-RPA,Relay Pattern Analysis,detect,Detect,1,Outbound Internet Network Traffic,0.25,artifact_cooccurrence,detect
T1568,Dynamic Resolution,D3-RPA,Relay Pattern Analysis,detect,Detect,1,Outbound Internet Network Traffic,0.25,artifact_cooccurrence,detect
T1571,Non-Standard Port,D3-RPA,Relay Pattern Analysis,detect,Detect,1,Outbound Internet Network Traffic,0.25,artifact_cooccurrence,detect
T1572,Protocol Tunneling,D3-RPA,Relay Pattern Analysis,detect,Detect,1,Outbound Internet Network Traffic,0.25,artifact_cooccurrence,detect
T1573.001,Symmetric Cryptography,D3-RPA,Relay Pattern Analysis,detect,Detect,1,Outbound Internet Network Traffic,0.25,artifact_cooccurrence,detect
T1573.002,Asymmetric Cryptography,D3-RPA,Relay Pattern Analysis,detect,Detect,1,Outbound Internet Network Traffic,0.25,artifact_cooccurrence,detect
T1573,Encrypted Channel,D3-RPA,Relay Pattern Analysis,detect,Detect,1,Outbound Internet Network Traffic,0.25,artifact_cooccurrence,detect
T1558.003,Kerberoasting,D3-RTA,RPC Traffic Analysis,detect,Detect,1,RPC Network Traffic,0.25,artifact_cooccurrence,detect
T1558,Steal or Forge Kerberos Tickets,D3-RTA,RPC Traffic Analysis,detect,Detect,1,RPC Network Traffic,0.25,artifact_cooccurrence,detect
T1001.001,Junk Data,D3-RTSD,Remote Terminal Session Detection,detect,Detect,1,Network Traffic,0.25,artifact_cooccurrence,detect
T1001.002,Steganography,D3-RTSD,Remote Terminal Session Detection,detect,Detect,1,Network Traffic,0.25,artifact_cooccurrence,detect
T1001.003,Protocol or Service Impersonation,D3-RTSD,Remote Terminal Session Detection,detect,Detect,1,Network Traffic,0.25,artifact_cooccurrence,detect
T1001,Data Obfuscation,D3-RTSD,Remote Terminal Session Detection,detect,Detect,1,Network Traffic,0.25,artifact_cooccurrence,detect
T1003.006,DCSync,D3-RTSD,Remote Terminal Session Detection,detect,Detect,1,Network Traffic,0.25,artifact_cooccurrence,detect
T1003,OS Credential Dumping,D3-RTSD,Remote Terminal Session Detection,detect,Detect,1,Network Traffic,0.25,artifact_cooccurrence,detect
T1008,Fallback Channels,D3-RTSD,Remote Terminal Session Detection,detect,Detect,1,Network Traffic,0.25,artifact_cooccurrence,detect
T1011.001,Exfiltration Over Bluetooth,D3-RTSD,Remote Terminal Session Detection,detect,Detect,1,Network Traffic,0.25,artifact_cooccurrence,detect
T1011,Exfiltration Over Other Network Medium,D3-RTSD,Remote Terminal Session Detection,detect,Detect,1,Network Traffic,0.25,artifact_cooccurrence,detect
T1018,Remote System Discovery,D3-RTSD,Remote Terminal Session Detection,detect,Detect,1,Network Traffic,0.25,artifact_cooccurrence,detect
T1020.001,Traffic Duplication,D3-RTSD,Remote Terminal Session Detection,detect,Detect,1,Network Traffic,0.25,artifact_cooccurrence,detect
T1020,Automated Exfiltration,D3-RTSD,Remote Terminal Session Detection,detect,Detect,1,Network Traffic,0.25,artifact_cooccurrence,detect
T1021.001,Remote Desktop Protocol,D3-RTSD,Remote Terminal Session Detection,detect,Detect,1,Network Traffic,0.25,artifact_cooccurrence,detect
T1021.002,SMB/Windows Admin Shares,D3-RTSD,Remote Terminal Session Detection,detect,Detect,1,Network Traffic,0.25,artifact_cooccurrence,detect
T1021.003,Distributed Component Object Model,D3-RTSD,Remote Terminal Session Detection,detect,Detect,1,Network Traffic,0.25,artifact_cooccurrence,detect
T1021.004,SSH,D3-RTSD,Remote Terminal Session Detection,detect,Detect,1,Network Traffic,0.25,artifact_cooccurrence,detect
T1021.005,VNC,D3-RTSD,Remote Terminal Session Detection,detect,Detect,1,Network Traffic,0.25,artifact_cooccurrence,detect
T1021.006,Windows Remote Management,D3-RTSD,Remote Terminal Session Detection,detect,Detect,1,Network Traffic,0.25,artifact_cooccurrence,detect
T1021.007,Cloud Services,D3-RTSD,Remote Terminal Session Detection,detect,Detect,1,Network Traffic,0.25,artifact_cooccurrence,detect
T1021.008,Direct Cloud VM Connections,D3-RTSD,Remote Terminal Session Detection,detect,Detect,1,Network Traffic,0.25,artifact_cooccurrence,detect
T1021,Remote Services,D3-RTSD,Remote Terminal Session Detection,detect,Detect,1,Network Traffic,0.25,artifact_cooccurrence,detect
T1029,Scheduled Transfer,D3-RTSD,Remote Terminal Session Detection,detect,Detect,1,Network Traffic,0.25,artifact_cooccurrence,detect
T1030,Data Transfer Size Limits,D3-RTSD,Remote Terminal Session Detection,detect,Detect,1,Network Traffic,0.25,artifact_cooccurrence,detect
T1041,Exfiltration Over C2 Channel,D3-RTSD,Remote Terminal Session Detection,detect,Detect,1,Network Traffic,0.25,artifact_cooccurrence,detect
T1047,Windows Management Instrumentation,D3-RTSD,Remote Terminal Session Detection,detect,Detect,1,Network Traffic,0.25,artifact_cooccurrence,detect
T1048.001,Exfiltration Over Symmetric Encrypted Non-C2 Protocol,D3-RTSD,Remote Terminal Session Detection,detect,Detect,1,Network Traffic,0.25,artifact_cooccurrence,detect
T1048.002,Exfiltration Over Asymmetric Encrypted Non-C2 Protocol,D3-RTSD,Remote Terminal Session Detection,detect,Detect,1,Network Traffic,0.25,artifact_cooccurrence,detect
T1048.003,Exfiltration Over Unencrypted Non-C2 Protocol,D3-RTSD,Remote Terminal Session Detection,detect,Detect,1,Network Traffic,0.25,artifact_cooccurrence,detect
T1048,Exfiltration Over Alternative Protocol,D3-RTSD,Remote Terminal Session Detection,detect,Detect,1,Network Traffic,0.25,artifact_cooccurrence,detect
T1071.001,Web Protocols,D3-RTSD,Remote Terminal Session Detection,detect,Detect,1,Network Traffic,0.25,artifact_cooccurrence,detect
T1071.002,File Transfer Protocols,D3-RTSD,Remote Terminal Session Detection,detect,Detect,1,Network Traffic,0.25,artifact_cooccurrence,detect
T1071.003,Mail Protocols,D3-RTSD,Remote Terminal Session Detection,detect,Detect,1,Network Traffic,0.25,artifact_cooccurrence,detect
T1071.004,DNS,D3-RTSD,Remote Terminal Session Detection,detect,Detect,1,Network Traffic,0.25,artifact_cooccurrence,detect
T1071.005,Publish/Subscribe Protocols,D3-RTSD,Remote Terminal Session Detection,detect,Detect,1,Network Traffic,0.25,artifact_cooccurrence,detect
T1071,Application Layer Protocol,D3-RTSD,Remote Terminal Session Detection,detect,Detect,1,Network Traffic,0.25,artifact_cooccurrence,detect
T1090.001,Internal Proxy,D3-RTSD,Remote Terminal Session Detection,detect,Detect,1,Network Traffic,0.25,artifact_cooccurrence,detect
T1090.002,External Proxy,D3-RTSD,Remote Terminal Session Detection,detect,Detect,1,Network Traffic,0.25,artifact_cooccurrence,detect
T1090.003,Multi-hop Proxy,D3-RTSD,Remote Terminal Session Detection,detect,Detect,1,Network Traffic,0.25,artifact_cooccurrence,detect
T1090.004,Domain Fronting,D3-RTSD,Remote Terminal Session Detection,detect,Detect,1,Network Traffic,0.25,artifact_cooccurrence,detect
T1090,Proxy,D3-RTSD,Remote Terminal Session Detection,detect,Detect,1,Network Traffic,0.25,artifact_cooccurrence,detect
T1095,Non-Application Layer Protocol,D3-RTSD,Remote Terminal Session Detection,detect,Detect,1,Network Traffic,0.25,artifact_cooccurrence,detect
T1098.001,Additional Cloud Credentials,D3-RTSD,Remote Terminal Session Detection,detect,Detect,1,Network Traffic,0.25,artifact_cooccurrence,detect
T1098,Account Manipulation,D3-RTSD,Remote Terminal Session Detection,detect,Detect,1,Network Traffic,0.25,artifact_cooccurrence,detect
T1102.001,Dead Drop Resolver,D3-RTSD,Remote Terminal Session Detection,detect,Detect,1,Network Traffic,0.25,artifact_cooccurrence,detect
T1102.002,Bidirectional Communication,D3-RTSD,Remote Terminal Session Detection,detect,Detect,1,Network Traffic,0.25,artifact_cooccurrence,detect
T1102.003,One-Way Communication,D3-RTSD,Remote Terminal Session Detection,detect,Detect,1,Network Traffic,0.25,artifact_cooccurrence,detect
T1102,Web Service,D3-RTSD,Remote Terminal Session Detection,detect,Detect,1,Network Traffic,0.25,artifact_cooccurrence,detect
T1104,Multi-Stage Channels,D3-RTSD,Remote Terminal Session Detection,detect,Detect,1,Network Traffic,0.25,artifact_cooccurrence,detect
T1105,Ingress Tool Transfer,D3-RTSD,Remote Terminal Session Detection,detect,Detect,1,Network Traffic,0.25,artifact_cooccurrence,detect
T1110.003,Password Spraying,D3-RTSD,Remote Terminal Session Detection,detect,Detect,1,Network Traffic,0.25,artifact_cooccurrence,detect
T1110.004,Credential Stuffing,D3-RTSD,Remote Terminal Session Detection,detect,Detect,1,Network Traffic,0.25,artifact_cooccurrence,detect
T1110,Brute Force,D3-RTSD,Remote Terminal Session Detection,detect,Detect,1,Network Traffic,0.25,artifact_cooccurrence,detect
T1132.001,Standard Encoding,D3-RTSD,Remote Terminal Session Detection,detect,Detect,1,Network Traffic,0.25,artifact_cooccurrence,detect
T1132.002,Non-Standard Encoding,D3-RTSD,Remote Terminal Session Detection,detect,Detect,1,Network Traffic,0.25,artifact_cooccurrence,detect
T1132,Data Encoding,D3-RTSD,Remote Terminal Session Detection,detect,Detect,1,Network Traffic,0.25,artifact_cooccurrence,detect
T1185,Browser Session Hijacking,D3-RTSD,Remote Terminal Session Detection,detect,Detect,1,Network Traffic,0.25,artifact_cooccurrence,detect
T1189,Drive-by Compromise,D3-RTSD,Remote Terminal Session Detection,detect,Detect,1,Network Traffic,0.25,artifact_cooccurrence,detect
T1190,Exploit Public-Facing Application,D3-RTSD,Remote Terminal Session Detection,detect,Detect,1,Network Traffic,0.25,artifact_cooccurrence,detect
T1197,BITS Jobs,D3-RTSD,Remote Terminal Session Detection,detect,Detect,1,Network Traffic,0.25,artifact_cooccurrence,detect
T1199,Trusted Relationship,D3-RTSD,Remote Terminal Session Detection,detect,Detect,1,Network Traffic,0.25,artifact_cooccurrence,detect
T1204.001,Malicious Link,D3-RTSD,Remote Terminal Session Detection,detect,Detect,1,Network Traffic,0.25,artifact_cooccurrence,detect
T1204,User Execution,D3-RTSD,Remote Terminal Session Detection,detect,Detect,1,Network Traffic,0.25,artifact_cooccurrence,detect
T1205.001,Port Knocking,D3-RTSD,Remote Terminal Session Detection,detect,Detect,1,Network Traffic,0.25,artifact_cooccurrence,detect
T1205.002,Socket Filters,D3-RTSD,Remote Terminal Session Detection,detect,Detect,1,Network Traffic,0.25,artifact_cooccurrence,detect
T1205,Traffic Signaling,D3-RTSD,Remote Terminal Session Detection,detect,Detect,1,Network Traffic,0.25,artifact_cooccurrence,detect
T1207,Rogue Domain Controller,D3-RTSD,Remote Terminal Session Detection,detect,Detect,1,Network Traffic,0.25,artifact_cooccurrence,detect
T1210,Exploitation of Remote Services,D3-RTSD,Remote Terminal Session Detection,detect,Detect,1,Network Traffic,0.25,artifact_cooccurrence,detect
T1218.003,CMSTP,D3-RTSD,Remote Terminal Session Detection,detect,Detect,1,Network Traffic,0.25,artifact_cooccurrence,detect
T1218,System Binary Proxy Execution,D3-RTSD,Remote Terminal Session Detection,detect,Detect,1,Network Traffic,0.25,artifact_cooccurrence,detect
T1219.001,IDE Tunneling,D3-RTSD,Remote Terminal Session Detection,detect,Detect,1,Network Traffic,0.25,artifact_cooccurrence,detect
T1219.002,Remote Desktop Software,D3-RTSD,Remote Terminal Session Detection,detect,Detect,1,Network Traffic,0.25,artifact_cooccurrence,detect
T1219.003,Remote Access Hardware,D3-RTSD,Remote Terminal Session Detection,detect,Detect,1,Network Traffic,0.25,artifact_cooccurrence,detect
T1219,Remote Access Tools,D3-RTSD,Remote Terminal Session Detection,detect,Detect,1,Network Traffic,0.25,artifact_cooccurrence,detect
T1498.001,Direct Network Flood,D3-RTSD,Remote Terminal Session Detection,detect,Detect,1,Network Traffic,0.25,artifact_cooccurrence,detect
T1498.002,Reflection Amplification,D3-RTSD,Remote Terminal Session Detection,detect,Detect,1,Network Traffic,0.25,artifact_cooccurrence,detect
T1498,Network Denial of Service,D3-RTSD,Remote Terminal Session Detection,detect,Detect,1,Network Traffic,0.25,artifact_cooccurrence,detect
T1499.002,Service Exhaustion Flood,D3-RTSD,Remote Terminal Session Detection,detect,Detect,1,Network Traffic,0.25,artifact_cooccurrence,detect
T1499,Endpoint Denial of Service,D3-RTSD,Remote Terminal Session Detection,detect,Detect,1,Network Traffic,0.25,artifact_cooccurrence,detect
T1542.005,TFTP Boot,D3-RTSD,Remote Terminal Session Detection,detect,Detect,1,Network Traffic,0.25,artifact_cooccurrence,detect
T1542,Pre-OS Boot,D3-RTSD,Remote Terminal Session Detection,detect,Detect,1,Network Traffic,0.25,artifact_cooccurrence,detect
T1546.003,Windows Management Instrumentation Event Subscription,D3-RTSD,Remote Terminal Session Detection,detect,Detect,1,Network Traffic,0.25,artifact_cooccurrence,detect
T1546.008,Accessibility Features,D3-RTSD,Remote Terminal Session Detection,detect,Detect,1,Network Traffic,0.25,artifact_cooccurrence,detect
T1546,Event Triggered Execution,D3-RTSD,Remote Terminal Session Detection,detect,Detect,1,Network Traffic,0.25,artifact_cooccurrence,detect
T1550.001,Application Access Token,D3-RTSD,Remote Terminal Session Detection,detect,Detect,1,Network Traffic,0.25,artifact_cooccurrence,detect
T1550.004,Web Session Cookie,D3-RTSD,Remote Terminal Session Detection,detect,Detect,1,Network Traffic,0.25,artifact_cooccurrence,detect
T1550,Use Alternate Authentication Material,D3-RTSD,Remote Terminal Session Detection,detect,Detect,1,Network Traffic,0.25,artifact_cooccurrence,detect
T1557.001,LLMNR/NBT-NS Poisoning and SMB Relay,D3-RTSD,Remote Terminal Session Detection,detect,Detect,1,Network Traffic,0.25,artifact_cooccurrence,detect
T1557.002,ARP Cache Poisoning,D3-RTSD,Remote Terminal Session Detection,detect,Detect,1,Network Traffic,0.25,artifact_cooccurrence,detect
T1557.003,DHCP Spoofing,D3-RTSD,Remote Terminal Session Detection,detect,Detect,1,Network Traffic,0.25,artifact_cooccurrence,detect
T1557.004,Evil Twin,D3-RTSD,Remote Terminal Session Detection,detect,Detect,1,Network Traffic,0.25,artifact_cooccurrence,detect
T1557,Adversary-in-the-Middle,D3-RTSD,Remote Terminal Session Detection,detect,Detect,1,Network Traffic,0.25,artifact_cooccurrence,detect
T1558.003,Kerberoasting,D3-RTSD,Remote Terminal Session Detection,detect,Detect,1,Network Traffic,0.25,artifact_cooccurrence,detect
T1558,Steal or Forge Kerberos Tickets,D3-RTSD,Remote Terminal Session Detection,detect,Detect,1,Network Traffic,0.25,artifact_cooccurrence,detect
T1563.001,SSH Hijacking,D3-RTSD,Remote Terminal Session Detection,detect,Detect,1,Network Traffic,0.25,artifact_cooccurrence,detect
T1563.002,RDP Hijacking,D3-RTSD,Remote Terminal Session Detection,detect,Detect,1,Network Traffic,0.25,artifact_cooccurrence,detect
T1563,Remote Service Session Hijacking,D3-RTSD,Remote Terminal Session Detection,detect,Detect,1,Network Traffic,0.25,artifact_cooccurrence,detect
T1565.002,Transmitted Data Manipulation,D3-RTSD,Remote Terminal Session Detection,detect,Detect,1,Network Traffic,0.25,artifact_cooccurrence,detect
T1565,Data Manipulation,D3-RTSD,Remote Terminal Session Detection,detect,Detect,1,Network Traffic,0.25,artifact_cooccurrence,detect
T1566.001,Spearphishing Attachment,D3-RTSD,Remote Terminal Session Detection,detect,Detect,1,Network Traffic,0.25,artifact_cooccurrence,detect
T1566.002,Spearphishing Link,D3-RTSD,Remote Terminal Session Detection,detect,Detect,1,Network Traffic,0.25,artifact_cooccurrence,detect
T1566,Phishing,D3-RTSD,Remote Terminal Session Detection,detect,Detect,1,Network Traffic,0.25,artifact_cooccurrence,detect
T1567.001,Exfiltration to Code Repository,D3-RTSD,Remote Terminal Session Detection,detect,Detect,1,Network Traffic,0.25,artifact_cooccurrence,detect
T1567.002,Exfiltration to Cloud Storage,D3-RTSD,Remote Terminal Session Detection,detect,Detect,1,Network Traffic,0.25,artifact_cooccurrence,detect
T1567.003,Exfiltration to Text Storage Sites,D3-RTSD,Remote Terminal Session Detection,detect,Detect,1,Network Traffic,0.25,artifact_cooccurrence,detect
T1567.004,Exfiltration Over Webhook,D3-RTSD,Remote Terminal Session Detection,detect,Detect,1,Network Traffic,0.25,artifact_cooccurrence,detect
T1567,Exfiltration Over Web Service,D3-RTSD,Remote Terminal Session Detection,detect,Detect,1,Network Traffic,0.25,artifact_cooccurrence,detect
T1568.001,Fast Flux DNS,D3-RTSD,Remote Terminal Session Detection,detect,Detect,1,Network Traffic,0.25,artifact_cooccurrence,detect
T1568.002,Domain Generation Algorithms,D3-RTSD,Remote Terminal Session Detection,detect,Detect,1,Network Traffic,0.25,artifact_cooccurrence,detect
T1568.003,DNS Calculation,D3-RTSD,Remote Terminal Session Detection,detect,Detect,1,Network Traffic,0.25,artifact_cooccurrence,detect
T1568,Dynamic Resolution,D3-RTSD,Remote Terminal Session Detection,detect,Detect,1,Network Traffic,0.25,artifact_cooccurrence,detect
T1570,Lateral Tool Transfer,D3-RTSD,Remote Terminal Session Detection,detect,Detect,1,Network Traffic,0.25,artifact_cooccurrence,detect
T1571,Non-Standard Port,D3-RTSD,Remote Terminal Session Detection,detect,Detect,1,Network Traffic,0.25,artifact_cooccurrence,detect
T1572,Protocol Tunneling,D3-RTSD,Remote Terminal Session Detection,detect,Detect,1,Network Traffic,0.25,artifact_cooccurrence,detect
T1573.001,Symmetric Cryptography,D3-RTSD,Remote Terminal Session Detection,detect,Detect,1,Network Traffic,0.25,artifact_cooccurrence,detect
T1573.002,Asymmetric Cryptography,D3-RTSD,Remote Terminal Session Detection,detect,Detect,1,Network Traffic,0.25,artifact_cooccurrence,detect
T1573,Encrypted Channel,D3-RTSD,Remote Terminal Session Detection,detect,Detect,1,Network Traffic,0.25,artifact_cooccurrence,detect
T1190,Exploit Public-Facing Application,D3-DQSA,Database Query String Analysis,detect,Detect,1,Database Query,0.25,artifact_cooccurrence,detect
T1055.012,Process Hollowing,D3-PCSV,Process Code Segment Verification,detect,Detect,1,Process Code Segment,0.25,artifact_cooccurrence,detect
T1055,Process Injection,D3-PCSV,Process Code Segment Verification,detect,Detect,1,Process Code Segment,0.25,artifact_cooccurrence,detect
T1056.004,Credential API Hooking,D3-PCSV,Process Code Segment Verification,detect,Detect,1,Process Code Segment,0.25,artifact_cooccurrence,detect
T1056,Input Capture,D3-PCSV,Process Code Segment Verification,detect,Detect,1,Process Code Segment,0.25,artifact_cooccurrence,detect
T1068,Exploitation for Privilege Escalation,D3-PCSV,Process Code Segment Verification,detect,Detect,1,Process Code Segment,0.25,artifact_cooccurrence,detect
T1203,Exploitation for Client Execution,D3-PCSV,Process Code Segment Verification,detect,Detect,1,Process Code Segment,0.25,artifact_cooccurrence,detect
T1210,Exploitation of Remote Services,D3-PCSV,Process Code Segment Verification,detect,Detect,1,Process Code Segment,0.25,artifact_cooccurrence,detect
T1211,Exploitation for Defense Evasion,D3-PCSV,Process Code Segment Verification,detect,Detect,1,Process Code Segment,0.25,artifact_cooccurrence,detect
T1212,Exploitation for Credential Access,D3-PCSV,Process Code Segment Verification,detect,Detect,1,Process Code Segment,0.25,artifact_cooccurrence,detect
T1003.001,LSASS Memory,D3-PLA,Process Lineage Analysis,detect,Detect,1,Process,0.25,artifact_cooccurrence,detect
T1003.002,Security Account Manager,D3-PLA,Process Lineage Analysis,detect,Detect,1,Process,0.25,artifact_cooccurrence,detect
T1003.004,LSA Secrets,D3-PLA,Process Lineage Analysis,detect,Detect,1,Process,0.25,artifact_cooccurrence,detect
T1003,OS Credential Dumping,D3-PLA,Process Lineage Analysis,detect,Detect,1,Process,0.25,artifact_cooccurrence,detect
T1033,System Owner/User Discovery,D3-PLA,Process Lineage Analysis,detect,Detect,1,Process,0.25,artifact_cooccurrence,detect
T1053.001,At (Linux) Execution,D3-PLA,Process Lineage Analysis,detect,Detect,1,Process,0.25,artifact_cooccurrence,detect
T1053.002,At,D3-PLA,Process Lineage Analysis,detect,Detect,1,Process,0.25,artifact_cooccurrence,detect
T1053.003,Cron,D3-PLA,Process Lineage Analysis,detect,Detect,1,Process,0.25,artifact_cooccurrence,detect
T1053.004,Launchd,D3-PLA,Process Lineage Analysis,detect,Detect,1,Process,0.25,artifact_cooccurrence,detect
T1053.005,Scheduled Task,D3-PLA,Process Lineage Analysis,detect,Detect,1,Process,0.25,artifact_cooccurrence,detect
T1053.006,Systemd Timers,D3-PLA,Process Lineage Analysis,detect,Detect,1,Process,0.25,artifact_cooccurrence,detect
T1053.007,Container Orchestration Job,D3-PLA,Process Lineage Analysis,detect,Detect,1,Process,0.25,artifact_cooccurrence,detect
T1053,Scheduled Task/Job,D3-PLA,Process Lineage Analysis,detect,Detect,1,Process,0.25,artifact_cooccurrence,detect
T1212,Exploitation for Credential Access,D3-PLA,Process Lineage Analysis,detect,Detect,1,Process,0.25,artifact_cooccurrence,detect
T1505.002,Transport Agent,D3-PLA,Process Lineage Analysis,detect,Detect,1,Process,0.25,artifact_cooccurrence,detect
T1505.003,Web Shell,D3-PLA,Process Lineage Analysis,detect,Detect,1,Process,0.25,artifact_cooccurrence,detect
T1505,Server Software Component,D3-PLA,Process Lineage Analysis,detect,Detect,1,Process,0.25,artifact_cooccurrence,detect
T1546.007,Netsh Helper DLL,D3-PLA,Process Lineage Analysis,detect,Detect,1,Process,0.25,artifact_cooccurrence,detect
T1546,Event Triggered Execution,D3-PLA,Process Lineage Analysis,detect,Detect,1,Process,0.25,artifact_cooccurrence,detect
T1550.001,Application Access Token,D3-PLA,Process Lineage Analysis,detect,Detect,1,Process,0.25,artifact_cooccurrence,detect
T1550.002,Pass the Hash,D3-PLA,Process Lineage Analysis,detect,Detect,1,Process,0.25,artifact_cooccurrence,detect
T1550.003,Pass the Ticket,D3-PLA,Process Lineage Analysis,detect,Detect,1,Process,0.25,artifact_cooccurrence,detect
T1550.004,Web Session Cookie,D3-PLA,Process Lineage Analysis,detect,Detect,1,Process,0.25,artifact_cooccurrence,detect
T1550,Use Alternate Authentication Material,D3-PLA,Process Lineage Analysis,detect,Detect,1,Process,0.25,artifact_cooccurrence,detect
T1556.001,Domain Controller Authentication,D3-PLA,Process Lineage Analysis,detect,Detect,1,Process,0.25,artifact_cooccurrence,detect
T1556.002,Password Filter DLL,D3-PLA,Process Lineage Analysis,detect,Detect,1,Process,0.25,artifact_cooccurrence,detect
T1556.003,Pluggable Authentication Modules,D3-PLA,Process Lineage Analysis,detect,Detect,1,Process,0.25,artifact_cooccurrence,detect
T1556.004,Network Device Authentication,D3-PLA,Process Lineage Analysis,detect,Detect,1,Process,0.25,artifact_cooccurrence,detect
T1556.005,Reversible Encryption,D3-PLA,Process Lineage Analysis,detect,Detect,1,Process,0.25,artifact_cooccurrence,detect
T1556.006,Multi-Factor Authentication,D3-PLA,Process Lineage Analysis,detect,Detect,1,Process,0.25,artifact_cooccurrence,detect
T1556.007,Hybrid Identity,D3-PLA,Process Lineage Analysis,detect,Detect,1,Process,0.25,artifact_cooccurrence,detect
T1556.008,Network Provider DLL,D3-PLA,Process Lineage Analysis,detect,Detect,1,Process,0.25,artifact_cooccurrence,detect
T1556.009,Conditional Access Policies,D3-PLA,Process Lineage Analysis,detect,Detect,1,Process,0.25,artifact_cooccurrence,detect
T1556,Modify Authentication Process,D3-PLA,Process Lineage Analysis,detect,Detect,1,Process,0.25,artifact_cooccurrence,detect
T1562.001,Disable or Modify Tools,D3-PLA,Process Lineage Analysis,detect,Detect,1,Process,0.25,artifact_cooccurrence,detect
T1562,Impair Defenses,D3-PLA,Process Lineage Analysis,detect,Detect,1,Process,0.25,artifact_cooccurrence,detect
T1621,Multi-Factor Authentication Request Generation,D3-PLA,Process Lineage Analysis,detect,Detect,1,Process,0.25,artifact_cooccurrence,detect
T1003.001,LSASS Memory,D3-PSMD,Process Self-Modification Detection,detect,Detect,1,Process,0.25,artifact_cooccurrence,detect
T1003.002,Security Account Manager,D3-PSMD,Process Self-Modification Detection,detect,Detect,1,Process,0.25,artifact_cooccurrence,detect
T1003.004,LSA Secrets,D3-PSMD,Process Self-Modification Detection,detect,Detect,1,Process,0.25,artifact_cooccurrence,detect
T1003,OS Credential Dumping,D3-PSMD,Process Self-Modification Detection,detect,Detect,1,Process,0.25,artifact_cooccurrence,detect
T1033,System Owner/User Discovery,D3-PSMD,Process Self-Modification Detection,detect,Detect,1,Process,0.25,artifact_cooccurrence,detect
T1053.001,At (Linux) Execution,D3-PSMD,Process Self-Modification Detection,detect,Detect,1,Process,0.25,artifact_cooccurrence,detect
T1053.002,At,D3-PSMD,Process Self-Modification Detection,detect,Detect,1,Process,0.25,artifact_cooccurrence,detect
T1053.003,Cron,D3-PSMD,Process Self-Modification Detection,detect,Detect,1,Process,0.25,artifact_cooccurrence,detect
T1053.004,Launchd,D3-PSMD,Process Self-Modification Detection,detect,Detect,1,Process,0.25,artifact_cooccurrence,detect
T1053.005,Scheduled Task,D3-PSMD,Process Self-Modification Detection,detect,Detect,1,Process,0.25,artifact_cooccurrence,detect
T1053.006,Systemd Timers,D3-PSMD,Process Self-Modification Detection,detect,Detect,1,Process,0.25,artifact_cooccurrence,detect
T1053.007,Container Orchestration Job,D3-PSMD,Process Self-Modification Detection,detect,Detect,1,Process,0.25,artifact_cooccurrence,detect
T1053,Scheduled Task/Job,D3-PSMD,Process Self-Modification Detection,detect,Detect,1,Process,0.25,artifact_cooccurrence,detect
T1212,Exploitation for Credential Access,D3-PSMD,Process Self-Modification Detection,detect,Detect,1,Process,0.25,artifact_cooccurrence,detect
T1505.002,Transport Agent,D3-PSMD,Process Self-Modification Detection,detect,Detect,1,Process,0.25,artifact_cooccurrence,detect
T1505.003,Web Shell,D3-PSMD,Process Self-Modification Detection,detect,Detect,1,Process,0.25,artifact_cooccurrence,detect
T1505,Server Software Component,D3-PSMD,Process Self-Modification Detection,detect,Detect,1,Process,0.25,artifact_cooccurrence,detect
T1546.007,Netsh Helper DLL,D3-PSMD,Process Self-Modification Detection,detect,Detect,1,Process,0.25,artifact_cooccurrence,detect
T1546,Event Triggered Execution,D3-PSMD,Process Self-Modification Detection,detect,Detect,1,Process,0.25,artifact_cooccurrence,detect
T1550.001,Application Access Token,D3-PSMD,Process Self-Modification Detection,detect,Detect,1,Process,0.25,artifact_cooccurrence,detect
T1550.002,Pass the Hash,D3-PSMD,Process Self-Modification Detection,detect,Detect,1,Process,0.25,artifact_cooccurrence,detect
T1550.003,Pass the Ticket,D3-PSMD,Process Self-Modification Detection,detect,Detect,1,Process,0.25,artifact_cooccurrence,detect
T1550.004,Web Session Cookie,D3-PSMD,Process Self-Modification Detection,detect,Detect,1,Process,0.25,artifact_cooccurrence,detect
T1550,Use Alternate Authentication Material,D3-PSMD,Process Self-Modification Detection,detect,Detect,1,Process,0.25,artifact_cooccurrence,detect
T1556.001,Domain Controller Authentication,D3-PSMD,Process Self-Modification Detection,detect,Detect,1,Process,0.25,artifact_cooccurrence,detect
T1556.002,Password Filter DLL,D3-PSMD,Process Self-Modification Detection,detect,Detect,1,Process,0.25,artifact_cooccurrence,detect
T1556.003,Pluggable Authentication Modules,D3-PSMD,Process Self-Modification Detection,detect,Detect,1,Process,0.25,artifact_cooccurrence,detect
T1556.004,Network Device Authentication,D3-PSMD,Process Self-Modification Detection,detect,Detect,1,Process,0.25,artifact_cooccurrence,detect
T1556.005,Reversible Encryption,D3-PSMD,Process Self-Modification Detection,detect,Detect,1,Process,0.25,artifact_cooccurrence,detect
T1556.006,Multi-Factor Authentication,D3-PSMD,Process Self-Modification Detection,detect,Detect,1,Process,0.25,artifact_cooccurrence,detect
T1556.007,Hybrid Identity,D3-PSMD,Process Self-Modification Detection,detect,Detect,1,Process,0.25,artifact_cooccurrence,detect
T1556.008,Network Provider DLL,D3-PSMD,Process Self-Modification Detection,detect,Detect,1,Process,0.25,artifact_cooccurrence,detect
T1556.009,Conditional Access Policies,D3-PSMD,Process Self-Modification Detection,detect,Detect,1,Process,0.25,artifact_cooccurrence,detect
T1556,Modify Authentication Process,D3-PSMD,Process Self-Modification Detection,detect,Detect,1,Process,0.25,artifact_cooccurrence,detect
T1562.001,Disable or Modify Tools,D3-PSMD,Process Self-Modification Detection,detect,Detect,1,Process,0.25,artifact_cooccurrence,detect
T1562,Impair Defenses,D3-PSMD,Process Self-Modification Detection,detect,Detect,1,Process,0.25,artifact_cooccurrence,detect
T1621,Multi-Factor Authentication Request Generation,D3-PSMD,Process Self-Modification Detection,detect,Detect,1,Process,0.25,artifact_cooccurrence,detect
T1074.001,Local Data Staging,D3-FCA,File Creation Analysis,detect,Detect,1,Create File,0.25,artifact_cooccurrence,detect
T1074,Data Staged,D3-FCA,File Creation Analysis,detect,Detect,1,Create File,0.25,artifact_cooccurrence,detect
T1218.001,Compiled HTML File,D3-FCA,File Creation Analysis,detect,Detect,1,Create File,0.25,artifact_cooccurrence,detect
T1218,System Binary Proxy Execution,D3-FCA,File Creation Analysis,detect,Detect,1,Create File,0.25,artifact_cooccurrence,detect
T1068,Exploitation for Privilege Escalation,D3-SSC,Shadow Stack Comparisons,detect,Detect,1,Stack Frame,0.25,artifact_cooccurrence,detect
T1203,Exploitation for Client Execution,D3-SSC,Shadow Stack Comparisons,detect,Detect,1,Stack Frame,0.25,artifact_cooccurrence,detect
T1210,Exploitation of Remote Services,D3-SSC,Shadow Stack Comparisons,detect,Detect,1,Stack Frame,0.25,artifact_cooccurrence,detect
T1211,Exploitation for Defense Evasion,D3-SSC,Shadow Stack Comparisons,detect,Detect,1,Stack Frame,0.25,artifact_cooccurrence,detect
T1212,Exploitation for Credential Access,D3-SSC,Shadow Stack Comparisons,detect,Detect,1,Stack Frame,0.25,artifact_cooccurrence,detect
T1003.005,Cached Domain Credentials,D3-AEM,Application Exception Monitoring,detect,Detect,1,Log,0.25,artifact_cooccurrence,detect
T1003.006,DCSync,D3-AEM,Application Exception Monitoring,detect,Detect,1,Log,0.25,artifact_cooccurrence,detect
T1003,OS Credential Dumping,D3-AEM,Application Exception Monitoring,detect,Detect,1,Log,0.25,artifact_cooccurrence,detect
T1070.001,Clear Windows Event Logs,D3-AEM,Application Exception Monitoring,detect,Detect,1,Log,0.25,artifact_cooccurrence,detect
T1070.002,Clear Linux or Mac System Logs,D3-AEM,Application Exception Monitoring,detect,Detect,1,Log,0.25,artifact_cooccurrence,detect
T1070.003,Clear Command History,D3-AEM,Application Exception Monitoring,detect,Detect,1,Log,0.25,artifact_cooccurrence,detect
T1070,Indicator Removal,D3-AEM,Application Exception Monitoring,detect,Detect,1,Log,0.25,artifact_cooccurrence,detect
T1110.001,Password Guessing,D3-AEM,Application Exception Monitoring,detect,Detect,1,Log,0.25,artifact_cooccurrence,detect
T1110.003,Password Spraying,D3-AEM,Application Exception Monitoring,detect,Detect,1,Log,0.25,artifact_cooccurrence,detect
T1110.004,Credential Stuffing,D3-AEM,Application Exception Monitoring,detect,Detect,1,Log,0.25,artifact_cooccurrence,detect
T1110,Brute Force,D3-AEM,Application Exception Monitoring,detect,Detect,1,Log,0.25,artifact_cooccurrence,detect
T1134.002,Create Process with Token,D3-AEM,Application Exception Monitoring,detect,Detect,1,Log,0.25,artifact_cooccurrence,detect
T1134.003,Make and Impersonate Token,D3-AEM,Application Exception Monitoring,detect,Detect,1,Log,0.25,artifact_cooccurrence,detect
T1134,Access Token Manipulation,D3-AEM,Application Exception Monitoring,detect,Detect,1,Log,0.25,artifact_cooccurrence,detect
T1140,Deobfuscate/Decode Files or Information,D3-AEM,Application Exception Monitoring,detect,Detect,1,Log,0.25,artifact_cooccurrence,detect
T1187,Forced Authentication,D3-AEM,Application Exception Monitoring,detect,Detect,1,Log,0.25,artifact_cooccurrence,detect
T1546.003,Windows Management Instrumentation Event Subscription,D3-AEM,Application Exception Monitoring,detect,Detect,1,Log,0.25,artifact_cooccurrence,detect
T1546.005,Trap,D3-AEM,Application Exception Monitoring,detect,Detect,1,Log,0.25,artifact_cooccurrence,detect
T1546,Event Triggered Execution,D3-AEM,Application Exception Monitoring,detect,Detect,1,Log,0.25,artifact_cooccurrence,detect
T1548.003,Sudo and Sudo Caching,D3-AEM,Application Exception Monitoring,detect,Detect,1,Log,0.25,artifact_cooccurrence,detect
T1548,Abuse Elevation Control Mechanism,D3-AEM,Application Exception Monitoring,detect,Detect,1,Log,0.25,artifact_cooccurrence,detect
T1552.003,Shell History,D3-AEM,Application Exception Monitoring,detect,Detect,1,Log,0.25,artifact_cooccurrence,detect
T1552,Unsecured Credentials,D3-AEM,Application Exception Monitoring,detect,Detect,1,Log,0.25,artifact_cooccurrence,detect
T1014,Rootkit,D3-FBA,Firmware Behavior Analysis,detect,Detect,1,Firmware,0.25,artifact_cooccurrence,detect
T1114.002,Remote Email Collection,D3-FBA,Firmware Behavior Analysis,detect,Detect,1,Firmware,0.25,artifact_cooccurrence,detect
T1114,Email Collection,D3-FBA,Firmware Behavior Analysis,detect,Detect,1,Firmware,0.25,artifact_cooccurrence,detect
T1505.002,Transport Agent,D3-FBA,Firmware Behavior Analysis,detect,Detect,1,Firmware,0.25,artifact_cooccurrence,detect
T1505.003,Web Shell,D3-FBA,Firmware Behavior Analysis,detect,Detect,1,Firmware,0.25,artifact_cooccurrence,detect
T1505,Server Software Component,D3-FBA,Firmware Behavior Analysis,detect,Detect,1,Firmware,0.25,artifact_cooccurrence,detect
T1542.001,System Firmware,D3-FBA,Firmware Behavior Analysis,detect,Detect,1,Firmware,0.25,artifact_cooccurrence,detect
T1542.002,Component Firmware,D3-FBA,Firmware Behavior Analysis,detect,Detect,1,Firmware,0.25,artifact_cooccurrence,detect
T1542.004,ROMMONkit,D3-FBA,Firmware Behavior Analysis,detect,Detect,1,Firmware,0.25,artifact_cooccurrence,detect
T1542,Pre-OS Boot,D3-FBA,Firmware Behavior Analysis,detect,Detect,1,Firmware,0.25,artifact_cooccurrence,detect
T1562.013,Disable or Modify Network Device Firewall,D3-FBA,Firmware Behavior Analysis,detect,Detect,1,Firmware,0.25,artifact_cooccurrence,detect
T1562,Impair Defenses,D3-FBA,Firmware Behavior Analysis,detect,Detect,1,Firmware,0.25,artifact_cooccurrence,detect
T1578.002,Create Cloud Instance,D3-FBA,Firmware Behavior Analysis,detect,Detect,1,Firmware,0.25,artifact_cooccurrence,detect
T1578.003,Delete Cloud Instance,D3-FBA,Firmware Behavior Analysis,detect,Detect,1,Firmware,0.25,artifact_cooccurrence,detect
T1578.004,Revert Cloud Instance,D3-FBA,Firmware Behavior Analysis,detect,Detect,1,Firmware,0.25,artifact_cooccurrence,detect
T1578,Modify Cloud Compute Infrastructure,D3-FBA,Firmware Behavior Analysis,detect,Detect,1,Firmware,0.25,artifact_cooccurrence,detect
T1014,Rootkit,D3-FEMC,Firmware Embedded Monitoring Code,detect,Detect,1,Firmware,0.25,artifact_cooccurrence,detect
T1114.002,Remote Email Collection,D3-FEMC,Firmware Embedded Monitoring Code,detect,Detect,1,Firmware,0.25,artifact_cooccurrence,detect
T1114,Email Collection,D3-FEMC,Firmware Embedded Monitoring Code,detect,Detect,1,Firmware,0.25,artifact_cooccurrence,detect
T1505.002,Transport Agent,D3-FEMC,Firmware Embedded Monitoring Code,detect,Detect,1,Firmware,0.25,artifact_cooccurrence,detect
T1505.003,Web Shell,D3-FEMC,Firmware Embedded Monitoring Code,detect,Detect,1,Firmware,0.25,artifact_cooccurrence,detect
T1505,Server Software Component,D3-FEMC,Firmware Embedded Monitoring Code,detect,Detect,1,Firmware,0.25,artifact_cooccurrence,detect
T1542.001,System Firmware,D3-FEMC,Firmware Embedded Monitoring Code,detect,Detect,1,Firmware,0.25,artifact_cooccurrence,detect
T1542.002,Component Firmware,D3-FEMC,Firmware Embedded Monitoring Code,detect,Detect,1,Firmware,0.25,artifact_cooccurrence,detect
T1542.004,ROMMONkit,D3-FEMC,Firmware Embedded Monitoring Code,detect,Detect,1,Firmware,0.25,artifact_cooccurrence,detect
T1542,Pre-OS Boot,D3-FEMC,Firmware Embedded Monitoring Code,detect,Detect,1,Firmware,0.25,artifact_cooccurrence,detect
T1562.013,Disable or Modify Network Device Firewall,D3-FEMC,Firmware Embedded Monitoring Code,detect,Detect,1,Firmware,0.25,artifact_cooccurrence,detect
T1562,Impair Defenses,D3-FEMC,Firmware Embedded Monitoring Code,detect,Detect,1,Firmware,0.25,artifact_cooccurrence,detect
T1578.002,Create Cloud Instance,D3-FEMC,Firmware Embedded Monitoring Code,detect,Detect,1,Firmware,0.25,artifact_cooccurrence,detect
T1578.003,Delete Cloud Instance,D3-FEMC,Firmware Embedded Monitoring Code,detect,Detect,1,Firmware,0.25,artifact_cooccurrence,detect
T1578.004,Revert Cloud Instance,D3-FEMC,Firmware Embedded Monitoring Code,detect,Detect,1,Firmware,0.25,artifact_cooccurrence,detect
T1578,Modify Cloud Compute Infrastructure,D3-FEMC,Firmware Embedded Monitoring Code,detect,Detect,1,Firmware,0.25,artifact_cooccurrence,detect
T1003.007,Proc Filesystem,D3-FIM,File Integrity Monitoring,detect,Detect,1,File,0.25,artifact_cooccurrence,detect
T1003.008,/etc/passwd and /etc/shadow,D3-FIM,File Integrity Monitoring,detect,Detect,1,File,0.25,artifact_cooccurrence,detect
T1003,OS Credential Dumping,D3-FIM,File Integrity Monitoring,detect,Detect,1,File,0.25,artifact_cooccurrence,detect
T1005,Data from Local System,D3-FIM,File Integrity Monitoring,detect,Detect,1,File,0.25,artifact_cooccurrence,detect
T1014,Rootkit,D3-FIM,File Integrity Monitoring,detect,Detect,1,File,0.25,artifact_cooccurrence,detect
T1016.001,Internet Connection Discovery,D3-FIM,File Integrity Monitoring,detect,Detect,1,File,0.25,artifact_cooccurrence,detect
T1016.002,Wi-Fi Discovery,D3-FIM,File Integrity Monitoring,detect,Detect,1,File,0.25,artifact_cooccurrence,detect
T1016,System Network Configuration Discovery,D3-FIM,File Integrity Monitoring,detect,Detect,1,File,0.25,artifact_cooccurrence,detect
T1018,Remote System Discovery,D3-FIM,File Integrity Monitoring,detect,Detect,1,File,0.25,artifact_cooccurrence,detect
T1027.001,Binary Padding,D3-FIM,File Integrity Monitoring,detect,Detect,1,File,0.25,artifact_cooccurrence,detect
T1027.002,Software Packing,D3-FIM,File Integrity Monitoring,detect,Detect,1,File,0.25,artifact_cooccurrence,detect
T1027.004,Compile After Delivery,D3-FIM,File Integrity Monitoring,detect,Detect,1,File,0.25,artifact_cooccurrence,detect
T1027,Obfuscated Files or Information,D3-FIM,File Integrity Monitoring,detect,Detect,1,File,0.25,artifact_cooccurrence,detect
T1033,System Owner/User Discovery,D3-FIM,File Integrity Monitoring,detect,Detect,1,File,0.25,artifact_cooccurrence,detect
T1036.001,Invalid Code Signature,D3-FIM,File Integrity Monitoring,detect,Detect,1,File,0.25,artifact_cooccurrence,detect
T1036.003,Rename Legitimate Utilities,D3-FIM,File Integrity Monitoring,detect,Detect,1,File,0.25,artifact_cooccurrence,detect
T1036.005,Match Legitimate Resource Name or Location,D3-FIM,File Integrity Monitoring,detect,Detect,1,File,0.25,artifact_cooccurrence,detect
T1036.006,Space after Filename,D3-FIM,File Integrity Monitoring,detect,Detect,1,File,0.25,artifact_cooccurrence,detect
T1036,Masquerading,D3-FIM,File Integrity Monitoring,detect,Detect,1,File,0.25,artifact_cooccurrence,detect
T1037.001,Logon Script (Windows),D3-FIM,File Integrity Monitoring,detect,Detect,1,File,0.25,artifact_cooccurrence,detect
T1037.002,Login Hook,D3-FIM,File Integrity Monitoring,detect,Detect,1,File,0.25,artifact_cooccurrence,detect
T1037.003,Network Logon Script,D3-FIM,File Integrity Monitoring,detect,Detect,1,File,0.25,artifact_cooccurrence,detect
T1037.004,RC Scripts,D3-FIM,File Integrity Monitoring,detect,Detect,1,File,0.25,artifact_cooccurrence,detect
T1037.005,Startup Items,D3-FIM,File Integrity Monitoring,detect,Detect,1,File,0.25,artifact_cooccurrence,detect
T1037,Boot or Logon Initialization Scripts,D3-FIM,File Integrity Monitoring,detect,Detect,1,File,0.25,artifact_cooccurrence,detect
T1041,Exfiltration Over C2 Channel,D3-FIM,File Integrity Monitoring,detect,Detect,1,File,0.25,artifact_cooccurrence,detect
T1048.002,Exfiltration Over Asymmetric Encrypted Non-C2 Protocol,D3-FIM,File Integrity Monitoring,detect,Detect,1,File,0.25,artifact_cooccurrence,detect
T1048,Exfiltration Over Alternative Protocol,D3-FIM,File Integrity Monitoring,detect,Detect,1,File,0.25,artifact_cooccurrence,detect
T1053.004,Launchd,D3-FIM,File Integrity Monitoring,detect,Detect,1,File,0.25,artifact_cooccurrence,detect
T1053,Scheduled Task/Job,D3-FIM,File Integrity Monitoring,detect,Detect,1,File,0.25,artifact_cooccurrence,detect
T1055.001,Dynamic-link Library Injection,D3-FIM,File Integrity Monitoring,detect,Detect,1,File,0.25,artifact_cooccurrence,detect
T1055.002,Portable Executable Injection,D3-FIM,File Integrity Monitoring,detect,Detect,1,File,0.25,artifact_cooccurrence,detect
T1055.003,Thread Execution Hijacking,D3-FIM,File Integrity Monitoring,detect,Detect,1,File,0.25,artifact_cooccurrence,detect
T1055.009,Proc Memory,D3-FIM,File Integrity Monitoring,detect,Detect,1,File,0.25,artifact_cooccurrence,detect
T1055.014,VDSO Hijacking,D3-FIM,File Integrity Monitoring,detect,Detect,1,File,0.25,artifact_cooccurrence,detect
T1055,Process Injection,D3-FIM,File Integrity Monitoring,detect,Detect,1,File,0.25,artifact_cooccurrence,detect
T1059.001,PowerShell,D3-FIM,File Integrity Monitoring,detect,Detect,1,File,0.25,artifact_cooccurrence,detect
T1059.002,AppleScript,D3-FIM,File Integrity Monitoring,detect,Detect,1,File,0.25,artifact_cooccurrence,detect
T1059.003,Windows Command Shell,D3-FIM,File Integrity Monitoring,detect,Detect,1,File,0.25,artifact_cooccurrence,detect
T1059.004,Unix Shell,D3-FIM,File Integrity Monitoring,detect,Detect,1,File,0.25,artifact_cooccurrence,detect
T1059.005,Visual Basic,D3-FIM,File Integrity Monitoring,detect,Detect,1,File,0.25,artifact_cooccurrence,detect
T1059.006,Python,D3-FIM,File Integrity Monitoring,detect,Detect,1,File,0.25,artifact_cooccurrence,detect
T1059.007,JavaScript,D3-FIM,File Integrity Monitoring,detect,Detect,1,File,0.25,artifact_cooccurrence,detect
T1059.008,Network Device CLI,D3-FIM,File Integrity Monitoring,detect,Detect,1,File,0.25,artifact_cooccurrence,detect
T1059.009,Cloud API,D3-FIM,File Integrity Monitoring,detect,Detect,1,File,0.25,artifact_cooccurrence,detect
T1059.010,AutoHotKey &amp; AutoIT,D3-FIM,File Integrity Monitoring,detect,Detect,1,File,0.25,artifact_cooccurrence,detect
T1059.011,Lua,D3-FIM,File Integrity Monitoring,detect,Detect,1,File,0.25,artifact_cooccurrence,detect
T1059.012,Hypervisor CLI,D3-FIM,File Integrity Monitoring,detect,Detect,1,File,0.25,artifact_cooccurrence,detect
T1059.013,Container CLI/API,D3-FIM,File Integrity Monitoring,detect,Detect,1,File,0.25,artifact_cooccurrence,detect
T1059,Command and Scripting Interpreter,D3-FIM,File Integrity Monitoring,detect,Detect,1,File,0.25,artifact_cooccurrence,detect
T1070.002,Clear Linux or Mac System Logs,D3-FIM,File Integrity Monitoring,detect,Detect,1,File,0.25,artifact_cooccurrence,detect
T1070.004,File Deletion,D3-FIM,File Integrity Monitoring,detect,Detect,1,File,0.25,artifact_cooccurrence,detect
T1070,Indicator Removal,D3-FIM,File Integrity Monitoring,detect,Detect,1,File,0.25,artifact_cooccurrence,detect
T1071.001,Web Protocols,D3-FIM,File Integrity Monitoring,detect,Detect,1,File,0.25,artifact_cooccurrence,detect
T1071.002,File Transfer Protocols,D3-FIM,File Integrity Monitoring,detect,Detect,1,File,0.25,artifact_cooccurrence,detect
T1071.003,Mail Protocols,D3-FIM,File Integrity Monitoring,detect,Detect,1,File,0.25,artifact_cooccurrence,detect
T1071.004,DNS,D3-FIM,File Integrity Monitoring,detect,Detect,1,File,0.25,artifact_cooccurrence,detect
T1071.005,Publish/Subscribe Protocols,D3-FIM,File Integrity Monitoring,detect,Detect,1,File,0.25,artifact_cooccurrence,detect
T1071,Application Layer Protocol,D3-FIM,File Integrity Monitoring,detect,Detect,1,File,0.25,artifact_cooccurrence,detect
T1072,Software Deployment Tools,D3-FIM,File Integrity Monitoring,detect,Detect,1,File,0.25,artifact_cooccurrence,detect
T1074.001,Local Data Staging,D3-FIM,File Integrity Monitoring,detect,Detect,1,File,0.25,artifact_cooccurrence,detect
T1074,Data Staged,D3-FIM,File Integrity Monitoring,detect,Detect,1,File,0.25,artifact_cooccurrence,detect
T1083,File and Directory Discovery,D3-FIM,File Integrity Monitoring,detect,Detect,1,File,0.25,artifact_cooccurrence,detect
T1114.001,Local Email Collection,D3-FIM,File Integrity Monitoring,detect,Detect,1,File,0.25,artifact_cooccurrence,detect
T1114,Email Collection,D3-FIM,File Integrity Monitoring,detect,Detect,1,File,0.25,artifact_cooccurrence,detect
T1119,Automated Collection,D3-FIM,File Integrity Monitoring,detect,Detect,1,File,0.25,artifact_cooccurrence,detect
T1127.001,MSBuild,D3-FIM,File Integrity Monitoring,detect,Detect,1,File,0.25,artifact_cooccurrence,detect
T1127,Trusted Developer Utilities Proxy Execution,D3-FIM,File Integrity Monitoring,detect,Detect,1,File,0.25,artifact_cooccurrence,detect
T1137.001,Office Template Macros,D3-FIM,File Integrity Monitoring,detect,Detect,1,File,0.25,artifact_cooccurrence,detect
T1137.003,Outlook Forms,D3-FIM,File Integrity Monitoring,detect,Detect,1,File,0.25,artifact_cooccurrence,detect
T1137,Office Application Startup,D3-FIM,File Integrity Monitoring,detect,Detect,1,File,0.25,artifact_cooccurrence,detect
T1140,Deobfuscate/Decode Files or Information,D3-FIM,File Integrity Monitoring,detect,Detect,1,File,0.25,artifact_cooccurrence,detect
T1187,Forced Authentication,D3-FIM,File Integrity Monitoring,detect,Detect,1,File,0.25,artifact_cooccurrence,detect
T1197,BITS Jobs,D3-FIM,File Integrity Monitoring,detect,Detect,1,File,0.25,artifact_cooccurrence,detect
T1204.002,Malicious File,D3-FIM,File Integrity Monitoring,detect,Detect,1,File,0.25,artifact_cooccurrence,detect
T1204,User Execution,D3-FIM,File Integrity Monitoring,detect,Detect,1,File,0.25,artifact_cooccurrence,detect
T1213.001,Confluence,D3-FIM,File Integrity Monitoring,detect,Detect,1,File,0.25,artifact_cooccurrence,detect
T1213.002,Sharepoint,D3-FIM,File Integrity Monitoring,detect,Detect,1,File,0.25,artifact_cooccurrence,detect
T1213,Data from Information Repositories,D3-FIM,File Integrity Monitoring,detect,Detect,1,File,0.25,artifact_cooccurrence,detect
T1218.005,Mshta,D3-FIM,File Integrity Monitoring,detect,Detect,1,File,0.25,artifact_cooccurrence,detect
T1218.011,Rundll32,D3-FIM,File Integrity Monitoring,detect,Detect,1,File,0.25,artifact_cooccurrence,detect
T1218,System Binary Proxy Execution,D3-FIM,File Integrity Monitoring,detect,Detect,1,File,0.25,artifact_cooccurrence,detect
T1220,XSL Script Processing,D3-FIM,File Integrity Monitoring,detect,Detect,1,File,0.25,artifact_cooccurrence,detect
T1486,Data Encrypted for Impact,D3-FIM,File Integrity Monitoring,detect,Detect,1,File,0.25,artifact_cooccurrence,detect
T1505.003,Web Shell,D3-FIM,File Integrity Monitoring,detect,Detect,1,File,0.25,artifact_cooccurrence,detect
T1505,Server Software Component,D3-FIM,File Integrity Monitoring,detect,Detect,1,File,0.25,artifact_cooccurrence,detect
T1534,Internal Spearphishing,D3-FIM,File Integrity Monitoring,detect,Detect,1,File,0.25,artifact_cooccurrence,detect
T1543.001,Launch Agent,D3-FIM,File Integrity Monitoring,detect,Detect,1,File,0.25,artifact_cooccurrence,detect
T1543.002,Systemd Service,D3-FIM,File Integrity Monitoring,detect,Detect,1,File,0.25,artifact_cooccurrence,detect
T1543.004,Launch Daemon,D3-FIM,File Integrity Monitoring,detect,Detect,1,File,0.25,artifact_cooccurrence,detect
T1543,Create or Modify System Process,D3-FIM,File Integrity Monitoring,detect,Detect,1,File,0.25,artifact_cooccurrence,detect
T1546.002,Screensaver,D3-FIM,File Integrity Monitoring,detect,Detect,1,File,0.25,artifact_cooccurrence,detect
T1546.004,Unix Shell Configuration Modification,D3-FIM,File Integrity Monitoring,detect,Detect,1,File,0.25,artifact_cooccurrence,detect
T1546.005,Trap,D3-FIM,File Integrity Monitoring,detect,Detect,1,File,0.25,artifact_cooccurrence,detect
T1546.006,LC_LOAD_DYLIB Addition,D3-FIM,File Integrity Monitoring,detect,Detect,1,File,0.25,artifact_cooccurrence,detect
T1546.008,Accessibility Features,D3-FIM,File Integrity Monitoring,detect,Detect,1,File,0.25,artifact_cooccurrence,detect
T1546.009,AppCert DLLs,D3-FIM,File Integrity Monitoring,detect,Detect,1,File,0.25,artifact_cooccurrence,detect
T1546.010,AppInit DLLs,D3-FIM,File Integrity Monitoring,detect,Detect,1,File,0.25,artifact_cooccurrence,detect
T1546.013,PowerShell Profile,D3-FIM,File Integrity Monitoring,detect,Detect,1,File,0.25,artifact_cooccurrence,detect
T1546.014,Emond,D3-FIM,File Integrity Monitoring,detect,Detect,1,File,0.25,artifact_cooccurrence,detect
T1546.015,Component Object Model Hijacking,D3-FIM,File Integrity Monitoring,detect,Detect,1,File,0.25,artifact_cooccurrence,detect
T1546,Event Triggered Execution,D3-FIM,File Integrity Monitoring,detect,Detect,1,File,0.25,artifact_cooccurrence,detect
T1547.001,Registry Run Keys / Startup Folder,D3-FIM,File Integrity Monitoring,detect,Detect,1,File,0.25,artifact_cooccurrence,detect
T1547.006,Kernel Modules and Extensions,D3-FIM,File Integrity Monitoring,detect,Detect,1,File,0.25,artifact_cooccurrence,detect
T1547.007,Re-opened Applications,D3-FIM,File Integrity Monitoring,detect,Detect,1,File,0.25,artifact_cooccurrence,detect
T1547.008,LSASS Driver,D3-FIM,File Integrity Monitoring,detect,Detect,1,File,0.25,artifact_cooccurrence,detect
T1547.009,Shortcut Modification,D3-FIM,File Integrity Monitoring,detect,Detect,1,File,0.25,artifact_cooccurrence,detect
T1547.011,Plist Modification,D3-FIM,File Integrity Monitoring,detect,Detect,1,File,0.25,artifact_cooccurrence,detect
T1547,Boot or Logon Autostart Execution,D3-FIM,File Integrity Monitoring,detect,Detect,1,File,0.25,artifact_cooccurrence,detect
T1548.002,Bypass User Account Control,D3-FIM,File Integrity Monitoring,detect,Detect,1,File,0.25,artifact_cooccurrence,detect
T1548.003,Sudo and Sudo Caching,D3-FIM,File Integrity Monitoring,detect,Detect,1,File,0.25,artifact_cooccurrence,detect
T1548,Abuse Elevation Control Mechanism,D3-FIM,File Integrity Monitoring,detect,Detect,1,File,0.25,artifact_cooccurrence,detect
T1552.001,Credentials In Files,D3-FIM,File Integrity Monitoring,detect,Detect,1,File,0.25,artifact_cooccurrence,detect
T1552.003,Shell History,D3-FIM,File Integrity Monitoring,detect,Detect,1,File,0.25,artifact_cooccurrence,detect
T1552,Unsecured Credentials,D3-FIM,File Integrity Monitoring,detect,Detect,1,File,0.25,artifact_cooccurrence,detect
T1555.001,Keychain,D3-FIM,File Integrity Monitoring,detect,Detect,1,File,0.25,artifact_cooccurrence,detect
T1555.002,Securityd Memory,D3-FIM,File Integrity Monitoring,detect,Detect,1,File,0.25,artifact_cooccurrence,detect
T1555.003,Credentials from Web Browsers,D3-FIM,File Integrity Monitoring,detect,Detect,1,File,0.25,artifact_cooccurrence,detect
T1555.004,Windows Credential Manager,D3-FIM,File Integrity Monitoring,detect,Detect,1,File,0.25,artifact_cooccurrence,detect
T1555.005,Password Managers,D3-FIM,File Integrity Monitoring,detect,Detect,1,File,0.25,artifact_cooccurrence,detect
T1555.006,Cloud Secrets Management Stores,D3-FIM,File Integrity Monitoring,detect,Detect,1,File,0.25,artifact_cooccurrence,detect
T1555,Credentials from Password Stores,D3-FIM,File Integrity Monitoring,detect,Detect,1,File,0.25,artifact_cooccurrence,detect
T1556.002,Password Filter DLL,D3-FIM,File Integrity Monitoring,detect,Detect,1,File,0.25,artifact_cooccurrence,detect
T1556.003,Pluggable Authentication Modules,D3-FIM,File Integrity Monitoring,detect,Detect,1,File,0.25,artifact_cooccurrence,detect
T1556,Modify Authentication Process,D3-FIM,File Integrity Monitoring,detect,Detect,1,File,0.25,artifact_cooccurrence,detect
T1560.001,Archive via Utility,D3-FIM,File Integrity Monitoring,detect,Detect,1,File,0.25,artifact_cooccurrence,detect
T1560.002,Archive via Library,D3-FIM,File Integrity Monitoring,detect,Detect,1,File,0.25,artifact_cooccurrence,detect
T1560.003,Archive via Custom Method,D3-FIM,File Integrity Monitoring,detect,Detect,1,File,0.25,artifact_cooccurrence,detect
T1560,Archive Collected Data,D3-FIM,File Integrity Monitoring,detect,Detect,1,File,0.25,artifact_cooccurrence,detect
T1562.003,Impair Command History Logging,D3-FIM,File Integrity Monitoring,detect,Detect,1,File,0.25,artifact_cooccurrence,detect
T1562,Impair Defenses,D3-FIM,File Integrity Monitoring,detect,Detect,1,File,0.25,artifact_cooccurrence,detect
T1564.002,Hidden Users,D3-FIM,File Integrity Monitoring,detect,Detect,1,File,0.25,artifact_cooccurrence,detect
T1564.003,Hidden Window,D3-FIM,File Integrity Monitoring,detect,Detect,1,File,0.25,artifact_cooccurrence,detect
T1564.005,Hidden File System,D3-FIM,File Integrity Monitoring,detect,Detect,1,File,0.25,artifact_cooccurrence,detect
T1564.006,Run Virtual Instance,D3-FIM,File Integrity Monitoring,detect,Detect,1,File,0.25,artifact_cooccurrence,detect
T1564.007,VBA Stomping,D3-FIM,File Integrity Monitoring,detect,Detect,1,File,0.25,artifact_cooccurrence,detect
T1564,Hide Artifacts,D3-FIM,File Integrity Monitoring,detect,Detect,1,File,0.25,artifact_cooccurrence,detect
T1565.001,Stored Data Manipulation,D3-FIM,File Integrity Monitoring,detect,Detect,1,File,0.25,artifact_cooccurrence,detect
T1565.003,Runtime Data Manipulation,D3-FIM,File Integrity Monitoring,detect,Detect,1,File,0.25,artifact_cooccurrence,detect
T1565,Data Manipulation,D3-FIM,File Integrity Monitoring,detect,Detect,1,File,0.25,artifact_cooccurrence,detect
T1566.001,Spearphishing Attachment,D3-FIM,File Integrity Monitoring,detect,Detect,1,File,0.25,artifact_cooccurrence,detect
T1566.002,Spearphishing Link,D3-FIM,File Integrity Monitoring,detect,Detect,1,File,0.25,artifact_cooccurrence,detect
T1566.003,Spearphishing via Service,D3-FIM,File Integrity Monitoring,detect,Detect,1,File,0.25,artifact_cooccurrence,detect
T1566,Phishing,D3-FIM,File Integrity Monitoring,detect,Detect,1,File,0.25,artifact_cooccurrence,detect
T1573.002,Asymmetric Cryptography,D3-FIM,File Integrity Monitoring,detect,Detect,1,File,0.25,artifact_cooccurrence,detect
T1573,Encrypted Channel,D3-FIM,File Integrity Monitoring,detect,Detect,1,File,0.25,artifact_cooccurrence,detect
T1574.001,DLL,D3-FIM,File Integrity Monitoring,detect,Detect,1,File,0.25,artifact_cooccurrence,detect
T1574.002,DLL Side-Loading,D3-FIM,File Integrity Monitoring,detect,Detect,1,File,0.25,artifact_cooccurrence,detect
T1574.004,Dylib Hijacking,D3-FIM,File Integrity Monitoring,detect,Detect,1,File,0.25,artifact_cooccurrence,detect
T1574.006,Dynamic Linker Hijacking,D3-FIM,File Integrity Monitoring,detect,Detect,1,File,0.25,artifact_cooccurrence,detect
T1574.007,Path Interception by PATH Environment Variable,D3-FIM,File Integrity Monitoring,detect,Detect,1,File,0.25,artifact_cooccurrence,detect
T1574.008,Path Interception by Search Order Hijacking,D3-FIM,File Integrity Monitoring,detect,Detect,1,File,0.25,artifact_cooccurrence,detect
T1574.009,Path Interception by Unquoted Path,D3-FIM,File Integrity Monitoring,detect,Detect,1,File,0.25,artifact_cooccurrence,detect
T1574.012,COR_PROFILER,D3-FIM,File Integrity Monitoring,detect,Detect,1,File,0.25,artifact_cooccurrence,detect
T1574,Hijack Execution Flow,D3-FIM,File Integrity Monitoring,detect,Detect,1,File,0.25,artifact_cooccurrence,detect
T1619,Cloud Storage Object Discovery,D3-FIM,File Integrity Monitoring,detect,Detect,1,File,0.25,artifact_cooccurrence,detect
T1649,Steal or Forge Authentication Certificates,D3-FIM,File Integrity Monitoring,detect,Detect,1,File,0.25,artifact_cooccurrence,detect
T1542.001,System Firmware,D3-SFV,System Firmware Verification,detect,Detect,1,System Firmware,0.25,artifact_cooccurrence,detect
T1542.004,ROMMONkit,D3-SFV,System Firmware Verification,detect,Detect,1,System Firmware,0.25,artifact_cooccurrence,detect
T1542,Pre-OS Boot,D3-SFV,System Firmware Verification,detect,Detect,1,System Firmware,0.25,artifact_cooccurrence,detect
T1003.006,DCSync,D3-OPM,Operational Process Monitoring,detect,Detect,1,Event Log,0.25,artifact_cooccurrence,detect
T1003,OS Credential Dumping,D3-OPM,Operational Process Monitoring,detect,Detect,1,Event Log,0.25,artifact_cooccurrence,detect
T1070.001,Clear Windows Event Logs,D3-OPM,Operational Process Monitoring,detect,Detect,1,Event Log,0.25,artifact_cooccurrence,detect
T1070.003,Clear Command History,D3-OPM,Operational Process Monitoring,detect,Detect,1,Event Log,0.25,artifact_cooccurrence,detect
T1070,Indicator Removal,D3-OPM,Operational Process Monitoring,detect,Detect,1,Event Log,0.25,artifact_cooccurrence,detect
T1110.001,Password Guessing,D3-OPM,Operational Process Monitoring,detect,Detect,1,Event Log,0.25,artifact_cooccurrence,detect
T1110.003,Password Spraying,D3-OPM,Operational Process Monitoring,detect,Detect,1,Event Log,0.25,artifact_cooccurrence,detect
T1110.004,Credential Stuffing,D3-OPM,Operational Process Monitoring,detect,Detect,1,Event Log,0.25,artifact_cooccurrence,detect
T1110,Brute Force,D3-OPM,Operational Process Monitoring,detect,Detect,1,Event Log,0.25,artifact_cooccurrence,detect
T1134.002,Create Process with Token,D3-OPM,Operational Process Monitoring,detect,Detect,1,Event Log,0.25,artifact_cooccurrence,detect
T1134.003,Make and Impersonate Token,D3-OPM,Operational Process Monitoring,detect,Detect,1,Event Log,0.25,artifact_cooccurrence,detect
T1134,Access Token Manipulation,D3-OPM,Operational Process Monitoring,detect,Detect,1,Event Log,0.25,artifact_cooccurrence,detect
T1140,Deobfuscate/Decode Files or Information,D3-OPM,Operational Process Monitoring,detect,Detect,1,Event Log,0.25,artifact_cooccurrence,detect
T1187,Forced Authentication,D3-OPM,Operational Process Monitoring,detect,Detect,1,Event Log,0.25,artifact_cooccurrence,detect
T1546.003,Windows Management Instrumentation Event Subscription,D3-OPM,Operational Process Monitoring,detect,Detect,1,Event Log,0.25,artifact_cooccurrence,detect
T1546.005,Trap,D3-OPM,Operational Process Monitoring,detect,Detect,1,Event Log,0.25,artifact_cooccurrence,detect
T1546,Event Triggered Execution,D3-OPM,Operational Process Monitoring,detect,Detect,1,Event Log,0.25,artifact_cooccurrence,detect
T1548.003,Sudo and Sudo Caching,D3-OPM,Operational Process Monitoring,detect,Detect,1,Event Log,0.25,artifact_cooccurrence,detect
T1548,Abuse Elevation Control Mechanism,D3-OPM,Operational Process Monitoring,detect,Detect,1,Event Log,0.25,artifact_cooccurrence,detect
T1001.001,Junk Data,D3-EHB,Endpoint Health Beacon,detect,Detect,1,Network Node,0.25,artifact_cooccurrence,detect
T1001.002,Steganography,D3-EHB,Endpoint Health Beacon,detect,Detect,1,Network Node,0.25,artifact_cooccurrence,detect
T1001.003,Protocol or Service Impersonation,D3-EHB,Endpoint Health Beacon,detect,Detect,1,Network Node,0.25,artifact_cooccurrence,detect
T1001,Data Obfuscation,D3-EHB,Endpoint Health Beacon,detect,Detect,1,Network Node,0.25,artifact_cooccurrence,detect
T1003.006,DCSync,D3-EHB,Endpoint Health Beacon,detect,Detect,1,Network Node,0.25,artifact_cooccurrence,detect
T1003,OS Credential Dumping,D3-EHB,Endpoint Health Beacon,detect,Detect,1,Network Node,0.25,artifact_cooccurrence,detect
T1008,Fallback Channels,D3-EHB,Endpoint Health Beacon,detect,Detect,1,Network Node,0.25,artifact_cooccurrence,detect
T1011.001,Exfiltration Over Bluetooth,D3-EHB,Endpoint Health Beacon,detect,Detect,1,Network Node,0.25,artifact_cooccurrence,detect
T1011,Exfiltration Over Other Network Medium,D3-EHB,Endpoint Health Beacon,detect,Detect,1,Network Node,0.25,artifact_cooccurrence,detect
T1018,Remote System Discovery,D3-EHB,Endpoint Health Beacon,detect,Detect,1,Network Node,0.25,artifact_cooccurrence,detect
T1020.001,Traffic Duplication,D3-EHB,Endpoint Health Beacon,detect,Detect,1,Network Node,0.25,artifact_cooccurrence,detect
T1020,Automated Exfiltration,D3-EHB,Endpoint Health Beacon,detect,Detect,1,Network Node,0.25,artifact_cooccurrence,detect
T1021.001,Remote Desktop Protocol,D3-EHB,Endpoint Health Beacon,detect,Detect,1,Network Node,0.25,artifact_cooccurrence,detect
T1021.002,SMB/Windows Admin Shares,D3-EHB,Endpoint Health Beacon,detect,Detect,1,Network Node,0.25,artifact_cooccurrence,detect
T1021.003,Distributed Component Object Model,D3-EHB,Endpoint Health Beacon,detect,Detect,1,Network Node,0.25,artifact_cooccurrence,detect
T1021.004,SSH,D3-EHB,Endpoint Health Beacon,detect,Detect,1,Network Node,0.25,artifact_cooccurrence,detect
T1021.005,VNC,D3-EHB,Endpoint Health Beacon,detect,Detect,1,Network Node,0.25,artifact_cooccurrence,detect
T1021.006,Windows Remote Management,D3-EHB,Endpoint Health Beacon,detect,Detect,1,Network Node,0.25,artifact_cooccurrence,detect
T1021.007,Cloud Services,D3-EHB,Endpoint Health Beacon,detect,Detect,1,Network Node,0.25,artifact_cooccurrence,detect
T1021.008,Direct Cloud VM Connections,D3-EHB,Endpoint Health Beacon,detect,Detect,1,Network Node,0.25,artifact_cooccurrence,detect
T1021,Remote Services,D3-EHB,Endpoint Health Beacon,detect,Detect,1,Network Node,0.25,artifact_cooccurrence,detect
T1029,Scheduled Transfer,D3-EHB,Endpoint Health Beacon,detect,Detect,1,Network Node,0.25,artifact_cooccurrence,detect
T1030,Data Transfer Size Limits,D3-EHB,Endpoint Health Beacon,detect,Detect,1,Network Node,0.25,artifact_cooccurrence,detect
T1041,Exfiltration Over C2 Channel,D3-EHB,Endpoint Health Beacon,detect,Detect,1,Network Node,0.25,artifact_cooccurrence,detect
T1047,Windows Management Instrumentation,D3-EHB,Endpoint Health Beacon,detect,Detect,1,Network Node,0.25,artifact_cooccurrence,detect
T1048.001,Exfiltration Over Symmetric Encrypted Non-C2 Protocol,D3-EHB,Endpoint Health Beacon,detect,Detect,1,Network Node,0.25,artifact_cooccurrence,detect
T1048.002,Exfiltration Over Asymmetric Encrypted Non-C2 Protocol,D3-EHB,Endpoint Health Beacon,detect,Detect,1,Network Node,0.25,artifact_cooccurrence,detect
T1048.003,Exfiltration Over Unencrypted Non-C2 Protocol,D3-EHB,Endpoint Health Beacon,detect,Detect,1,Network Node,0.25,artifact_cooccurrence,detect
T1048,Exfiltration Over Alternative Protocol,D3-EHB,Endpoint Health Beacon,detect,Detect,1,Network Node,0.25,artifact_cooccurrence,detect
T1071.001,Web Protocols,D3-EHB,Endpoint Health Beacon,detect,Detect,1,Network Node,0.25,artifact_cooccurrence,detect
T1071.002,File Transfer Protocols,D3-EHB,Endpoint Health Beacon,detect,Detect,1,Network Node,0.25,artifact_cooccurrence,detect
T1071.003,Mail Protocols,D3-EHB,Endpoint Health Beacon,detect,Detect,1,Network Node,0.25,artifact_cooccurrence,detect
T1071.004,DNS,D3-EHB,Endpoint Health Beacon,detect,Detect,1,Network Node,0.25,artifact_cooccurrence,detect
T1071.005,Publish/Subscribe Protocols,D3-EHB,Endpoint Health Beacon,detect,Detect,1,Network Node,0.25,artifact_cooccurrence,detect
T1071,Application Layer Protocol,D3-EHB,Endpoint Health Beacon,detect,Detect,1,Network Node,0.25,artifact_cooccurrence,detect
T1090.001,Internal Proxy,D3-EHB,Endpoint Health Beacon,detect,Detect,1,Network Node,0.25,artifact_cooccurrence,detect
T1090.002,External Proxy,D3-EHB,Endpoint Health Beacon,detect,Detect,1,Network Node,0.25,artifact_cooccurrence,detect
T1090.003,Multi-hop Proxy,D3-EHB,Endpoint Health Beacon,detect,Detect,1,Network Node,0.25,artifact_cooccurrence,detect
T1090.004,Domain Fronting,D3-EHB,Endpoint Health Beacon,detect,Detect,1,Network Node,0.25,artifact_cooccurrence,detect
T1090,Proxy,D3-EHB,Endpoint Health Beacon,detect,Detect,1,Network Node,0.25,artifact_cooccurrence,detect
T1095,Non-Application Layer Protocol,D3-EHB,Endpoint Health Beacon,detect,Detect,1,Network Node,0.25,artifact_cooccurrence,detect
T1098.001,Additional Cloud Credentials,D3-EHB,Endpoint Health Beacon,detect,Detect,1,Network Node,0.25,artifact_cooccurrence,detect
T1098,Account Manipulation,D3-EHB,Endpoint Health Beacon,detect,Detect,1,Network Node,0.25,artifact_cooccurrence,detect
T1102.001,Dead Drop Resolver,D3-EHB,Endpoint Health Beacon,detect,Detect,1,Network Node,0.25,artifact_cooccurrence,detect
T1102.002,Bidirectional Communication,D3-EHB,Endpoint Health Beacon,detect,Detect,1,Network Node,0.25,artifact_cooccurrence,detect
T1102.003,One-Way Communication,D3-EHB,Endpoint Health Beacon,detect,Detect,1,Network Node,0.25,artifact_cooccurrence,detect
T1102,Web Service,D3-EHB,Endpoint Health Beacon,detect,Detect,1,Network Node,0.25,artifact_cooccurrence,detect
T1104,Multi-Stage Channels,D3-EHB,Endpoint Health Beacon,detect,Detect,1,Network Node,0.25,artifact_cooccurrence,detect
T1105,Ingress Tool Transfer,D3-EHB,Endpoint Health Beacon,detect,Detect,1,Network Node,0.25,artifact_cooccurrence,detect
T1110.003,Password Spraying,D3-EHB,Endpoint Health Beacon,detect,Detect,1,Network Node,0.25,artifact_cooccurrence,detect
T1110.004,Credential Stuffing,D3-EHB,Endpoint Health Beacon,detect,Detect,1,Network Node,0.25,artifact_cooccurrence,detect
T1110,Brute Force,D3-EHB,Endpoint Health Beacon,detect,Detect,1,Network Node,0.25,artifact_cooccurrence,detect
T1114.002,Remote Email Collection,D3-EHB,Endpoint Health Beacon,detect,Detect,1,Network Node,0.25,artifact_cooccurrence,detect
T1114,Email Collection,D3-EHB,Endpoint Health Beacon,detect,Detect,1,Network Node,0.25,artifact_cooccurrence,detect
T1132.001,Standard Encoding,D3-EHB,Endpoint Health Beacon,detect,Detect,1,Network Node,0.25,artifact_cooccurrence,detect
T1132.002,Non-Standard Encoding,D3-EHB,Endpoint Health Beacon,detect,Detect,1,Network Node,0.25,artifact_cooccurrence,detect
T1132,Data Encoding,D3-EHB,Endpoint Health Beacon,detect,Detect,1,Network Node,0.25,artifact_cooccurrence,detect
T1185,Browser Session Hijacking,D3-EHB,Endpoint Health Beacon,detect,Detect,1,Network Node,0.25,artifact_cooccurrence,detect
T1189,Drive-by Compromise,D3-EHB,Endpoint Health Beacon,detect,Detect,1,Network Node,0.25,artifact_cooccurrence,detect
T1190,Exploit Public-Facing Application,D3-EHB,Endpoint Health Beacon,detect,Detect,1,Network Node,0.25,artifact_cooccurrence,detect
T1197,BITS Jobs,D3-EHB,Endpoint Health Beacon,detect,Detect,1,Network Node,0.25,artifact_cooccurrence,detect
T1199,Trusted Relationship,D3-EHB,Endpoint Health Beacon,detect,Detect,1,Network Node,0.25,artifact_cooccurrence,detect
T1204.001,Malicious Link,D3-EHB,Endpoint Health Beacon,detect,Detect,1,Network Node,0.25,artifact_cooccurrence,detect
T1204,User Execution,D3-EHB,Endpoint Health Beacon,detect,Detect,1,Network Node,0.25,artifact_cooccurrence,detect
T1205.001,Port Knocking,D3-EHB,Endpoint Health Beacon,detect,Detect,1,Network Node,0.25,artifact_cooccurrence,detect
T1205.002,Socket Filters,D3-EHB,Endpoint Health Beacon,detect,Detect,1,Network Node,0.25,artifact_cooccurrence,detect
T1205,Traffic Signaling,D3-EHB,Endpoint Health Beacon,detect,Detect,1,Network Node,0.25,artifact_cooccurrence,detect
T1207,Rogue Domain Controller,D3-EHB,Endpoint Health Beacon,detect,Detect,1,Network Node,0.25,artifact_cooccurrence,detect
T1210,Exploitation of Remote Services,D3-EHB,Endpoint Health Beacon,detect,Detect,1,Network Node,0.25,artifact_cooccurrence,detect
T1218.003,CMSTP,D3-EHB,Endpoint Health Beacon,detect,Detect,1,Network Node,0.25,artifact_cooccurrence,detect
T1218,System Binary Proxy Execution,D3-EHB,Endpoint Health Beacon,detect,Detect,1,Network Node,0.25,artifact_cooccurrence,detect
T1219.001,IDE Tunneling,D3-EHB,Endpoint Health Beacon,detect,Detect,1,Network Node,0.25,artifact_cooccurrence,detect
T1219.002,Remote Desktop Software,D3-EHB,Endpoint Health Beacon,detect,Detect,1,Network Node,0.25,artifact_cooccurrence,detect
T1219.003,Remote Access Hardware,D3-EHB,Endpoint Health Beacon,detect,Detect,1,Network Node,0.25,artifact_cooccurrence,detect
T1219,Remote Access Tools,D3-EHB,Endpoint Health Beacon,detect,Detect,1,Network Node,0.25,artifact_cooccurrence,detect
T1498.001,Direct Network Flood,D3-EHB,Endpoint Health Beacon,detect,Detect,1,Network Node,0.25,artifact_cooccurrence,detect
T1498.002,Reflection Amplification,D3-EHB,Endpoint Health Beacon,detect,Detect,1,Network Node,0.25,artifact_cooccurrence,detect
T1498,Network Denial of Service,D3-EHB,Endpoint Health Beacon,detect,Detect,1,Network Node,0.25,artifact_cooccurrence,detect
T1499.002,Service Exhaustion Flood,D3-EHB,Endpoint Health Beacon,detect,Detect,1,Network Node,0.25,artifact_cooccurrence,detect
T1499,Endpoint Denial of Service,D3-EHB,Endpoint Health Beacon,detect,Detect,1,Network Node,0.25,artifact_cooccurrence,detect
T1505.002,Transport Agent,D3-EHB,Endpoint Health Beacon,detect,Detect,1,Network Node,0.25,artifact_cooccurrence,detect
T1505.003,Web Shell,D3-EHB,Endpoint Health Beacon,detect,Detect,1,Network Node,0.25,artifact_cooccurrence,detect
T1505,Server Software Component,D3-EHB,Endpoint Health Beacon,detect,Detect,1,Network Node,0.25,artifact_cooccurrence,detect
T1542.005,TFTP Boot,D3-EHB,Endpoint Health Beacon,detect,Detect,1,Network Node,0.25,artifact_cooccurrence,detect
T1542,Pre-OS Boot,D3-EHB,Endpoint Health Beacon,detect,Detect,1,Network Node,0.25,artifact_cooccurrence,detect
T1546.003,Windows Management Instrumentation Event Subscription,D3-EHB,Endpoint Health Beacon,detect,Detect,1,Network Node,0.25,artifact_cooccurrence,detect
T1546.008,Accessibility Features,D3-EHB,Endpoint Health Beacon,detect,Detect,1,Network Node,0.25,artifact_cooccurrence,detect
T1546,Event Triggered Execution,D3-EHB,Endpoint Health Beacon,detect,Detect,1,Network Node,0.25,artifact_cooccurrence,detect
T1550.001,Application Access Token,D3-EHB,Endpoint Health Beacon,detect,Detect,1,Network Node,0.25,artifact_cooccurrence,detect
T1550.004,Web Session Cookie,D3-EHB,Endpoint Health Beacon,detect,Detect,1,Network Node,0.25,artifact_cooccurrence,detect
T1550,Use Alternate Authentication Material,D3-EHB,Endpoint Health Beacon,detect,Detect,1,Network Node,0.25,artifact_cooccurrence,detect
T1557.001,LLMNR/NBT-NS Poisoning and SMB Relay,D3-EHB,Endpoint Health Beacon,detect,Detect,1,Network Node,0.25,artifact_cooccurrence,detect
T1557.002,ARP Cache Poisoning,D3-EHB,Endpoint Health Beacon,detect,Detect,1,Network Node,0.25,artifact_cooccurrence,detect
T1557.003,DHCP Spoofing,D3-EHB,Endpoint Health Beacon,detect,Detect,1,Network Node,0.25,artifact_cooccurrence,detect
T1557.004,Evil Twin,D3-EHB,Endpoint Health Beacon,detect,Detect,1,Network Node,0.25,artifact_cooccurrence,detect
T1557,Adversary-in-the-Middle,D3-EHB,Endpoint Health Beacon,detect,Detect,1,Network Node,0.25,artifact_cooccurrence,detect
T1558.003,Kerberoasting,D3-EHB,Endpoint Health Beacon,detect,Detect,1,Network Node,0.25,artifact_cooccurrence,detect
T1558,Steal or Forge Kerberos Tickets,D3-EHB,Endpoint Health Beacon,detect,Detect,1,Network Node,0.25,artifact_cooccurrence,detect
T1562.013,Disable or Modify Network Device Firewall,D3-EHB,Endpoint Health Beacon,detect,Detect,1,Network Node,0.25,artifact_cooccurrence,detect
T1562,Impair Defenses,D3-EHB,Endpoint Health Beacon,detect,Detect,1,Network Node,0.25,artifact_cooccurrence,detect
T1563.001,SSH Hijacking,D3-EHB,Endpoint Health Beacon,detect,Detect,1,Network Node,0.25,artifact_cooccurrence,detect
T1563.002,RDP Hijacking,D3-EHB,Endpoint Health Beacon,detect,Detect,1,Network Node,0.25,artifact_cooccurrence,detect
T1563,Remote Service Session Hijacking,D3-EHB,Endpoint Health Beacon,detect,Detect,1,Network Node,0.25,artifact_cooccurrence,detect
T1565.002,Transmitted Data Manipulation,D3-EHB,Endpoint Health Beacon,detect,Detect,1,Network Node,0.25,artifact_cooccurrence,detect
T1565,Data Manipulation,D3-EHB,Endpoint Health Beacon,detect,Detect,1,Network Node,0.25,artifact_cooccurrence,detect
T1566.001,Spearphishing Attachment,D3-EHB,Endpoint Health Beacon,detect,Detect,1,Network Node,0.25,artifact_cooccurrence,detect
T1566.002,Spearphishing Link,D3-EHB,Endpoint Health Beacon,detect,Detect,1,Network Node,0.25,artifact_cooccurrence,detect
T1566,Phishing,D3-EHB,Endpoint Health Beacon,detect,Detect,1,Network Node,0.25,artifact_cooccurrence,detect
T1567.001,Exfiltration to Code Repository,D3-EHB,Endpoint Health Beacon,detect,Detect,1,Network Node,0.25,artifact_cooccurrence,detect
T1567.002,Exfiltration to Cloud Storage,D3-EHB,Endpoint Health Beacon,detect,Detect,1,Network Node,0.25,artifact_cooccurrence,detect
T1567.003,Exfiltration to Text Storage Sites,D3-EHB,Endpoint Health Beacon,detect,Detect,1,Network Node,0.25,artifact_cooccurrence,detect
T1567.004,Exfiltration Over Webhook,D3-EHB,Endpoint Health Beacon,detect,Detect,1,Network Node,0.25,artifact_cooccurrence,detect
T1567,Exfiltration Over Web Service,D3-EHB,Endpoint Health Beacon,detect,Detect,1,Network Node,0.25,artifact_cooccurrence,detect
T1568.001,Fast Flux DNS,D3-EHB,Endpoint Health Beacon,detect,Detect,1,Network Node,0.25,artifact_cooccurrence,detect
T1568.002,Domain Generation Algorithms,D3-EHB,Endpoint Health Beacon,detect,Detect,1,Network Node,0.25,artifact_cooccurrence,detect
T1568.003,DNS Calculation,D3-EHB,Endpoint Health Beacon,detect,Detect,1,Network Node,0.25,artifact_cooccurrence,detect
T1568,Dynamic Resolution,D3-EHB,Endpoint Health Beacon,detect,Detect,1,Network Node,0.25,artifact_cooccurrence,detect
T1570,Lateral Tool Transfer,D3-EHB,Endpoint Health Beacon,detect,Detect,1,Network Node,0.25,artifact_cooccurrence,detect
T1571,Non-Standard Port,D3-EHB,Endpoint Health Beacon,detect,Detect,1,Network Node,0.25,artifact_cooccurrence,detect
T1572,Protocol Tunneling,D3-EHB,Endpoint Health Beacon,detect,Detect,1,Network Node,0.25,artifact_cooccurrence,detect
T1573.001,Symmetric Cryptography,D3-EHB,Endpoint Health Beacon,detect,Detect,1,Network Node,0.25,artifact_cooccurrence,detect
T1573.002,Asymmetric Cryptography,D3-EHB,Endpoint Health Beacon,detect,Detect,1,Network Node,0.25,artifact_cooccurrence,detect
T1573,Encrypted Channel,D3-EHB,Endpoint Health Beacon,detect,Detect,1,Network Node,0.25,artifact_cooccurrence,detect
T1578.002,Create Cloud Instance,D3-EHB,Endpoint Health Beacon,detect,Detect,1,Network Node,0.25,artifact_cooccurrence,detect
T1578.003,Delete Cloud Instance,D3-EHB,Endpoint Health Beacon,detect,Detect,1,Network Node,0.25,artifact_cooccurrence,detect
T1578.004,Revert Cloud Instance,D3-EHB,Endpoint Health Beacon,detect,Detect,1,Network Node,0.25,artifact_cooccurrence,detect
T1578,Modify Cloud Compute Infrastructure,D3-EHB,Endpoint Health Beacon,detect,Detect,1,Network Node,0.25,artifact_cooccurrence,detect
T1056,Input Capture,D3-IDA,Input Device Analysis,detect,Detect,1,Input Device,0.25,artifact_cooccurrence,detect
T1055.012,Process Hollowing,D3-MBT,Memory Boundary Tracking,detect,Detect,1,Process Code Segment,0.25,artifact_cooccurrence,detect
T1055,Process Injection,D3-MBT,Memory Boundary Tracking,detect,Detect,1,Process Code Segment,0.25,artifact_cooccurrence,detect
T1056.004,Credential API Hooking,D3-MBT,Memory Boundary Tracking,detect,Detect,1,Process Code Segment,0.25,artifact_cooccurrence,detect
T1056,Input Capture,D3-MBT,Memory Boundary Tracking,detect,Detect,1,Process Code Segment,0.25,artifact_cooccurrence,detect
T1068,Exploitation for Privilege Escalation,D3-MBT,Memory Boundary Tracking,detect,Detect,1,Process Code Segment,0.25,artifact_cooccurrence,detect
T1203,Exploitation for Client Execution,D3-MBT,Memory Boundary Tracking,detect,Detect,1,Process Code Segment,0.25,artifact_cooccurrence,detect
T1210,Exploitation of Remote Services,D3-MBT,Memory Boundary Tracking,detect,Detect,1,Process Code Segment,0.25,artifact_cooccurrence,detect
T1211,Exploitation for Defense Evasion,D3-MBT,Memory Boundary Tracking,detect,Detect,1,Process Code Segment,0.25,artifact_cooccurrence,detect
T1212,Exploitation for Credential Access,D3-MBT,Memory Boundary Tracking,detect,Detect,1,Process Code Segment,0.25,artifact_cooccurrence,detect
T1053.001,At (Linux) Execution,D3-SDM,System Daemon Monitoring,detect,Detect,1,Operating System Process,0.25,artifact_cooccurrence,detect
T1053.002,At,D3-SDM,System Daemon Monitoring,detect,Detect,1,Operating System Process,0.25,artifact_cooccurrence,detect
T1053.003,Cron,D3-SDM,System Daemon Monitoring,detect,Detect,1,Operating System Process,0.25,artifact_cooccurrence,detect
T1053.004,Launchd,D3-SDM,System Daemon Monitoring,detect,Detect,1,Operating System Process,0.25,artifact_cooccurrence,detect
T1053.005,Scheduled Task,D3-SDM,System Daemon Monitoring,detect,Detect,1,Operating System Process,0.25,artifact_cooccurrence,detect
T1053.006,Systemd Timers,D3-SDM,System Daemon Monitoring,detect,Detect,1,Operating System Process,0.25,artifact_cooccurrence,detect
T1053.007,Container Orchestration Job,D3-SDM,System Daemon Monitoring,detect,Detect,1,Operating System Process,0.25,artifact_cooccurrence,detect
T1053,Scheduled Task/Job,D3-SDM,System Daemon Monitoring,detect,Detect,1,Operating System Process,0.25,artifact_cooccurrence,detect
T1562.001,Disable or Modify Tools,D3-SDM,System Daemon Monitoring,detect,Detect,1,Operating System Process,0.25,artifact_cooccurrence,detect
T1562,Impair Defenses,D3-SDM,System Daemon Monitoring,detect,Detect,1,Operating System Process,0.25,artifact_cooccurrence,detect
T1056.003,Web Portal Capture,D3-SBV,Service Binary Verification,detect,Detect,1,Service Application,0.25,artifact_cooccurrence,detect
T1056,Input Capture,D3-SBV,Service Binary Verification,detect,Detect,1,Service Application,0.25,artifact_cooccurrence,detect
T1072,Software Deployment Tools,D3-SBV,Service Binary Verification,detect,Detect,1,Service Application,0.25,artifact_cooccurrence,detect
T1212,Exploitation for Credential Access,D3-SBV,Service Binary Verification,detect,Detect,1,Service Application,0.25,artifact_cooccurrence,detect
T1564.006,Run Virtual Instance,D3-SBV,Service Binary Verification,detect,Detect,1,Service Application,0.25,artifact_cooccurrence,detect
T1564,Hide Artifacts,D3-SBV,Service Binary Verification,detect,Detect,1,Service Application,0.25,artifact_cooccurrence,detect
T1574.005,Executable Installer File Permissions Weakness,D3-SBV,Service Binary Verification,detect,Detect,1,Service Application,0.25,artifact_cooccurrence,detect
T1574.010,Services File Permissions Weakness,D3-SBV,Service Binary Verification,detect,Detect,1,Service Application,0.25,artifact_cooccurrence,detect
T1574,Hijack Execution Flow,D3-SBV,Service Binary Verification,detect,Detect,1,Service Application,0.25,artifact_cooccurrence,detect
T1649,Steal or Forge Authentication Certificates,D3-SBV,Service Binary Verification,detect,Detect,1,Service Application,0.25,artifact_cooccurrence,detect
T1037.004,RC Scripts,D3-SICA,System Init Config Analysis,detect,Detect,1,System Init Configuration,0.25,artifact_cooccurrence,detect
T1037.005,Startup Items,D3-SICA,System Init Config Analysis,detect,Detect,1,System Init Configuration,0.25,artifact_cooccurrence,detect
T1037,Boot or Logon Initialization Scripts,D3-SICA,System Init Config Analysis,detect,Detect,1,System Init Configuration,0.25,artifact_cooccurrence,detect
T1547.001,Registry Run Keys / Startup Folder,D3-SICA,System Init Config Analysis,detect,Detect,1,System Init Configuration,0.25,artifact_cooccurrence,detect
T1547,Boot or Logon Autostart Execution,D3-SICA,System Init Config Analysis,detect,Detect,1,System Init Configuration,0.25,artifact_cooccurrence,detect
T1562.009,Safe Mode Boot,D3-SICA,System Init Config Analysis,detect,Detect,1,System Init Configuration,0.25,artifact_cooccurrence,detect
T1562,Impair Defenses,D3-SICA,System Init Config Analysis,detect,Detect,1,System Init Configuration,0.25,artifact_cooccurrence,detect
T1574.011,Services Registry Permissions Weakness,D3-SICA,System Init Config Analysis,detect,Detect,1,System Init Configuration,0.25,artifact_cooccurrence,detect
T1574,Hijack Execution Flow,D3-SICA,System Init Config Analysis,detect,Detect,1,System Init Configuration,0.25,artifact_cooccurrence,detect
T1036,Masquerading,D3-SJA,Scheduled Job Analysis,detect,Detect,1,Job Schedule,0.25,artifact_cooccurrence,detect
T1053.001,At (Linux) Execution,D3-SJA,Scheduled Job Analysis,detect,Detect,1,Job Schedule,0.25,artifact_cooccurrence,detect
T1053.002,At,D3-SJA,Scheduled Job Analysis,detect,Detect,1,Job Schedule,0.25,artifact_cooccurrence,detect
T1053.003,Cron,D3-SJA,Scheduled Job Analysis,detect,Detect,1,Job Schedule,0.25,artifact_cooccurrence,detect
T1053.004,Launchd,D3-SJA,Scheduled Job Analysis,detect,Detect,1,Job Schedule,0.25,artifact_cooccurrence,detect
T1053.005,Scheduled Task,D3-SJA,Scheduled Job Analysis,detect,Detect,1,Job Schedule,0.25,artifact_cooccurrence,detect
T1053.006,Systemd Timers,D3-SJA,Scheduled Job Analysis,detect,Detect,1,Job Schedule,0.25,artifact_cooccurrence,detect
T1053.007,Container Orchestration Job,D3-SJA,Scheduled Job Analysis,detect,Detect,1,Job Schedule,0.25,artifact_cooccurrence,detect
T1053,Scheduled Task/Job,D3-SJA,Scheduled Job Analysis,detect,Detect,1,Job Schedule,0.25,artifact_cooccurrence,detect
T1546.004,Unix Shell Configuration Modification,D3-USICA,User Session Init Config Analysis,detect,Detect,1,User Init Configuration File,0.25,artifact_cooccurrence,detect
T1546,Event Triggered Execution,D3-USICA,User Session Init Config Analysis,detect,Detect,1,User Init Configuration File,0.25,artifact_cooccurrence,detect
T1564.002,Hidden Users,D3-USICA,User Session Init Config Analysis,detect,Detect,1,User Init Configuration File,0.25,artifact_cooccurrence,detect
T1564,Hide Artifacts,D3-USICA,User Session Init Config Analysis,detect,Detect,1,User Init Configuration File,0.25,artifact_cooccurrence,detect
T1003.003,NTDS,D3-CCSA,Credential Compromise Scope Analysis,detect,Detect,1,Credential,0.25,artifact_cooccurrence,detect
T1003.005,Cached Domain Credentials,D3-CCSA,Credential Compromise Scope Analysis,detect,Detect,1,Credential,0.25,artifact_cooccurrence,detect
T1003.008,/etc/passwd and /etc/shadow,D3-CCSA,Credential Compromise Scope Analysis,detect,Detect,1,Credential,0.25,artifact_cooccurrence,detect
T1003,OS Credential Dumping,D3-CCSA,Credential Compromise Scope Analysis,detect,Detect,1,Credential,0.25,artifact_cooccurrence,detect
T1098.001,Additional Cloud Credentials,D3-CCSA,Credential Compromise Scope Analysis,detect,Detect,1,Credential,0.25,artifact_cooccurrence,detect
T1098,Account Manipulation,D3-CCSA,Credential Compromise Scope Analysis,detect,Detect,1,Credential,0.25,artifact_cooccurrence,detect
T1110.001,Password Guessing,D3-CCSA,Credential Compromise Scope Analysis,detect,Detect,1,Credential,0.25,artifact_cooccurrence,detect
T1110.002,Password Cracking,D3-CCSA,Credential Compromise Scope Analysis,detect,Detect,1,Credential,0.25,artifact_cooccurrence,detect
T1110.003,Password Spraying,D3-CCSA,Credential Compromise Scope Analysis,detect,Detect,1,Credential,0.25,artifact_cooccurrence,detect
T1110,Brute Force,D3-CCSA,Credential Compromise Scope Analysis,detect,Detect,1,Credential,0.25,artifact_cooccurrence,detect
T1134.001,Token Impersonation/Theft,D3-CCSA,Credential Compromise Scope Analysis,detect,Detect,1,Credential,0.25,artifact_cooccurrence,detect
T1134.002,Create Process with Token,D3-CCSA,Credential Compromise Scope Analysis,detect,Detect,1,Credential,0.25,artifact_cooccurrence,detect
T1134.003,Make and Impersonate Token,D3-CCSA,Credential Compromise Scope Analysis,detect,Detect,1,Credential,0.25,artifact_cooccurrence,detect
T1134,Access Token Manipulation,D3-CCSA,Credential Compromise Scope Analysis,detect,Detect,1,Credential,0.25,artifact_cooccurrence,detect
T1142,Keychain,D3-CCSA,Credential Compromise Scope Analysis,detect,Detect,1,Credential,0.25,artifact_cooccurrence,detect
T1528,Steal Application Access Token,D3-CCSA,Credential Compromise Scope Analysis,detect,Detect,1,Credential,0.25,artifact_cooccurrence,detect
T1539,Steal Web Session Cookie,D3-CCSA,Credential Compromise Scope Analysis,detect,Detect,1,Credential,0.25,artifact_cooccurrence,detect
T1550.001,Application Access Token,D3-CCSA,Credential Compromise Scope Analysis,detect,Detect,1,Credential,0.25,artifact_cooccurrence,detect
T1550.004,Web Session Cookie,D3-CCSA,Credential Compromise Scope Analysis,detect,Detect,1,Credential,0.25,artifact_cooccurrence,detect
T1550,Use Alternate Authentication Material,D3-CCSA,Credential Compromise Scope Analysis,detect,Detect,1,Credential,0.25,artifact_cooccurrence,detect
T1552.001,Credentials In Files,D3-CCSA,Credential Compromise Scope Analysis,detect,Detect,1,Credential,0.25,artifact_cooccurrence,detect
T1552.002,Credentials in Registry,D3-CCSA,Credential Compromise Scope Analysis,detect,Detect,1,Credential,0.25,artifact_cooccurrence,detect
T1552.003,Shell History,D3-CCSA,Credential Compromise Scope Analysis,detect,Detect,1,Credential,0.25,artifact_cooccurrence,detect
T1552.004,Private Keys,D3-CCSA,Credential Compromise Scope Analysis,detect,Detect,1,Credential,0.25,artifact_cooccurrence,detect
T1552.005,Cloud Instance Metadata API,D3-CCSA,Credential Compromise Scope Analysis,detect,Detect,1,Credential,0.25,artifact_cooccurrence,detect
T1552.006,Group Policy Preferences,D3-CCSA,Credential Compromise Scope Analysis,detect,Detect,1,Credential,0.25,artifact_cooccurrence,detect
T1552.007,Container API,D3-CCSA,Credential Compromise Scope Analysis,detect,Detect,1,Credential,0.25,artifact_cooccurrence,detect
T1552.008,Chat Messages,D3-CCSA,Credential Compromise Scope Analysis,detect,Detect,1,Credential,0.25,artifact_cooccurrence,detect
T1552,Unsecured Credentials,D3-CCSA,Credential Compromise Scope Analysis,detect,Detect,1,Credential,0.25,artifact_cooccurrence,detect
T1558.001,Golden Ticket,D3-CCSA,Credential Compromise Scope Analysis,detect,Detect,1,Credential,0.25,artifact_cooccurrence,detect
T1558.002,Silver Ticket,D3-CCSA,Credential Compromise Scope Analysis,detect,Detect,1,Credential,0.25,artifact_cooccurrence,detect
T1558.003,Kerberoasting,D3-CCSA,Credential Compromise Scope Analysis,detect,Detect,1,Credential,0.25,artifact_cooccurrence,detect
T1558.004,AS-REP Roasting,D3-CCSA,Credential Compromise Scope Analysis,detect,Detect,1,Credential,0.25,artifact_cooccurrence,detect
T1558.005,Ccache Files,D3-CCSA,Credential Compromise Scope Analysis,detect,Detect,1,Credential,0.25,artifact_cooccurrence,detect
T1558,Steal or Forge Kerberos Tickets,D3-CCSA,Credential Compromise Scope Analysis,detect,Detect,1,Credential,0.25,artifact_cooccurrence,detect
T1606.001,Web Cookies,D3-CCSA,Credential Compromise Scope Analysis,detect,Detect,1,Credential,0.25,artifact_cooccurrence,detect
T1606.002,SAML Tokens,D3-CCSA,Credential Compromise Scope Analysis,detect,Detect,1,Credential,0.25,artifact_cooccurrence,detect
T1606,Forge Web Credentials,D3-CCSA,Credential Compromise Scope Analysis,detect,Detect,1,Credential,0.25,artifact_cooccurrence,detect
T1078.002,Domain Accounts,D3-DAM,Domain Account Monitoring,detect,Detect,1,Domain User Account,0.25,artifact_cooccurrence,detect
T1078,Valid Accounts,D3-DAM,Domain Account Monitoring,detect,Detect,1,Domain User Account,0.25,artifact_cooccurrence,detect
T1087.002,Domain Account,D3-DAM,Domain Account Monitoring,detect,Detect,1,Domain User Account,0.25,artifact_cooccurrence,detect
T1087,Account Discovery,D3-DAM,Domain Account Monitoring,detect,Detect,1,Domain User Account,0.25,artifact_cooccurrence,detect
T1098.002,Additional Email Delegate Permissions,D3-DAM,Domain Account Monitoring,detect,Detect,1,Domain User Account,0.25,artifact_cooccurrence,detect
T1098.003,Additional Cloud Roles,D3-DAM,Domain Account Monitoring,detect,Detect,1,Domain User Account,0.25,artifact_cooccurrence,detect
T1098,Account Manipulation,D3-DAM,Domain Account Monitoring,detect,Detect,1,Domain User Account,0.25,artifact_cooccurrence,detect
T1136.002,Domain Account,D3-DAM,Domain Account Monitoring,detect,Detect,1,Domain User Account,0.25,artifact_cooccurrence,detect
T1136,Create Account,D3-DAM,Domain Account Monitoring,detect,Detect,1,Domain User Account,0.25,artifact_cooccurrence,detect
T1078.003,Local Accounts,D3-LAM,Local Account Monitoring,detect,Detect,1,Local User Account,0.25,artifact_cooccurrence,detect
T1078,Valid Accounts,D3-LAM,Local Account Monitoring,detect,Detect,1,Local User Account,0.25,artifact_cooccurrence,detect
T1087.001,Local Account,D3-LAM,Local Account Monitoring,detect,Detect,1,Local User Account,0.25,artifact_cooccurrence,detect
T1087,Account Discovery,D3-LAM,Local Account Monitoring,detect,Detect,1,Local User Account,0.25,artifact_cooccurrence,detect
T1114.002,Remote Email Collection,D3-LAM,Local Account Monitoring,detect,Detect,1,Local User Account,0.25,artifact_cooccurrence,detect
T1114,Email Collection,D3-LAM,Local Account Monitoring,detect,Detect,1,Local User Account,0.25,artifact_cooccurrence,detect
T1136.001,Local Account,D3-LAM,Local Account Monitoring,detect,Detect,1,Local User Account,0.25,artifact_cooccurrence,detect
T1136,Create Account,D3-LAM,Local Account Monitoring,detect,Detect,1,Local User Account,0.25,artifact_cooccurrence,detect
T1505.002,Transport Agent,D3-LAM,Local Account Monitoring,detect,Detect,1,Local User Account,0.25,artifact_cooccurrence,detect
T1505.003,Web Shell,D3-LAM,Local Account Monitoring,detect,Detect,1,Local User Account,0.25,artifact_cooccurrence,detect
T1505,Server Software Component,D3-LAM,Local Account Monitoring,detect,Detect,1,Local User Account,0.25,artifact_cooccurrence,detect
T1562.013,Disable or Modify Network Device Firewall,D3-LAM,Local Account Monitoring,detect,Detect,1,Local User Account,0.25,artifact_cooccurrence,detect
T1562,Impair Defenses,D3-LAM,Local Account Monitoring,detect,Detect,1,Local User Account,0.25,artifact_cooccurrence,detect
T1578.002,Create Cloud Instance,D3-LAM,Local Account Monitoring,detect,Detect,1,Local User Account,0.25,artifact_cooccurrence,detect
T1578.003,Delete Cloud Instance,D3-LAM,Local Account Monitoring,detect,Detect,1,Local User Account,0.25,artifact_cooccurrence,detect
T1578.004,Revert Cloud Instance,D3-LAM,Local Account Monitoring,detect,Detect,1,Local User Account,0.25,artifact_cooccurrence,detect
T1578,Modify Cloud Compute Infrastructure,D3-LAM,Local Account Monitoring,detect,Detect,1,Local User Account,0.25,artifact_cooccurrence,detect
T1001.001,Junk Data,D3-UGLPA,User Geolocation Logon Pattern Analysis,detect,Detect,1,Network Traffic,0.25,artifact_cooccurrence,detect
T1001.002,Steganography,D3-UGLPA,User Geolocation Logon Pattern Analysis,detect,Detect,1,Network Traffic,0.25,artifact_cooccurrence,detect
T1001.003,Protocol or Service Impersonation,D3-UGLPA,User Geolocation Logon Pattern Analysis,detect,Detect,1,Network Traffic,0.25,artifact_cooccurrence,detect
T1001,Data Obfuscation,D3-UGLPA,User Geolocation Logon Pattern Analysis,detect,Detect,1,Network Traffic,0.25,artifact_cooccurrence,detect
T1003.006,DCSync,D3-UGLPA,User Geolocation Logon Pattern Analysis,detect,Detect,1,Network Traffic,0.25,artifact_cooccurrence,detect
T1003,OS Credential Dumping,D3-UGLPA,User Geolocation Logon Pattern Analysis,detect,Detect,1,Network Traffic,0.25,artifact_cooccurrence,detect
T1008,Fallback Channels,D3-UGLPA,User Geolocation Logon Pattern Analysis,detect,Detect,1,Network Traffic,0.25,artifact_cooccurrence,detect
T1011.001,Exfiltration Over Bluetooth,D3-UGLPA,User Geolocation Logon Pattern Analysis,detect,Detect,1,Network Traffic,0.25,artifact_cooccurrence,detect
T1011,Exfiltration Over Other Network Medium,D3-UGLPA,User Geolocation Logon Pattern Analysis,detect,Detect,1,Network Traffic,0.25,artifact_cooccurrence,detect
T1018,Remote System Discovery,D3-UGLPA,User Geolocation Logon Pattern Analysis,detect,Detect,1,Network Traffic,0.25,artifact_cooccurrence,detect
T1020.001,Traffic Duplication,D3-UGLPA,User Geolocation Logon Pattern Analysis,detect,Detect,1,Network Traffic,0.25,artifact_cooccurrence,detect
T1020,Automated Exfiltration,D3-UGLPA,User Geolocation Logon Pattern Analysis,detect,Detect,1,Network Traffic,0.25,artifact_cooccurrence,detect
T1021.001,Remote Desktop Protocol,D3-UGLPA,User Geolocation Logon Pattern Analysis,detect,Detect,1,Network Traffic,0.25,artifact_cooccurrence,detect
T1021.002,SMB/Windows Admin Shares,D3-UGLPA,User Geolocation Logon Pattern Analysis,detect,Detect,1,Network Traffic,0.25,artifact_cooccurrence,detect
T1021.003,Distributed Component Object Model,D3-UGLPA,User Geolocation Logon Pattern Analysis,detect,Detect,1,Network Traffic,0.25,artifact_cooccurrence,detect
T1021.004,SSH,D3-UGLPA,User Geolocation Logon Pattern Analysis,detect,Detect,1,Network Traffic,0.25,artifact_cooccurrence,detect
T1021.005,VNC,D3-UGLPA,User Geolocation Logon Pattern Analysis,detect,Detect,1,Network Traffic,0.25,artifact_cooccurrence,detect
T1021.006,Windows Remote Management,D3-UGLPA,User Geolocation Logon Pattern Analysis,detect,Detect,1,Network Traffic,0.25,artifact_cooccurrence,detect
T1021.007,Cloud Services,D3-UGLPA,User Geolocation Logon Pattern Analysis,detect,Detect,1,Network Traffic,0.25,artifact_cooccurrence,detect
T1021.008,Direct Cloud VM Connections,D3-UGLPA,User Geolocation Logon Pattern Analysis,detect,Detect,1,Network Traffic,0.25,artifact_cooccurrence,detect
T1021,Remote Services,D3-UGLPA,User Geolocation Logon Pattern Analysis,detect,Detect,1,Network Traffic,0.25,artifact_cooccurrence,detect
T1029,Scheduled Transfer,D3-UGLPA,User Geolocation Logon Pattern Analysis,detect,Detect,1,Network Traffic,0.25,artifact_cooccurrence,detect
T1030,Data Transfer Size Limits,D3-UGLPA,User Geolocation Logon Pattern Analysis,detect,Detect,1,Network Traffic,0.25,artifact_cooccurrence,detect
T1041,Exfiltration Over C2 Channel,D3-UGLPA,User Geolocation Logon Pattern Analysis,detect,Detect,1,Network Traffic,0.25,artifact_cooccurrence,detect
T1047,Windows Management Instrumentation,D3-UGLPA,User Geolocation Logon Pattern Analysis,detect,Detect,1,Network Traffic,0.25,artifact_cooccurrence,detect
T1048.001,Exfiltration Over Symmetric Encrypted Non-C2 Protocol,D3-UGLPA,User Geolocation Logon Pattern Analysis,detect,Detect,1,Network Traffic,0.25,artifact_cooccurrence,detect
T1048.002,Exfiltration Over Asymmetric Encrypted Non-C2 Protocol,D3-UGLPA,User Geolocation Logon Pattern Analysis,detect,Detect,1,Network Traffic,0.25,artifact_cooccurrence,detect
T1048.003,Exfiltration Over Unencrypted Non-C2 Protocol,D3-UGLPA,User Geolocation Logon Pattern Analysis,detect,Detect,1,Network Traffic,0.25,artifact_cooccurrence,detect
T1048,Exfiltration Over Alternative Protocol,D3-UGLPA,User Geolocation Logon Pattern Analysis,detect,Detect,1,Network Traffic,0.25,artifact_cooccurrence,detect
T1071.001,Web Protocols,D3-UGLPA,User Geolocation Logon Pattern Analysis,detect,Detect,1,Network Traffic,0.25,artifact_cooccurrence,detect
T1071.002,File Transfer Protocols,D3-UGLPA,User Geolocation Logon Pattern Analysis,detect,Detect,1,Network Traffic,0.25,artifact_cooccurrence,detect
T1071.003,Mail Protocols,D3-UGLPA,User Geolocation Logon Pattern Analysis,detect,Detect,1,Network Traffic,0.25,artifact_cooccurrence,detect
T1071.004,DNS,D3-UGLPA,User Geolocation Logon Pattern Analysis,detect,Detect,1,Network Traffic,0.25,artifact_cooccurrence,detect
T1071.005,Publish/Subscribe Protocols,D3-UGLPA,User Geolocation Logon Pattern Analysis,detect,Detect,1,Network Traffic,0.25,artifact_cooccurrence,detect
T1071,Application Layer Protocol,D3-UGLPA,User Geolocation Logon Pattern Analysis,detect,Detect,1,Network Traffic,0.25,artifact_cooccurrence,detect
T1090.001,Internal Proxy,D3-UGLPA,User Geolocation Logon Pattern Analysis,detect,Detect,1,Network Traffic,0.25,artifact_cooccurrence,detect
T1090.002,External Proxy,D3-UGLPA,User Geolocation Logon Pattern Analysis,detect,Detect,1,Network Traffic,0.25,artifact_cooccurrence,detect
T1090.003,Multi-hop Proxy,D3-UGLPA,User Geolocation Logon Pattern Analysis,detect,Detect,1,Network Traffic,0.25,artifact_cooccurrence,detect
T1090.004,Domain Fronting,D3-UGLPA,User Geolocation Logon Pattern Analysis,detect,Detect,1,Network Traffic,0.25,artifact_cooccurrence,detect
T1090,Proxy,D3-UGLPA,User Geolocation Logon Pattern Analysis,detect,Detect,1,Network Traffic,0.25,artifact_cooccurrence,detect
T1095,Non-Application Layer Protocol,D3-UGLPA,User Geolocation Logon Pattern Analysis,detect,Detect,1,Network Traffic,0.25,artifact_cooccurrence,detect
T1098.001,Additional Cloud Credentials,D3-UGLPA,User Geolocation Logon Pattern Analysis,detect,Detect,1,Network Traffic,0.25,artifact_cooccurrence,detect
T1098,Account Manipulation,D3-UGLPA,User Geolocation Logon Pattern Analysis,detect,Detect,1,Network Traffic,0.25,artifact_cooccurrence,detect
T1102.001,Dead Drop Resolver,D3-UGLPA,User Geolocation Logon Pattern Analysis,detect,Detect,1,Network Traffic,0.25,artifact_cooccurrence,detect
T1102.002,Bidirectional Communication,D3-UGLPA,User Geolocation Logon Pattern Analysis,detect,Detect,1,Network Traffic,0.25,artifact_cooccurrence,detect
T1102.003,One-Way Communication,D3-UGLPA,User Geolocation Logon Pattern Analysis,detect,Detect,1,Network Traffic,0.25,artifact_cooccurrence,detect
T1102,Web Service,D3-UGLPA,User Geolocation Logon Pattern Analysis,detect,Detect,1,Network Traffic,0.25,artifact_cooccurrence,detect
T1104,Multi-Stage Channels,D3-UGLPA,User Geolocation Logon Pattern Analysis,detect,Detect,1,Network Traffic,0.25,artifact_cooccurrence,detect
T1105,Ingress Tool Transfer,D3-UGLPA,User Geolocation Logon Pattern Analysis,detect,Detect,1,Network Traffic,0.25,artifact_cooccurrence,detect
T1110.003,Password Spraying,D3-UGLPA,User Geolocation Logon Pattern Analysis,detect,Detect,1,Network Traffic,0.25,artifact_cooccurrence,detect
T1110.004,Credential Stuffing,D3-UGLPA,User Geolocation Logon Pattern Analysis,detect,Detect,1,Network Traffic,0.25,artifact_cooccurrence,detect
T1110,Brute Force,D3-UGLPA,User Geolocation Logon Pattern Analysis,detect,Detect,1,Network Traffic,0.25,artifact_cooccurrence,detect
T1132.001,Standard Encoding,D3-UGLPA,User Geolocation Logon Pattern Analysis,detect,Detect,1,Network Traffic,0.25,artifact_cooccurrence,detect
T1132.002,Non-Standard Encoding,D3-UGLPA,User Geolocation Logon Pattern Analysis,detect,Detect,1,Network Traffic,0.25,artifact_cooccurrence,detect
T1132,Data Encoding,D3-UGLPA,User Geolocation Logon Pattern Analysis,detect,Detect,1,Network Traffic,0.25,artifact_cooccurrence,detect
T1185,Browser Session Hijacking,D3-UGLPA,User Geolocation Logon Pattern Analysis,detect,Detect,1,Network Traffic,0.25,artifact_cooccurrence,detect
T1189,Drive-by Compromise,D3-UGLPA,User Geolocation Logon Pattern Analysis,detect,Detect,1,Network Traffic,0.25,artifact_cooccurrence,detect
T1190,Exploit Public-Facing Application,D3-UGLPA,User Geolocation Logon Pattern Analysis,detect,Detect,1,Network Traffic,0.25,artifact_cooccurrence,detect
T1197,BITS Jobs,D3-UGLPA,User Geolocation Logon Pattern Analysis,detect,Detect,1,Network Traffic,0.25,artifact_cooccurrence,detect
T1199,Trusted Relationship,D3-UGLPA,User Geolocation Logon Pattern Analysis,detect,Detect,1,Network Traffic,0.25,artifact_cooccurrence,detect
T1204.001,Malicious Link,D3-UGLPA,User Geolocation Logon Pattern Analysis,detect,Detect,1,Network Traffic,0.25,artifact_cooccurrence,detect
T1204,User Execution,D3-UGLPA,User Geolocation Logon Pattern Analysis,detect,Detect,1,Network Traffic,0.25,artifact_cooccurrence,detect
T1205.001,Port Knocking,D3-UGLPA,User Geolocation Logon Pattern Analysis,detect,Detect,1,Network Traffic,0.25,artifact_cooccurrence,detect
T1205.002,Socket Filters,D3-UGLPA,User Geolocation Logon Pattern Analysis,detect,Detect,1,Network Traffic,0.25,artifact_cooccurrence,detect
T1205,Traffic Signaling,D3-UGLPA,User Geolocation Logon Pattern Analysis,detect,Detect,1,Network Traffic,0.25,artifact_cooccurrence,detect
T1207,Rogue Domain Controller,D3-UGLPA,User Geolocation Logon Pattern Analysis,detect,Detect,1,Network Traffic,0.25,artifact_cooccurrence,detect
T1210,Exploitation of Remote Services,D3-UGLPA,User Geolocation Logon Pattern Analysis,detect,Detect,1,Network Traffic,0.25,artifact_cooccurrence,detect
T1218.003,CMSTP,D3-UGLPA,User Geolocation Logon Pattern Analysis,detect,Detect,1,Network Traffic,0.25,artifact_cooccurrence,detect
T1218,System Binary Proxy Execution,D3-UGLPA,User Geolocation Logon Pattern Analysis,detect,Detect,1,Network Traffic,0.25,artifact_cooccurrence,detect
T1219.001,IDE Tunneling,D3-UGLPA,User Geolocation Logon Pattern Analysis,detect,Detect,1,Network Traffic,0.25,artifact_cooccurrence,detect
T1219.002,Remote Desktop Software,D3-UGLPA,User Geolocation Logon Pattern Analysis,detect,Detect,1,Network Traffic,0.25,artifact_cooccurrence,detect
T1219.003,Remote Access Hardware,D3-UGLPA,User Geolocation Logon Pattern Analysis,detect,Detect,1,Network Traffic,0.25,artifact_cooccurrence,detect
T1219,Remote Access Tools,D3-UGLPA,User Geolocation Logon Pattern Analysis,detect,Detect,1,Network Traffic,0.25,artifact_cooccurrence,detect
T1498.001,Direct Network Flood,D3-UGLPA,User Geolocation Logon Pattern Analysis,detect,Detect,1,Network Traffic,0.25,artifact_cooccurrence,detect
T1498.002,Reflection Amplification,D3-UGLPA,User Geolocation Logon Pattern Analysis,detect,Detect,1,Network Traffic,0.25,artifact_cooccurrence,detect
T1498,Network Denial of Service,D3-UGLPA,User Geolocation Logon Pattern Analysis,detect,Detect,1,Network Traffic,0.25,artifact_cooccurrence,detect
T1499.002,Service Exhaustion Flood,D3-UGLPA,User Geolocation Logon Pattern Analysis,detect,Detect,1,Network Traffic,0.25,artifact_cooccurrence,detect
T1499,Endpoint Denial of Service,D3-UGLPA,User Geolocation Logon Pattern Analysis,detect,Detect,1,Network Traffic,0.25,artifact_cooccurrence,detect
T1542.005,TFTP Boot,D3-UGLPA,User Geolocation Logon Pattern Analysis,detect,Detect,1,Network Traffic,0.25,artifact_cooccurrence,detect
T1542,Pre-OS Boot,D3-UGLPA,User Geolocation Logon Pattern Analysis,detect,Detect,1,Network Traffic,0.25,artifact_cooccurrence,detect
T1546.003,Windows Management Instrumentation Event Subscription,D3-UGLPA,User Geolocation Logon Pattern Analysis,detect,Detect,1,Network Traffic,0.25,artifact_cooccurrence,detect
T1546.008,Accessibility Features,D3-UGLPA,User Geolocation Logon Pattern Analysis,detect,Detect,1,Network Traffic,0.25,artifact_cooccurrence,detect
T1546,Event Triggered Execution,D3-UGLPA,User Geolocation Logon Pattern Analysis,detect,Detect,1,Network Traffic,0.25,artifact_cooccurrence,detect
T1550.001,Application Access Token,D3-UGLPA,User Geolocation Logon Pattern Analysis,detect,Detect,1,Network Traffic,0.25,artifact_cooccurrence,detect
T1550.004,Web Session Cookie,D3-UGLPA,User Geolocation Logon Pattern Analysis,detect,Detect,1,Network Traffic,0.25,artifact_cooccurrence,detect
T1550,Use Alternate Authentication Material,D3-UGLPA,User Geolocation Logon Pattern Analysis,detect,Detect,1,Network Traffic,0.25,artifact_cooccurrence,detect
T1557.001,LLMNR/NBT-NS Poisoning and SMB Relay,D3-UGLPA,User Geolocation Logon Pattern Analysis,detect,Detect,1,Network Traffic,0.25,artifact_cooccurrence,detect
T1557.002,ARP Cache Poisoning,D3-UGLPA,User Geolocation Logon Pattern Analysis,detect,Detect,1,Network Traffic,0.25,artifact_cooccurrence,detect
T1557.003,DHCP Spoofing,D3-UGLPA,User Geolocation Logon Pattern Analysis,detect,Detect,1,Network Traffic,0.25,artifact_cooccurrence,detect
T1557.004,Evil Twin,D3-UGLPA,User Geolocation Logon Pattern Analysis,detect,Detect,1,Network Traffic,0.25,artifact_cooccurrence,detect
T1557,Adversary-in-the-Middle,D3-UGLPA,User Geolocation Logon Pattern Analysis,detect,Detect,1,Network Traffic,0.25,artifact_cooccurrence,detect
T1558.003,Kerberoasting,D3-UGLPA,User Geolocation Logon Pattern Analysis,detect,Detect,1,Network Traffic,0.25,artifact_cooccurrence,detect
T1558,Steal or Forge Kerberos Tickets,D3-UGLPA,User Geolocation Logon Pattern Analysis,detect,Detect,1,Network Traffic,0.25,artifact_cooccurrence,detect
T1563.001,SSH Hijacking,D3-UGLPA,User Geolocation Logon Pattern Analysis,detect,Detect,1,Network Traffic,0.25,artifact_cooccurrence,detect
T1563.002,RDP Hijacking,D3-UGLPA,User Geolocation Logon Pattern Analysis,detect,Detect,1,Network Traffic,0.25,artifact_cooccurrence,detect
T1563,Remote Service Session Hijacking,D3-UGLPA,User Geolocation Logon Pattern Analysis,detect,Detect,1,Network Traffic,0.25,artifact_cooccurrence,detect
T1565.002,Transmitted Data Manipulation,D3-UGLPA,User Geolocation Logon Pattern Analysis,detect,Detect,1,Network Traffic,0.25,artifact_cooccurrence,detect
T1565,Data Manipulation,D3-UGLPA,User Geolocation Logon Pattern Analysis,detect,Detect,1,Network Traffic,0.25,artifact_cooccurrence,detect
T1566.001,Spearphishing Attachment,D3-UGLPA,User Geolocation Logon Pattern Analysis,detect,Detect,1,Network Traffic,0.25,artifact_cooccurrence,detect
T1566.002,Spearphishing Link,D3-UGLPA,User Geolocation Logon Pattern Analysis,detect,Detect,1,Network Traffic,0.25,artifact_cooccurrence,detect
T1566,Phishing,D3-UGLPA,User Geolocation Logon Pattern Analysis,detect,Detect,1,Network Traffic,0.25,artifact_cooccurrence,detect
T1567.001,Exfiltration to Code Repository,D3-UGLPA,User Geolocation Logon Pattern Analysis,detect,Detect,1,Network Traffic,0.25,artifact_cooccurrence,detect
T1567.002,Exfiltration to Cloud Storage,D3-UGLPA,User Geolocation Logon Pattern Analysis,detect,Detect,1,Network Traffic,0.25,artifact_cooccurrence,detect
T1567.003,Exfiltration to Text Storage Sites,D3-UGLPA,User Geolocation Logon Pattern Analysis,detect,Detect,1,Network Traffic,0.25,artifact_cooccurrence,detect
T1567.004,Exfiltration Over Webhook,D3-UGLPA,User Geolocation Logon Pattern Analysis,detect,Detect,1,Network Traffic,0.25,artifact_cooccurrence,detect
T1567,Exfiltration Over Web Service,D3-UGLPA,User Geolocation Logon Pattern Analysis,detect,Detect,1,Network Traffic,0.25,artifact_cooccurrence,detect
T1568.001,Fast Flux DNS,D3-UGLPA,User Geolocation Logon Pattern Analysis,detect,Detect,1,Network Traffic,0.25,artifact_cooccurrence,detect
T1568.002,Domain Generation Algorithms,D3-UGLPA,User Geolocation Logon Pattern Analysis,detect,Detect,1,Network Traffic,0.25,artifact_cooccurrence,detect
T1568.003,DNS Calculation,D3-UGLPA,User Geolocation Logon Pattern Analysis,detect,Detect,1,Network Traffic,0.25,artifact_cooccurrence,detect
T1568,Dynamic Resolution,D3-UGLPA,User Geolocation Logon Pattern Analysis,detect,Detect,1,Network Traffic,0.25,artifact_cooccurrence,detect
T1570,Lateral Tool Transfer,D3-UGLPA,User Geolocation Logon Pattern Analysis,detect,Detect,1,Network Traffic,0.25,artifact_cooccurrence,detect
T1571,Non-Standard Port,D3-UGLPA,User Geolocation Logon Pattern Analysis,detect,Detect,1,Network Traffic,0.25,artifact_cooccurrence,detect
T1572,Protocol Tunneling,D3-UGLPA,User Geolocation Logon Pattern Analysis,detect,Detect,1,Network Traffic,0.25,artifact_cooccurrence,detect
T1573.001,Symmetric Cryptography,D3-UGLPA,User Geolocation Logon Pattern Analysis,detect,Detect,1,Network Traffic,0.25,artifact_cooccurrence,detect
T1573.002,Asymmetric Cryptography,D3-UGLPA,User Geolocation Logon Pattern Analysis,detect,Detect,1,Network Traffic,0.25,artifact_cooccurrence,detect
T1573,Encrypted Channel,D3-UGLPA,User Geolocation Logon Pattern Analysis,detect,Detect,1,Network Traffic,0.25,artifact_cooccurrence,detect
T1003.003,NTDS,D3-CTS,Credential Transmission Scoping,respond,Isolate,1,Credential,0.25,artifact_cooccurrence,respond
T1003.005,Cached Domain Credentials,D3-CTS,Credential Transmission Scoping,respond,Isolate,1,Credential,0.25,artifact_cooccurrence,respond
T1003.008,/etc/passwd and /etc/shadow,D3-CTS,Credential Transmission Scoping,respond,Isolate,1,Credential,0.25,artifact_cooccurrence,respond
T1003,OS Credential Dumping,D3-CTS,Credential Transmission Scoping,respond,Isolate,1,Credential,0.25,artifact_cooccurrence,respond
T1098.001,Additional Cloud Credentials,D3-CTS,Credential Transmission Scoping,respond,Isolate,1,Credential,0.25,artifact_cooccurrence,respond
T1098,Account Manipulation,D3-CTS,Credential Transmission Scoping,respond,Isolate,1,Credential,0.25,artifact_cooccurrence,respond
T1110.001,Password Guessing,D3-CTS,Credential Transmission Scoping,respond,Isolate,1,Credential,0.25,artifact_cooccurrence,respond
T1110.002,Password Cracking,D3-CTS,Credential Transmission Scoping,respond,Isolate,1,Credential,0.25,artifact_cooccurrence,respond
T1110.003,Password Spraying,D3-CTS,Credential Transmission Scoping,respond,Isolate,1,Credential,0.25,artifact_cooccurrence,respond
T1110,Brute Force,D3-CTS,Credential Transmission Scoping,respond,Isolate,1,Credential,0.25,artifact_cooccurrence,respond
T1134.001,Token Impersonation/Theft,D3-CTS,Credential Transmission Scoping,respond,Isolate,1,Credential,0.25,artifact_cooccurrence,respond
T1134.002,Create Process with Token,D3-CTS,Credential Transmission Scoping,respond,Isolate,1,Credential,0.25,artifact_cooccurrence,respond
T1134.003,Make and Impersonate Token,D3-CTS,Credential Transmission Scoping,respond,Isolate,1,Credential,0.25,artifact_cooccurrence,respond
T1134,Access Token Manipulation,D3-CTS,Credential Transmission Scoping,respond,Isolate,1,Credential,0.25,artifact_cooccurrence,respond
T1142,Keychain,D3-CTS,Credential Transmission Scoping,respond,Isolate,1,Credential,0.25,artifact_cooccurrence,respond
T1528,Steal Application Access Token,D3-CTS,Credential Transmission Scoping,respond,Isolate,1,Credential,0.25,artifact_cooccurrence,respond
T1539,Steal Web Session Cookie,D3-CTS,Credential Transmission Scoping,respond,Isolate,1,Credential,0.25,artifact_cooccurrence,respond
T1550.001,Application Access Token,D3-CTS,Credential Transmission Scoping,respond,Isolate,1,Credential,0.25,artifact_cooccurrence,respond
T1550.004,Web Session Cookie,D3-CTS,Credential Transmission Scoping,respond,Isolate,1,Credential,0.25,artifact_cooccurrence,respond
T1550,Use Alternate Authentication Material,D3-CTS,Credential Transmission Scoping,respond,Isolate,1,Credential,0.25,artifact_cooccurrence,respond
T1552.001,Credentials In Files,D3-CTS,Credential Transmission Scoping,respond,Isolate,1,Credential,0.25,artifact_cooccurrence,respond
T1552.002,Credentials in Registry,D3-CTS,Credential Transmission Scoping,respond,Isolate,1,Credential,0.25,artifact_cooccurrence,respond
T1552.003,Shell History,D3-CTS,Credential Transmission Scoping,respond,Isolate,1,Credential,0.25,artifact_cooccurrence,respond
T1552.004,Private Keys,D3-CTS,Credential Transmission Scoping,respond,Isolate,1,Credential,0.25,artifact_cooccurrence,respond
T1552.005,Cloud Instance Metadata API,D3-CTS,Credential Transmission Scoping,respond,Isolate,1,Credential,0.25,artifact_cooccurrence,respond
T1552.006,Group Policy Preferences,D3-CTS,Credential Transmission Scoping,respond,Isolate,1,Credential,0.25,artifact_cooccurrence,respond
T1552.007,Container API,D3-CTS,Credential Transmission Scoping,respond,Isolate,1,Credential,0.25,artifact_cooccurrence,respond
T1552.008,Chat Messages,D3-CTS,Credential Transmission Scoping,respond,Isolate,1,Credential,0.25,artifact_cooccurrence,respond
T1552,Unsecured Credentials,D3-CTS,Credential Transmission Scoping,respond,Isolate,1,Credential,0.25,artifact_cooccurrence,respond
T1558.001,Golden Ticket,D3-CTS,Credential Transmission Scoping,respond,Isolate,1,Credential,0.25,artifact_cooccurrence,respond
T1558.002,Silver Ticket,D3-CTS,Credential Transmission Scoping,respond,Isolate,1,Credential,0.25,artifact_cooccurrence,respond
T1558.003,Kerberoasting,D3-CTS,Credential Transmission Scoping,respond,Isolate,1,Credential,0.25,artifact_cooccurrence,respond
T1558.004,AS-REP Roasting,D3-CTS,Credential Transmission Scoping,respond,Isolate,1,Credential,0.25,artifact_cooccurrence,respond
T1558.005,Ccache Files,D3-CTS,Credential Transmission Scoping,respond,Isolate,1,Credential,0.25,artifact_cooccurrence,respond
T1558,Steal or Forge Kerberos Tickets,D3-CTS,Credential Transmission Scoping,respond,Isolate,1,Credential,0.25,artifact_cooccurrence,respond
T1606.001,Web Cookies,D3-CTS,Credential Transmission Scoping,respond,Isolate,1,Credential,0.25,artifact_cooccurrence,respond
T1606.002,SAML Tokens,D3-CTS,Credential Transmission Scoping,respond,Isolate,1,Credential,0.25,artifact_cooccurrence,respond
T1606,Forge Web Credentials,D3-CTS,Credential Transmission Scoping,respond,Isolate,1,Credential,0.25,artifact_cooccurrence,respond
T1056,Input Capture,D3-IOPR,IO Port Restriction,respond,Isolate,1,Input Device,0.25,artifact_cooccurrence,respond
T1003.007,Proc Filesystem,D3-RFAM,Remote File Access Mediation,respond,Isolate,1,File,0.25,artifact_cooccurrence,respond
T1003.008,/etc/passwd and /etc/shadow,D3-RFAM,Remote File Access Mediation,respond,Isolate,1,File,0.25,artifact_cooccurrence,respond
T1003,OS Credential Dumping,D3-RFAM,Remote File Access Mediation,respond,Isolate,1,File,0.25,artifact_cooccurrence,respond
T1005,Data from Local System,D3-RFAM,Remote File Access Mediation,respond,Isolate,1,File,0.25,artifact_cooccurrence,respond
T1014,Rootkit,D3-RFAM,Remote File Access Mediation,respond,Isolate,1,File,0.25,artifact_cooccurrence,respond
T1016.001,Internet Connection Discovery,D3-RFAM,Remote File Access Mediation,respond,Isolate,1,File,0.25,artifact_cooccurrence,respond
T1016.002,Wi-Fi Discovery,D3-RFAM,Remote File Access Mediation,respond,Isolate,1,File,0.25,artifact_cooccurrence,respond
T1016,System Network Configuration Discovery,D3-RFAM,Remote File Access Mediation,respond,Isolate,1,File,0.25,artifact_cooccurrence,respond
T1018,Remote System Discovery,D3-RFAM,Remote File Access Mediation,respond,Isolate,1,File,0.25,artifact_cooccurrence,respond
T1027.001,Binary Padding,D3-RFAM,Remote File Access Mediation,respond,Isolate,1,File,0.25,artifact_cooccurrence,respond
T1027.002,Software Packing,D3-RFAM,Remote File Access Mediation,respond,Isolate,1,File,0.25,artifact_cooccurrence,respond
T1027.004,Compile After Delivery,D3-RFAM,Remote File Access Mediation,respond,Isolate,1,File,0.25,artifact_cooccurrence,respond
T1027,Obfuscated Files or Information,D3-RFAM,Remote File Access Mediation,respond,Isolate,1,File,0.25,artifact_cooccurrence,respond
T1033,System Owner/User Discovery,D3-RFAM,Remote File Access Mediation,respond,Isolate,1,File,0.25,artifact_cooccurrence,respond
T1036.001,Invalid Code Signature,D3-RFAM,Remote File Access Mediation,respond,Isolate,1,File,0.25,artifact_cooccurrence,respond
T1036.003,Rename Legitimate Utilities,D3-RFAM,Remote File Access Mediation,respond,Isolate,1,File,0.25,artifact_cooccurrence,respond
T1036.005,Match Legitimate Resource Name or Location,D3-RFAM,Remote File Access Mediation,respond,Isolate,1,File,0.25,artifact_cooccurrence,respond
T1036.006,Space after Filename,D3-RFAM,Remote File Access Mediation,respond,Isolate,1,File,0.25,artifact_cooccurrence,respond
T1036,Masquerading,D3-RFAM,Remote File Access Mediation,respond,Isolate,1,File,0.25,artifact_cooccurrence,respond
T1037.001,Logon Script (Windows),D3-RFAM,Remote File Access Mediation,respond,Isolate,1,File,0.25,artifact_cooccurrence,respond
T1037.002,Login Hook,D3-RFAM,Remote File Access Mediation,respond,Isolate,1,File,0.25,artifact_cooccurrence,respond
T1037.003,Network Logon Script,D3-RFAM,Remote File Access Mediation,respond,Isolate,1,File,0.25,artifact_cooccurrence,respond
T1037.004,RC Scripts,D3-RFAM,Remote File Access Mediation,respond,Isolate,1,File,0.25,artifact_cooccurrence,respond
T1037.005,Startup Items,D3-RFAM,Remote File Access Mediation,respond,Isolate,1,File,0.25,artifact_cooccurrence,respond
T1037,Boot or Logon Initialization Scripts,D3-RFAM,Remote File Access Mediation,respond,Isolate,1,File,0.25,artifact_cooccurrence,respond
T1041,Exfiltration Over C2 Channel,D3-RFAM,Remote File Access Mediation,respond,Isolate,1,File,0.25,artifact_cooccurrence,respond
T1048.002,Exfiltration Over Asymmetric Encrypted Non-C2 Protocol,D3-RFAM,Remote File Access Mediation,respond,Isolate,1,File,0.25,artifact_cooccurrence,respond
T1048,Exfiltration Over Alternative Protocol,D3-RFAM,Remote File Access Mediation,respond,Isolate,1,File,0.25,artifact_cooccurrence,respond
T1053.004,Launchd,D3-RFAM,Remote File Access Mediation,respond,Isolate,1,File,0.25,artifact_cooccurrence,respond
T1053,Scheduled Task/Job,D3-RFAM,Remote File Access Mediation,respond,Isolate,1,File,0.25,artifact_cooccurrence,respond
T1055.001,Dynamic-link Library Injection,D3-RFAM,Remote File Access Mediation,respond,Isolate,1,File,0.25,artifact_cooccurrence,respond
T1055.002,Portable Executable Injection,D3-RFAM,Remote File Access Mediation,respond,Isolate,1,File,0.25,artifact_cooccurrence,respond
T1055.003,Thread Execution Hijacking,D3-RFAM,Remote File Access Mediation,respond,Isolate,1,File,0.25,artifact_cooccurrence,respond
T1055.009,Proc Memory,D3-RFAM,Remote File Access Mediation,respond,Isolate,1,File,0.25,artifact_cooccurrence,respond
T1055.014,VDSO Hijacking,D3-RFAM,Remote File Access Mediation,respond,Isolate,1,File,0.25,artifact_cooccurrence,respond
T1055,Process Injection,D3-RFAM,Remote File Access Mediation,respond,Isolate,1,File,0.25,artifact_cooccurrence,respond
T1059.001,PowerShell,D3-RFAM,Remote File Access Mediation,respond,Isolate,1,File,0.25,artifact_cooccurrence,respond
T1059.002,AppleScript,D3-RFAM,Remote File Access Mediation,respond,Isolate,1,File,0.25,artifact_cooccurrence,respond
T1059.003,Windows Command Shell,D3-RFAM,Remote File Access Mediation,respond,Isolate,1,File,0.25,artifact_cooccurrence,respond
T1059.004,Unix Shell,D3-RFAM,Remote File Access Mediation,respond,Isolate,1,File,0.25,artifact_cooccurrence,respond
T1059.005,Visual Basic,D3-RFAM,Remote File Access Mediation,respond,Isolate,1,File,0.25,artifact_cooccurrence,respond
T1059.006,Python,D3-RFAM,Remote File Access Mediation,respond,Isolate,1,File,0.25,artifact_cooccurrence,respond
T1059.007,JavaScript,D3-RFAM,Remote File Access Mediation,respond,Isolate,1,File,0.25,artifact_cooccurrence,respond
T1059.008,Network Device CLI,D3-RFAM,Remote File Access Mediation,respond,Isolate,1,File,0.25,artifact_cooccurrence,respond
T1059.009,Cloud API,D3-RFAM,Remote File Access Mediation,respond,Isolate,1,File,0.25,artifact_cooccurrence,respond
T1059.010,AutoHotKey &amp; AutoIT,D3-RFAM,Remote File Access Mediation,respond,Isolate,1,File,0.25,artifact_cooccurrence,respond
T1059.011,Lua,D3-RFAM,Remote File Access Mediation,respond,Isolate,1,File,0.25,artifact_cooccurrence,respond
T1059.012,Hypervisor CLI,D3-RFAM,Remote File Access Mediation,respond,Isolate,1,File,0.25,artifact_cooccurrence,respond
T1059.013,Container CLI/API,D3-RFAM,Remote File Access Mediation,respond,Isolate,1,File,0.25,artifact_cooccurrence,respond
T1059,Command and Scripting Interpreter,D3-RFAM,Remote File Access Mediation,respond,Isolate,1,File,0.25,artifact_cooccurrence,respond
T1070.002,Clear Linux or Mac System Logs,D3-RFAM,Remote File Access Mediation,respond,Isolate,1,File,0.25,artifact_cooccurrence,respond
T1070.004,File Deletion,D3-RFAM,Remote File Access Mediation,respond,Isolate,1,File,0.25,artifact_cooccurrence,respond
T1070,Indicator Removal,D3-RFAM,Remote File Access Mediation,respond,Isolate,1,File,0.25,artifact_cooccurrence,respond
T1071.001,Web Protocols,D3-RFAM,Remote File Access Mediation,respond,Isolate,1,File,0.25,artifact_cooccurrence,respond
T1071.002,File Transfer Protocols,D3-RFAM,Remote File Access Mediation,respond,Isolate,1,File,0.25,artifact_cooccurrence,respond
T1071.003,Mail Protocols,D3-RFAM,Remote File Access Mediation,respond,Isolate,1,File,0.25,artifact_cooccurrence,respond
T1071.004,DNS,D3-RFAM,Remote File Access Mediation,respond,Isolate,1,File,0.25,artifact_cooccurrence,respond
T1071.005,Publish/Subscribe Protocols,D3-RFAM,Remote File Access Mediation,respond,Isolate,1,File,0.25,artifact_cooccurrence,respond
T1071,Application Layer Protocol,D3-RFAM,Remote File Access Mediation,respond,Isolate,1,File,0.25,artifact_cooccurrence,respond
T1072,Software Deployment Tools,D3-RFAM,Remote File Access Mediation,respond,Isolate,1,File,0.25,artifact_cooccurrence,respond
T1074.001,Local Data Staging,D3-RFAM,Remote File Access Mediation,respond,Isolate,1,File,0.25,artifact_cooccurrence,respond
T1074,Data Staged,D3-RFAM,Remote File Access Mediation,respond,Isolate,1,File,0.25,artifact_cooccurrence,respond
T1083,File and Directory Discovery,D3-RFAM,Remote File Access Mediation,respond,Isolate,1,File,0.25,artifact_cooccurrence,respond
T1114.001,Local Email Collection,D3-RFAM,Remote File Access Mediation,respond,Isolate,1,File,0.25,artifact_cooccurrence,respond
T1114,Email Collection,D3-RFAM,Remote File Access Mediation,respond,Isolate,1,File,0.25,artifact_cooccurrence,respond
T1119,Automated Collection,D3-RFAM,Remote File Access Mediation,respond,Isolate,1,File,0.25,artifact_cooccurrence,respond
T1127.001,MSBuild,D3-RFAM,Remote File Access Mediation,respond,Isolate,1,File,0.25,artifact_cooccurrence,respond
T1127,Trusted Developer Utilities Proxy Execution,D3-RFAM,Remote File Access Mediation,respond,Isolate,1,File,0.25,artifact_cooccurrence,respond
T1137.001,Office Template Macros,D3-RFAM,Remote File Access Mediation,respond,Isolate,1,File,0.25,artifact_cooccurrence,respond
T1137.003,Outlook Forms,D3-RFAM,Remote File Access Mediation,respond,Isolate,1,File,0.25,artifact_cooccurrence,respond
T1137,Office Application Startup,D3-RFAM,Remote File Access Mediation,respond,Isolate,1,File,0.25,artifact_cooccurrence,respond
T1140,Deobfuscate/Decode Files or Information,D3-RFAM,Remote File Access Mediation,respond,Isolate,1,File,0.25,artifact_cooccurrence,respond
T1187,Forced Authentication,D3-RFAM,Remote File Access Mediation,respond,Isolate,1,File,0.25,artifact_cooccurrence,respond
T1197,BITS Jobs,D3-RFAM,Remote File Access Mediation,respond,Isolate,1,File,0.25,artifact_cooccurrence,respond
T1204.002,Malicious File,D3-RFAM,Remote File Access Mediation,respond,Isolate,1,File,0.25,artifact_cooccurrence,respond
T1204,User Execution,D3-RFAM,Remote File Access Mediation,respond,Isolate,1,File,0.25,artifact_cooccurrence,respond
T1213.001,Confluence,D3-RFAM,Remote File Access Mediation,respond,Isolate,1,File,0.25,artifact_cooccurrence,respond
T1213.002,Sharepoint,D3-RFAM,Remote File Access Mediation,respond,Isolate,1,File,0.25,artifact_cooccurrence,respond
T1213,Data from Information Repositories,D3-RFAM,Remote File Access Mediation,respond,Isolate,1,File,0.25,artifact_cooccurrence,respond
T1218.005,Mshta,D3-RFAM,Remote File Access Mediation,respond,Isolate,1,File,0.25,artifact_cooccurrence,respond
T1218.011,Rundll32,D3-RFAM,Remote File Access Mediation,respond,Isolate,1,File,0.25,artifact_cooccurrence,respond
T1218,System Binary Proxy Execution,D3-RFAM,Remote File Access Mediation,respond,Isolate,1,File,0.25,artifact_cooccurrence,respond
T1220,XSL Script Processing,D3-RFAM,Remote File Access Mediation,respond,Isolate,1,File,0.25,artifact_cooccurrence,respond
T1486,Data Encrypted for Impact,D3-RFAM,Remote File Access Mediation,respond,Isolate,1,File,0.25,artifact_cooccurrence,respond
T1505.003,Web Shell,D3-RFAM,Remote File Access Mediation,respond,Isolate,1,File,0.25,artifact_cooccurrence,respond
T1505,Server Software Component,D3-RFAM,Remote File Access Mediation,respond,Isolate,1,File,0.25,artifact_cooccurrence,respond
T1534,Internal Spearphishing,D3-RFAM,Remote File Access Mediation,respond,Isolate,1,File,0.25,artifact_cooccurrence,respond
T1543.001,Launch Agent,D3-RFAM,Remote File Access Mediation,respond,Isolate,1,File,0.25,artifact_cooccurrence,respond
T1543.002,Systemd Service,D3-RFAM,Remote File Access Mediation,respond,Isolate,1,File,0.25,artifact_cooccurrence,respond
T1543.004,Launch Daemon,D3-RFAM,Remote File Access Mediation,respond,Isolate,1,File,0.25,artifact_cooccurrence,respond
T1543,Create or Modify System Process,D3-RFAM,Remote File Access Mediation,respond,Isolate,1,File,0.25,artifact_cooccurrence,respond
T1546.002,Screensaver,D3-RFAM,Remote File Access Mediation,respond,Isolate,1,File,0.25,artifact_cooccurrence,respond
T1546.004,Unix Shell Configuration Modification,D3-RFAM,Remote File Access Mediation,respond,Isolate,1,File,0.25,artifact_cooccurrence,respond
T1546.005,Trap,D3-RFAM,Remote File Access Mediation,respond,Isolate,1,File,0.25,artifact_cooccurrence,respond
T1546.006,LC_LOAD_DYLIB Addition,D3-RFAM,Remote File Access Mediation,respond,Isolate,1,File,0.25,artifact_cooccurrence,respond
T1546.008,Accessibility Features,D3-RFAM,Remote File Access Mediation,respond,Isolate,1,File,0.25,artifact_cooccurrence,respond
T1546.009,AppCert DLLs,D3-RFAM,Remote File Access Mediation,respond,Isolate,1,File,0.25,artifact_cooccurrence,respond
T1546.010,AppInit DLLs,D3-RFAM,Remote File Access Mediation,respond,Isolate,1,File,0.25,artifact_cooccurrence,respond
T1546.013,PowerShell Profile,D3-RFAM,Remote File Access Mediation,respond,Isolate,1,File,0.25,artifact_cooccurrence,respond
T1546.014,Emond,D3-RFAM,Remote File Access Mediation,respond,Isolate,1,File,0.25,artifact_cooccurrence,respond
T1546.015,Component Object Model Hijacking,D3-RFAM,Remote File Access Mediation,respond,Isolate,1,File,0.25,artifact_cooccurrence,respond
T1546,Event Triggered Execution,D3-RFAM,Remote File Access Mediation,respond,Isolate,1,File,0.25,artifact_cooccurrence,respond
T1547.001,Registry Run Keys / Startup Folder,D3-RFAM,Remote File Access Mediation,respond,Isolate,1,File,0.25,artifact_cooccurrence,respond
T1547.006,Kernel Modules and Extensions,D3-RFAM,Remote File Access Mediation,respond,Isolate,1,File,0.25,artifact_cooccurrence,respond
T1547.007,Re-opened Applications,D3-RFAM,Remote File Access Mediation,respond,Isolate,1,File,0.25,artifact_cooccurrence,respond
T1547.008,LSASS Driver,D3-RFAM,Remote File Access Mediation,respond,Isolate,1,File,0.25,artifact_cooccurrence,respond
T1547.009,Shortcut Modification,D3-RFAM,Remote File Access Mediation,respond,Isolate,1,File,0.25,artifact_cooccurrence,respond
T1547.011,Plist Modification,D3-RFAM,Remote File Access Mediation,respond,Isolate,1,File,0.25,artifact_cooccurrence,respond
T1547,Boot or Logon Autostart Execution,D3-RFAM,Remote File Access Mediation,respond,Isolate,1,File,0.25,artifact_cooccurrence,respond
T1548.002,Bypass User Account Control,D3-RFAM,Remote File Access Mediation,respond,Isolate,1,File,0.25,artifact_cooccurrence,respond
T1548.003,Sudo and Sudo Caching,D3-RFAM,Remote File Access Mediation,respond,Isolate,1,File,0.25,artifact_cooccurrence,respond
T1548,Abuse Elevation Control Mechanism,D3-RFAM,Remote File Access Mediation,respond,Isolate,1,File,0.25,artifact_cooccurrence,respond
T1552.001,Credentials In Files,D3-RFAM,Remote File Access Mediation,respond,Isolate,1,File,0.25,artifact_cooccurrence,respond
T1552.003,Shell History,D3-RFAM,Remote File Access Mediation,respond,Isolate,1,File,0.25,artifact_cooccurrence,respond
T1552,Unsecured Credentials,D3-RFAM,Remote File Access Mediation,respond,Isolate,1,File,0.25,artifact_cooccurrence,respond
T1555.001,Keychain,D3-RFAM,Remote File Access Mediation,respond,Isolate,1,File,0.25,artifact_cooccurrence,respond
T1555.002,Securityd Memory,D3-RFAM,Remote File Access Mediation,respond,Isolate,1,File,0.25,artifact_cooccurrence,respond
T1555.003,Credentials from Web Browsers,D3-RFAM,Remote File Access Mediation,respond,Isolate,1,File,0.25,artifact_cooccurrence,respond
T1555.004,Windows Credential Manager,D3-RFAM,Remote File Access Mediation,respond,Isolate,1,File,0.25,artifact_cooccurrence,respond
T1555.005,Password Managers,D3-RFAM,Remote File Access Mediation,respond,Isolate,1,File,0.25,artifact_cooccurrence,respond
T1555.006,Cloud Secrets Management Stores,D3-RFAM,Remote File Access Mediation,respond,Isolate,1,File,0.25,artifact_cooccurrence,respond
T1555,Credentials from Password Stores,D3-RFAM,Remote File Access Mediation,respond,Isolate,1,File,0.25,artifact_cooccurrence,respond
T1556.002,Password Filter DLL,D3-RFAM,Remote File Access Mediation,respond,Isolate,1,File,0.25,artifact_cooccurrence,respond
T1556.003,Pluggable Authentication Modules,D3-RFAM,Remote File Access Mediation,respond,Isolate,1,File,0.25,artifact_cooccurrence,respond
T1556,Modify Authentication Process,D3-RFAM,Remote File Access Mediation,respond,Isolate,1,File,0.25,artifact_cooccurrence,respond
T1560.001,Archive via Utility,D3-RFAM,Remote File Access Mediation,respond,Isolate,1,File,0.25,artifact_cooccurrence,respond
T1560.002,Archive via Library,D3-RFAM,Remote File Access Mediation,respond,Isolate,1,File,0.25,artifact_cooccurrence,respond
T1560.003,Archive via Custom Method,D3-RFAM,Remote File Access Mediation,respond,Isolate,1,File,0.25,artifact_cooccurrence,respond
T1560,Archive Collected Data,D3-RFAM,Remote File Access Mediation,respond,Isolate,1,File,0.25,artifact_cooccurrence,respond
T1562.003,Impair Command History Logging,D3-RFAM,Remote File Access Mediation,respond,Isolate,1,File,0.25,artifact_cooccurrence,respond
T1562,Impair Defenses,D3-RFAM,Remote File Access Mediation,respond,Isolate,1,File,0.25,artifact_cooccurrence,respond
T1564.002,Hidden Users,D3-RFAM,Remote File Access Mediation,respond,Isolate,1,File,0.25,artifact_cooccurrence,respond
T1564.003,Hidden Window,D3-RFAM,Remote File Access Mediation,respond,Isolate,1,File,0.25,artifact_cooccurrence,respond
T1564.005,Hidden File System,D3-RFAM,Remote File Access Mediation,respond,Isolate,1,File,0.25,artifact_cooccurrence,respond
T1564.006,Run Virtual Instance,D3-RFAM,Remote File Access Mediation,respond,Isolate,1,File,0.25,artifact_cooccurrence,respond
T1564.007,VBA Stomping,D3-RFAM,Remote File Access Mediation,respond,Isolate,1,File,0.25,artifact_cooccurrence,respond
T1564,Hide Artifacts,D3-RFAM,Remote File Access Mediation,respond,Isolate,1,File,0.25,artifact_cooccurrence,respond
T1565.001,Stored Data Manipulation,D3-RFAM,Remote File Access Mediation,respond,Isolate,1,File,0.25,artifact_cooccurrence,respond
T1565.003,Runtime Data Manipulation,D3-RFAM,Remote File Access Mediation,respond,Isolate,1,File,0.25,artifact_cooccurrence,respond
T1565,Data Manipulation,D3-RFAM,Remote File Access Mediation,respond,Isolate,1,File,0.25,artifact_cooccurrence,respond
T1566.001,Spearphishing Attachment,D3-RFAM,Remote File Access Mediation,respond,Isolate,1,File,0.25,artifact_cooccurrence,respond
T1566.002,Spearphishing Link,D3-RFAM,Remote File Access Mediation,respond,Isolate,1,File,0.25,artifact_cooccurrence,respond
T1566.003,Spearphishing via Service,D3-RFAM,Remote File Access Mediation,respond,Isolate,1,File,0.25,artifact_cooccurrence,respond
T1566,Phishing,D3-RFAM,Remote File Access Mediation,respond,Isolate,1,File,0.25,artifact_cooccurrence,respond
T1573.002,Asymmetric Cryptography,D3-RFAM,Remote File Access Mediation,respond,Isolate,1,File,0.25,artifact_cooccurrence,respond
T1573,Encrypted Channel,D3-RFAM,Remote File Access Mediation,respond,Isolate,1,File,0.25,artifact_cooccurrence,respond
T1574.001,DLL,D3-RFAM,Remote File Access Mediation,respond,Isolate,1,File,0.25,artifact_cooccurrence,respond
T1574.002,DLL Side-Loading,D3-RFAM,Remote File Access Mediation,respond,Isolate,1,File,0.25,artifact_cooccurrence,respond
T1574.004,Dylib Hijacking,D3-RFAM,Remote File Access Mediation,respond,Isolate,1,File,0.25,artifact_cooccurrence,respond
T1574.006,Dynamic Linker Hijacking,D3-RFAM,Remote File Access Mediation,respond,Isolate,1,File,0.25,artifact_cooccurrence,respond
T1574.007,Path Interception by PATH Environment Variable,D3-RFAM,Remote File Access Mediation,respond,Isolate,1,File,0.25,artifact_cooccurrence,respond
T1574.008,Path Interception by Search Order Hijacking,D3-RFAM,Remote File Access Mediation,respond,Isolate,1,File,0.25,artifact_cooccurrence,respond
T1574.009,Path Interception by Unquoted Path,D3-RFAM,Remote File Access Mediation,respond,Isolate,1,File,0.25,artifact_cooccurrence,respond
T1574.012,COR_PROFILER,D3-RFAM,Remote File Access Mediation,respond,Isolate,1,File,0.25,artifact_cooccurrence,respond
T1574,Hijack Execution Flow,D3-RFAM,Remote File Access Mediation,respond,Isolate,1,File,0.25,artifact_cooccurrence,respond
T1619,Cloud Storage Object Discovery,D3-RFAM,Remote File Access Mediation,respond,Isolate,1,File,0.25,artifact_cooccurrence,respond
T1649,Steal or Forge Authentication Certificates,D3-RFAM,Remote File Access Mediation,respond,Isolate,1,File,0.25,artifact_cooccurrence,respond
T1033,System Owner/User Discovery,D3-DTP,Domain Trust Policy,respond,Isolate,1,Directory Service,0.25,artifact_cooccurrence,respond
T1003.007,Proc Filesystem,D3-LFP,Local File Permissions,respond,Isolate,1,File,0.25,artifact_cooccurrence,respond
T1003.008,/etc/passwd and /etc/shadow,D3-LFP,Local File Permissions,respond,Isolate,1,File,0.25,artifact_cooccurrence,respond
T1003,OS Credential Dumping,D3-LFP,Local File Permissions,respond,Isolate,1,File,0.25,artifact_cooccurrence,respond
T1005,Data from Local System,D3-LFP,Local File Permissions,respond,Isolate,1,File,0.25,artifact_cooccurrence,respond
T1014,Rootkit,D3-LFP,Local File Permissions,respond,Isolate,1,File,0.25,artifact_cooccurrence,respond
T1016.001,Internet Connection Discovery,D3-LFP,Local File Permissions,respond,Isolate,1,File,0.25,artifact_cooccurrence,respond
T1016.002,Wi-Fi Discovery,D3-LFP,Local File Permissions,respond,Isolate,1,File,0.25,artifact_cooccurrence,respond
T1016,System Network Configuration Discovery,D3-LFP,Local File Permissions,respond,Isolate,1,File,0.25,artifact_cooccurrence,respond
T1018,Remote System Discovery,D3-LFP,Local File Permissions,respond,Isolate,1,File,0.25,artifact_cooccurrence,respond
T1027.001,Binary Padding,D3-LFP,Local File Permissions,respond,Isolate,1,File,0.25,artifact_cooccurrence,respond
T1027.002,Software Packing,D3-LFP,Local File Permissions,respond,Isolate,1,File,0.25,artifact_cooccurrence,respond
T1027.004,Compile After Delivery,D3-LFP,Local File Permissions,respond,Isolate,1,File,0.25,artifact_cooccurrence,respond
T1027,Obfuscated Files or Information,D3-LFP,Local File Permissions,respond,Isolate,1,File,0.25,artifact_cooccurrence,respond
T1033,System Owner/User Discovery,D3-LFP,Local File Permissions,respond,Isolate,1,File,0.25,artifact_cooccurrence,respond
T1036.001,Invalid Code Signature,D3-LFP,Local File Permissions,respond,Isolate,1,File,0.25,artifact_cooccurrence,respond
T1036.003,Rename Legitimate Utilities,D3-LFP,Local File Permissions,respond,Isolate,1,File,0.25,artifact_cooccurrence,respond
T1036.005,Match Legitimate Resource Name or Location,D3-LFP,Local File Permissions,respond,Isolate,1,File,0.25,artifact_cooccurrence,respond
T1036.006,Space after Filename,D3-LFP,Local File Permissions,respond,Isolate,1,File,0.25,artifact_cooccurrence,respond
T1036,Masquerading,D3-LFP,Local File Permissions,respond,Isolate,1,File,0.25,artifact_cooccurrence,respond
T1037.001,Logon Script (Windows),D3-LFP,Local File Permissions,respond,Isolate,1,File,0.25,artifact_cooccurrence,respond
T1037.002,Login Hook,D3-LFP,Local File Permissions,respond,Isolate,1,File,0.25,artifact_cooccurrence,respond
T1037.003,Network Logon Script,D3-LFP,Local File Permissions,respond,Isolate,1,File,0.25,artifact_cooccurrence,respond
T1037.004,RC Scripts,D3-LFP,Local File Permissions,respond,Isolate,1,File,0.25,artifact_cooccurrence,respond
T1037.005,Startup Items,D3-LFP,Local File Permissions,respond,Isolate,2,Directory|File,0.25,artifact_cooccurrence,respond
T1037,Boot or Logon Initialization Scripts,D3-LFP,Local File Permissions,respond,Isolate,2,Directory|File,0.25,artifact_cooccurrence,respond
T1041,Exfiltration Over C2 Channel,D3-LFP,Local File Permissions,respond,Isolate,1,File,0.25,artifact_cooccurrence,respond
T1048.002,Exfiltration Over Asymmetric Encrypted Non-C2 Protocol,D3-LFP,Local File Permissions,respond,Isolate,1,File,0.25,artifact_cooccurrence,respond
T1048,Exfiltration Over Alternative Protocol,D3-LFP,Local File Permissions,respond,Isolate,1,File,0.25,artifact_cooccurrence,respond
T1053.004,Launchd,D3-LFP,Local File Permissions,respond,Isolate,1,File,0.25,artifact_cooccurrence,respond
T1053,Scheduled Task/Job,D3-LFP,Local File Permissions,respond,Isolate,1,File,0.25,artifact_cooccurrence,respond
T1055.001,Dynamic-link Library Injection,D3-LFP,Local File Permissions,respond,Isolate,1,File,0.25,artifact_cooccurrence,respond
T1055.002,Portable Executable Injection,D3-LFP,Local File Permissions,respond,Isolate,1,File,0.25,artifact_cooccurrence,respond
T1055.003,Thread Execution Hijacking,D3-LFP,Local File Permissions,respond,Isolate,1,File,0.25,artifact_cooccurrence,respond
T1055.009,Proc Memory,D3-LFP,Local File Permissions,respond,Isolate,1,File,0.25,artifact_cooccurrence,respond
T1055.014,VDSO Hijacking,D3-LFP,Local File Permissions,respond,Isolate,1,File,0.25,artifact_cooccurrence,respond
T1055,Process Injection,D3-LFP,Local File Permissions,respond,Isolate,1,File,0.25,artifact_cooccurrence,respond
T1059.001,PowerShell,D3-LFP,Local File Permissions,respond,Isolate,1,File,0.25,artifact_cooccurrence,respond
T1059.002,AppleScript,D3-LFP,Local File Permissions,respond,Isolate,1,File,0.25,artifact_cooccurrence,respond
T1059.003,Windows Command Shell,D3-LFP,Local File Permissions,respond,Isolate,1,File,0.25,artifact_cooccurrence,respond
T1059.004,Unix Shell,D3-LFP,Local File Permissions,respond,Isolate,1,File,0.25,artifact_cooccurrence,respond
T1059.005,Visual Basic,D3-LFP,Local File Permissions,respond,Isolate,1,File,0.25,artifact_cooccurrence,respond
T1059.006,Python,D3-LFP,Local File Permissions,respond,Isolate,1,File,0.25,artifact_cooccurrence,respond
T1059.007,JavaScript,D3-LFP,Local File Permissions,respond,Isolate,1,File,0.25,artifact_cooccurrence,respond
T1059.008,Network Device CLI,D3-LFP,Local File Permissions,respond,Isolate,1,File,0.25,artifact_cooccurrence,respond
T1059.009,Cloud API,D3-LFP,Local File Permissions,respond,Isolate,1,File,0.25,artifact_cooccurrence,respond
T1059.010,AutoHotKey &amp; AutoIT,D3-LFP,Local File Permissions,respond,Isolate,1,File,0.25,artifact_cooccurrence,respond
T1059.011,Lua,D3-LFP,Local File Permissions,respond,Isolate,1,File,0.25,artifact_cooccurrence,respond
T1059.012,Hypervisor CLI,D3-LFP,Local File Permissions,respond,Isolate,1,File,0.25,artifact_cooccurrence,respond
T1059.013,Container CLI/API,D3-LFP,Local File Permissions,respond,Isolate,1,File,0.25,artifact_cooccurrence,respond
T1059,Command and Scripting Interpreter,D3-LFP,Local File Permissions,respond,Isolate,1,File,0.25,artifact_cooccurrence,respond
T1070.002,Clear Linux or Mac System Logs,D3-LFP,Local File Permissions,respond,Isolate,1,File,0.25,artifact_cooccurrence,respond
T1070.004,File Deletion,D3-LFP,Local File Permissions,respond,Isolate,1,File,0.25,artifact_cooccurrence,respond
T1070,Indicator Removal,D3-LFP,Local File Permissions,respond,Isolate,1,File,0.25,artifact_cooccurrence,respond
T1071.001,Web Protocols,D3-LFP,Local File Permissions,respond,Isolate,1,File,0.25,artifact_cooccurrence,respond
T1071.002,File Transfer Protocols,D3-LFP,Local File Permissions,respond,Isolate,1,File,0.25,artifact_cooccurrence,respond
T1071.003,Mail Protocols,D3-LFP,Local File Permissions,respond,Isolate,1,File,0.25,artifact_cooccurrence,respond
T1071.004,DNS,D3-LFP,Local File Permissions,respond,Isolate,1,File,0.25,artifact_cooccurrence,respond
T1071.005,Publish/Subscribe Protocols,D3-LFP,Local File Permissions,respond,Isolate,1,File,0.25,artifact_cooccurrence,respond
T1071,Application Layer Protocol,D3-LFP,Local File Permissions,respond,Isolate,1,File,0.25,artifact_cooccurrence,respond
T1072,Software Deployment Tools,D3-LFP,Local File Permissions,respond,Isolate,1,File,0.25,artifact_cooccurrence,respond
T1074.001,Local Data Staging,D3-LFP,Local File Permissions,respond,Isolate,1,File,0.25,artifact_cooccurrence,respond
T1074,Data Staged,D3-LFP,Local File Permissions,respond,Isolate,1,File,0.25,artifact_cooccurrence,respond
T1083,File and Directory Discovery,D3-LFP,Local File Permissions,respond,Isolate,2,Directory|File,0.25,artifact_cooccurrence,respond
T1114.001,Local Email Collection,D3-LFP,Local File Permissions,respond,Isolate,1,File,0.25,artifact_cooccurrence,respond
T1114,Email Collection,D3-LFP,Local File Permissions,respond,Isolate,1,File,0.25,artifact_cooccurrence,respond
T1119,Automated Collection,D3-LFP,Local File Permissions,respond,Isolate,1,File,0.25,artifact_cooccurrence,respond
T1127.001,MSBuild,D3-LFP,Local File Permissions,respond,Isolate,1,File,0.25,artifact_cooccurrence,respond
T1127,Trusted Developer Utilities Proxy Execution,D3-LFP,Local File Permissions,respond,Isolate,1,File,0.25,artifact_cooccurrence,respond
T1137.001,Office Template Macros,D3-LFP,Local File Permissions,respond,Isolate,1,File,0.25,artifact_cooccurrence,respond
T1137.003,Outlook Forms,D3-LFP,Local File Permissions,respond,Isolate,1,File,0.25,artifact_cooccurrence,respond
T1137,Office Application Startup,D3-LFP,Local File Permissions,respond,Isolate,1,File,0.25,artifact_cooccurrence,respond
T1140,Deobfuscate/Decode Files or Information,D3-LFP,Local File Permissions,respond,Isolate,1,File,0.25,artifact_cooccurrence,respond
T1187,Forced Authentication,D3-LFP,Local File Permissions,respond,Isolate,1,File,0.25,artifact_cooccurrence,respond
T1197,BITS Jobs,D3-LFP,Local File Permissions,respond,Isolate,1,File,0.25,artifact_cooccurrence,respond
T1204.002,Malicious File,D3-LFP,Local File Permissions,respond,Isolate,1,File,0.25,artifact_cooccurrence,respond
T1204,User Execution,D3-LFP,Local File Permissions,respond,Isolate,1,File,0.25,artifact_cooccurrence,respond
T1213.001,Confluence,D3-LFP,Local File Permissions,respond,Isolate,1,File,0.25,artifact_cooccurrence,respond
T1213.002,Sharepoint,D3-LFP,Local File Permissions,respond,Isolate,1,File,0.25,artifact_cooccurrence,respond
T1213,Data from Information Repositories,D3-LFP,Local File Permissions,respond,Isolate,1,File,0.25,artifact_cooccurrence,respond
T1218.005,Mshta,D3-LFP,Local File Permissions,respond,Isolate,1,File,0.25,artifact_cooccurrence,respond
T1218.011,Rundll32,D3-LFP,Local File Permissions,respond,Isolate,1,File,0.25,artifact_cooccurrence,respond
T1218,System Binary Proxy Execution,D3-LFP,Local File Permissions,respond,Isolate,1,File,0.25,artifact_cooccurrence,respond
T1220,XSL Script Processing,D3-LFP,Local File Permissions,respond,Isolate,1,File,0.25,artifact_cooccurrence,respond
T1486,Data Encrypted for Impact,D3-LFP,Local File Permissions,respond,Isolate,1,File,0.25,artifact_cooccurrence,respond
T1505.003,Web Shell,D3-LFP,Local File Permissions,respond,Isolate,1,File,0.25,artifact_cooccurrence,respond
T1505,Server Software Component,D3-LFP,Local File Permissions,respond,Isolate,1,File,0.25,artifact_cooccurrence,respond
T1534,Internal Spearphishing,D3-LFP,Local File Permissions,respond,Isolate,1,File,0.25,artifact_cooccurrence,respond
T1543.001,Launch Agent,D3-LFP,Local File Permissions,respond,Isolate,1,File,0.25,artifact_cooccurrence,respond
T1543.002,Systemd Service,D3-LFP,Local File Permissions,respond,Isolate,1,File,0.25,artifact_cooccurrence,respond
T1543.004,Launch Daemon,D3-LFP,Local File Permissions,respond,Isolate,1,File,0.25,artifact_cooccurrence,respond
T1543,Create or Modify System Process,D3-LFP,Local File Permissions,respond,Isolate,1,File,0.25,artifact_cooccurrence,respond
T1546.002,Screensaver,D3-LFP,Local File Permissions,respond,Isolate,1,File,0.25,artifact_cooccurrence,respond
T1546.004,Unix Shell Configuration Modification,D3-LFP,Local File Permissions,respond,Isolate,1,File,0.25,artifact_cooccurrence,respond
T1546.005,Trap,D3-LFP,Local File Permissions,respond,Isolate,1,File,0.25,artifact_cooccurrence,respond
T1546.006,LC_LOAD_DYLIB Addition,D3-LFP,Local File Permissions,respond,Isolate,1,File,0.25,artifact_cooccurrence,respond
T1546.008,Accessibility Features,D3-LFP,Local File Permissions,respond,Isolate,1,File,0.25,artifact_cooccurrence,respond
T1546.009,AppCert DLLs,D3-LFP,Local File Permissions,respond,Isolate,1,File,0.25,artifact_cooccurrence,respond
T1546.010,AppInit DLLs,D3-LFP,Local File Permissions,respond,Isolate,1,File,0.25,artifact_cooccurrence,respond
T1546.013,PowerShell Profile,D3-LFP,Local File Permissions,respond,Isolate,1,File,0.25,artifact_cooccurrence,respond
T1546.014,Emond,D3-LFP,Local File Permissions,respond,Isolate,1,File,0.25,artifact_cooccurrence,respond
T1546.015,Component Object Model Hijacking,D3-LFP,Local File Permissions,respond,Isolate,1,File,0.25,artifact_cooccurrence,respond
T1546,Event Triggered Execution,D3-LFP,Local File Permissions,respond,Isolate,1,File,0.25,artifact_cooccurrence,respond
T1547.001,Registry Run Keys / Startup Folder,D3-LFP,Local File Permissions,respond,Isolate,1,File,0.25,artifact_cooccurrence,respond
T1547.006,Kernel Modules and Extensions,D3-LFP,Local File Permissions,respond,Isolate,1,File,0.25,artifact_cooccurrence,respond
T1547.007,Re-opened Applications,D3-LFP,Local File Permissions,respond,Isolate,1,File,0.25,artifact_cooccurrence,respond
T1547.008,LSASS Driver,D3-LFP,Local File Permissions,respond,Isolate,1,File,0.25,artifact_cooccurrence,respond
T1547.009,Shortcut Modification,D3-LFP,Local File Permissions,respond,Isolate,1,File,0.25,artifact_cooccurrence,respond
T1547.011,Plist Modification,D3-LFP,Local File Permissions,respond,Isolate,1,File,0.25,artifact_cooccurrence,respond
T1547,Boot or Logon Autostart Execution,D3-LFP,Local File Permissions,respond,Isolate,1,File,0.25,artifact_cooccurrence,respond
T1548.002,Bypass User Account Control,D3-LFP,Local File Permissions,respond,Isolate,1,File,0.25,artifact_cooccurrence,respond
T1548.003,Sudo and Sudo Caching,D3-LFP,Local File Permissions,respond,Isolate,1,File,0.25,artifact_cooccurrence,respond
T1548,Abuse Elevation Control Mechanism,D3-LFP,Local File Permissions,respond,Isolate,1,File,0.25,artifact_cooccurrence,respond
T1552.001,Credentials In Files,D3-LFP,Local File Permissions,respond,Isolate,1,File,0.25,artifact_cooccurrence,respond
T1552.003,Shell History,D3-LFP,Local File Permissions,respond,Isolate,1,File,0.25,artifact_cooccurrence,respond
T1552,Unsecured Credentials,D3-LFP,Local File Permissions,respond,Isolate,1,File,0.25,artifact_cooccurrence,respond
T1555.001,Keychain,D3-LFP,Local File Permissions,respond,Isolate,1,File,0.25,artifact_cooccurrence,respond
T1555.002,Securityd Memory,D3-LFP,Local File Permissions,respond,Isolate,1,File,0.25,artifact_cooccurrence,respond
T1555.003,Credentials from Web Browsers,D3-LFP,Local File Permissions,respond,Isolate,1,File,0.25,artifact_cooccurrence,respond
T1555.004,Windows Credential Manager,D3-LFP,Local File Permissions,respond,Isolate,1,File,0.25,artifact_cooccurrence,respond
T1555.005,Password Managers,D3-LFP,Local File Permissions,respond,Isolate,1,File,0.25,artifact_cooccurrence,respond
T1555.006,Cloud Secrets Management Stores,D3-LFP,Local File Permissions,respond,Isolate,1,File,0.25,artifact_cooccurrence,respond
T1555,Credentials from Password Stores,D3-LFP,Local File Permissions,respond,Isolate,1,File,0.25,artifact_cooccurrence,respond
T1556.002,Password Filter DLL,D3-LFP,Local File Permissions,respond,Isolate,1,File,0.25,artifact_cooccurrence,respond
T1556.003,Pluggable Authentication Modules,D3-LFP,Local File Permissions,respond,Isolate,1,File,0.25,artifact_cooccurrence,respond
T1556,Modify Authentication Process,D3-LFP,Local File Permissions,respond,Isolate,1,File,0.25,artifact_cooccurrence,respond
T1560.001,Archive via Utility,D3-LFP,Local File Permissions,respond,Isolate,1,File,0.25,artifact_cooccurrence,respond
T1560.002,Archive via Library,D3-LFP,Local File Permissions,respond,Isolate,1,File,0.25,artifact_cooccurrence,respond
T1560.003,Archive via Custom Method,D3-LFP,Local File Permissions,respond,Isolate,1,File,0.25,artifact_cooccurrence,respond
T1560,Archive Collected Data,D3-LFP,Local File Permissions,respond,Isolate,1,File,0.25,artifact_cooccurrence,respond
T1562.003,Impair Command History Logging,D3-LFP,Local File Permissions,respond,Isolate,1,File,0.25,artifact_cooccurrence,respond
T1562,Impair Defenses,D3-LFP,Local File Permissions,respond,Isolate,1,File,0.25,artifact_cooccurrence,respond
T1564.002,Hidden Users,D3-LFP,Local File Permissions,respond,Isolate,1,File,0.25,artifact_cooccurrence,respond
T1564.003,Hidden Window,D3-LFP,Local File Permissions,respond,Isolate,1,File,0.25,artifact_cooccurrence,respond
T1564.005,Hidden File System,D3-LFP,Local File Permissions,respond,Isolate,2,Directory|File,0.25,artifact_cooccurrence,respond
T1564.006,Run Virtual Instance,D3-LFP,Local File Permissions,respond,Isolate,2,Directory|File,0.25,artifact_cooccurrence,respond
T1564.007,VBA Stomping,D3-LFP,Local File Permissions,respond,Isolate,1,File,0.25,artifact_cooccurrence,respond
T1564,Hide Artifacts,D3-LFP,Local File Permissions,respond,Isolate,2,Directory|File,0.25,artifact_cooccurrence,respond
T1565.001,Stored Data Manipulation,D3-LFP,Local File Permissions,respond,Isolate,1,File,0.25,artifact_cooccurrence,respond
T1565.003,Runtime Data Manipulation,D3-LFP,Local File Permissions,respond,Isolate,1,File,0.25,artifact_cooccurrence,respond
T1565,Data Manipulation,D3-LFP,Local File Permissions,respond,Isolate,1,File,0.25,artifact_cooccurrence,respond
T1566.001,Spearphishing Attachment,D3-LFP,Local File Permissions,respond,Isolate,1,File,0.25,artifact_cooccurrence,respond
T1566.002,Spearphishing Link,D3-LFP,Local File Permissions,respond,Isolate,1,File,0.25,artifact_cooccurrence,respond
T1566.003,Spearphishing via Service,D3-LFP,Local File Permissions,respond,Isolate,1,File,0.25,artifact_cooccurrence,respond
T1566,Phishing,D3-LFP,Local File Permissions,respond,Isolate,1,File,0.25,artifact_cooccurrence,respond
T1573.002,Asymmetric Cryptography,D3-LFP,Local File Permissions,respond,Isolate,1,File,0.25,artifact_cooccurrence,respond
T1573,Encrypted Channel,D3-LFP,Local File Permissions,respond,Isolate,1,File,0.25,artifact_cooccurrence,respond
T1574.001,DLL,D3-LFP,Local File Permissions,respond,Isolate,1,File,0.25,artifact_cooccurrence,respond
T1574.002,DLL Side-Loading,D3-LFP,Local File Permissions,respond,Isolate,1,File,0.25,artifact_cooccurrence,respond
T1574.004,Dylib Hijacking,D3-LFP,Local File Permissions,respond,Isolate,1,File,0.25,artifact_cooccurrence,respond
T1574.006,Dynamic Linker Hijacking,D3-LFP,Local File Permissions,respond,Isolate,1,File,0.25,artifact_cooccurrence,respond
T1574.007,Path Interception by PATH Environment Variable,D3-LFP,Local File Permissions,respond,Isolate,1,File,0.25,artifact_cooccurrence,respond
T1574.008,Path Interception by Search Order Hijacking,D3-LFP,Local File Permissions,respond,Isolate,1,File,0.25,artifact_cooccurrence,respond
T1574.009,Path Interception by Unquoted Path,D3-LFP,Local File Permissions,respond,Isolate,1,File,0.25,artifact_cooccurrence,respond
T1574.012,COR_PROFILER,D3-LFP,Local File Permissions,respond,Isolate,1,File,0.25,artifact_cooccurrence,respond
T1574,Hijack Execution Flow,D3-LFP,Local File Permissions,respond,Isolate,1,File,0.25,artifact_cooccurrence,respond
T1619,Cloud Storage Object Discovery,D3-LFP,Local File Permissions,respond,Isolate,2,Directory|File,0.25,artifact_cooccurrence,respond
T1649,Steal or Forge Authentication Certificates,D3-LFP,Local File Permissions,respond,Isolate,1,File,0.25,artifact_cooccurrence,respond
T1078.001,Default Accounts,D3-UAP,User Account Permissions,respond,Isolate,1,User Account,0.25,artifact_cooccurrence,respond
T1078.002,Domain Accounts,D3-UAP,User Account Permissions,respond,Isolate,1,User Account,0.25,artifact_cooccurrence,respond
T1078.003,Local Accounts,D3-UAP,User Account Permissions,respond,Isolate,1,User Account,0.25,artifact_cooccurrence,respond
T1078.004,Cloud Accounts,D3-UAP,User Account Permissions,respond,Isolate,1,User Account,0.25,artifact_cooccurrence,respond
T1078,Valid Accounts,D3-UAP,User Account Permissions,respond,Isolate,1,User Account,0.25,artifact_cooccurrence,respond
T1087.001,Local Account,D3-UAP,User Account Permissions,respond,Isolate,1,User Account,0.25,artifact_cooccurrence,respond
T1087.002,Domain Account,D3-UAP,User Account Permissions,respond,Isolate,1,User Account,0.25,artifact_cooccurrence,respond
T1087.004,Cloud Account,D3-UAP,User Account Permissions,respond,Isolate,1,User Account,0.25,artifact_cooccurrence,respond
T1087,Account Discovery,D3-UAP,User Account Permissions,respond,Isolate,1,User Account,0.25,artifact_cooccurrence,respond
T1098.001,Additional Cloud Credentials,D3-UAP,User Account Permissions,respond,Isolate,1,User Account,0.25,artifact_cooccurrence,respond
T1098.002,Additional Email Delegate Permissions,D3-UAP,User Account Permissions,respond,Isolate,1,User Account,0.25,artifact_cooccurrence,respond
T1098.003,Additional Cloud Roles,D3-UAP,User Account Permissions,respond,Isolate,1,User Account,0.25,artifact_cooccurrence,respond
T1098.004,SSH Authorized Keys,D3-UAP,User Account Permissions,respond,Isolate,1,User Account,0.25,artifact_cooccurrence,respond
T1098.005,Device Registration,D3-UAP,User Account Permissions,respond,Isolate,1,User Account,0.25,artifact_cooccurrence,respond
T1098.006,Additional Container Cluster Roles,D3-UAP,User Account Permissions,respond,Isolate,1,User Account,0.25,artifact_cooccurrence,respond
T1098.007,Additional Local or Domain Groups,D3-UAP,User Account Permissions,respond,Isolate,1,User Account,0.25,artifact_cooccurrence,respond
T1098,Account Manipulation,D3-UAP,User Account Permissions,respond,Isolate,1,User Account,0.25,artifact_cooccurrence,respond
T1136.001,Local Account,D3-UAP,User Account Permissions,respond,Isolate,1,User Account,0.25,artifact_cooccurrence,respond
T1136.002,Domain Account,D3-UAP,User Account Permissions,respond,Isolate,1,User Account,0.25,artifact_cooccurrence,respond
T1136.003,Cloud Account,D3-UAP,User Account Permissions,respond,Isolate,1,User Account,0.25,artifact_cooccurrence,respond
T1136,Create Account,D3-UAP,User Account Permissions,respond,Isolate,1,User Account,0.25,artifact_cooccurrence,respond
T1531,Account Access Removal,D3-UAP,User Account Permissions,respond,Isolate,1,User Account,0.25,artifact_cooccurrence,respond
T1548.005,Temporary Elevated Cloud Access,D3-UAP,User Account Permissions,respond,Isolate,1,User Account,0.25,artifact_cooccurrence,respond
T1548,Abuse Elevation Control Mechanism,D3-UAP,User Account Permissions,respond,Isolate,1,User Account,0.25,artifact_cooccurrence,respond
T1003.002,Security Account Manager,D3-CQ,Content Quarantine,respond,Isolate,1,Database Record,0.25,artifact_cooccurrence,respond
T1003.004,LSA Secrets,D3-CQ,Content Quarantine,respond,Isolate,1,Database Record,0.25,artifact_cooccurrence,respond
T1003.007,Proc Filesystem,D3-CQ,Content Quarantine,respond,Isolate,1,File,0.25,artifact_cooccurrence,respond
T1003.008,/etc/passwd and /etc/shadow,D3-CQ,Content Quarantine,respond,Isolate,2,Database Record|File,0.25,artifact_cooccurrence,respond
T1003,OS Credential Dumping,D3-CQ,Content Quarantine,respond,Isolate,2,Database Record|File,0.25,artifact_cooccurrence,respond
T1005,Data from Local System,D3-CQ,Content Quarantine,respond,Isolate,1,File,0.25,artifact_cooccurrence,respond
T1012,Query Registry,D3-CQ,Content Quarantine,respond,Isolate,1,Database Record,0.25,artifact_cooccurrence,respond
T1014,Rootkit,D3-CQ,Content Quarantine,respond,Isolate,1,File,0.25,artifact_cooccurrence,respond
T1016.001,Internet Connection Discovery,D3-CQ,Content Quarantine,respond,Isolate,1,File,0.25,artifact_cooccurrence,respond
T1016.002,Wi-Fi Discovery,D3-CQ,Content Quarantine,respond,Isolate,1,File,0.25,artifact_cooccurrence,respond
T1016,System Network Configuration Discovery,D3-CQ,Content Quarantine,respond,Isolate,1,File,0.25,artifact_cooccurrence,respond
T1018,Remote System Discovery,D3-CQ,Content Quarantine,respond,Isolate,1,File,0.25,artifact_cooccurrence,respond
T1027.001,Binary Padding,D3-CQ,Content Quarantine,respond,Isolate,1,File,0.25,artifact_cooccurrence,respond
T1027.002,Software Packing,D3-CQ,Content Quarantine,respond,Isolate,1,File,0.25,artifact_cooccurrence,respond
T1027.004,Compile After Delivery,D3-CQ,Content Quarantine,respond,Isolate,1,File,0.25,artifact_cooccurrence,respond
T1027,Obfuscated Files or Information,D3-CQ,Content Quarantine,respond,Isolate,1,File,0.25,artifact_cooccurrence,respond
T1033,System Owner/User Discovery,D3-CQ,Content Quarantine,respond,Isolate,2,Database Record|File,0.25,artifact_cooccurrence,respond
T1036.001,Invalid Code Signature,D3-CQ,Content Quarantine,respond,Isolate,1,File,0.25,artifact_cooccurrence,respond
T1036.003,Rename Legitimate Utilities,D3-CQ,Content Quarantine,respond,Isolate,1,File,0.25,artifact_cooccurrence,respond
T1036.005,Match Legitimate Resource Name or Location,D3-CQ,Content Quarantine,respond,Isolate,1,File,0.25,artifact_cooccurrence,respond
T1036.006,Space after Filename,D3-CQ,Content Quarantine,respond,Isolate,1,File,0.25,artifact_cooccurrence,respond
T1036,Masquerading,D3-CQ,Content Quarantine,respond,Isolate,1,File,0.25,artifact_cooccurrence,respond
T1037.001,Logon Script (Windows),D3-CQ,Content Quarantine,respond,Isolate,1,File,0.25,artifact_cooccurrence,respond
T1037.002,Login Hook,D3-CQ,Content Quarantine,respond,Isolate,1,File,0.25,artifact_cooccurrence,respond
T1037.003,Network Logon Script,D3-CQ,Content Quarantine,respond,Isolate,1,File,0.25,artifact_cooccurrence,respond
T1037.004,RC Scripts,D3-CQ,Content Quarantine,respond,Isolate,1,File,0.25,artifact_cooccurrence,respond
T1037.005,Startup Items,D3-CQ,Content Quarantine,respond,Isolate,1,File,0.25,artifact_cooccurrence,respond
T1037,Boot or Logon Initialization Scripts,D3-CQ,Content Quarantine,respond,Isolate,1,File,0.25,artifact_cooccurrence,respond
T1041,Exfiltration Over C2 Channel,D3-CQ,Content Quarantine,respond,Isolate,1,File,0.25,artifact_cooccurrence,respond
T1048.002,Exfiltration Over Asymmetric Encrypted Non-C2 Protocol,D3-CQ,Content Quarantine,respond,Isolate,1,File,0.25,artifact_cooccurrence,respond
T1048,Exfiltration Over Alternative Protocol,D3-CQ,Content Quarantine,respond,Isolate,1,File,0.25,artifact_cooccurrence,respond
T1053.004,Launchd,D3-CQ,Content Quarantine,respond,Isolate,1,File,0.25,artifact_cooccurrence,respond
T1053,Scheduled Task/Job,D3-CQ,Content Quarantine,respond,Isolate,1,File,0.25,artifact_cooccurrence,respond
T1055.001,Dynamic-link Library Injection,D3-CQ,Content Quarantine,respond,Isolate,1,File,0.25,artifact_cooccurrence,respond
T1055.002,Portable Executable Injection,D3-CQ,Content Quarantine,respond,Isolate,1,File,0.25,artifact_cooccurrence,respond
T1055.003,Thread Execution Hijacking,D3-CQ,Content Quarantine,respond,Isolate,1,File,0.25,artifact_cooccurrence,respond
T1055.009,Proc Memory,D3-CQ,Content Quarantine,respond,Isolate,1,File,0.25,artifact_cooccurrence,respond
T1055.014,VDSO Hijacking,D3-CQ,Content Quarantine,respond,Isolate,1,File,0.25,artifact_cooccurrence,respond
T1055,Process Injection,D3-CQ,Content Quarantine,respond,Isolate,1,File,0.25,artifact_cooccurrence,respond
T1059.001,PowerShell,D3-CQ,Content Quarantine,respond,Isolate,1,File,0.25,artifact_cooccurrence,respond
T1059.002,AppleScript,D3-CQ,Content Quarantine,respond,Isolate,1,File,0.25,artifact_cooccurrence,respond
T1059.003,Windows Command Shell,D3-CQ,Content Quarantine,respond,Isolate,1,File,0.25,artifact_cooccurrence,respond
T1059.004,Unix Shell,D3-CQ,Content Quarantine,respond,Isolate,1,File,0.25,artifact_cooccurrence,respond
T1059.005,Visual Basic,D3-CQ,Content Quarantine,respond,Isolate,1,File,0.25,artifact_cooccurrence,respond
T1059.006,Python,D3-CQ,Content Quarantine,respond,Isolate,1,File,0.25,artifact_cooccurrence,respond
T1059.007,JavaScript,D3-CQ,Content Quarantine,respond,Isolate,1,File,0.25,artifact_cooccurrence,respond
T1059.008,Network Device CLI,D3-CQ,Content Quarantine,respond,Isolate,1,File,0.25,artifact_cooccurrence,respond
T1059.009,Cloud API,D3-CQ,Content Quarantine,respond,Isolate,1,File,0.25,artifact_cooccurrence,respond
T1059.010,AutoHotKey &amp; AutoIT,D3-CQ,Content Quarantine,respond,Isolate,1,File,0.25,artifact_cooccurrence,respond
T1059.011,Lua,D3-CQ,Content Quarantine,respond,Isolate,1,File,0.25,artifact_cooccurrence,respond
T1059.012,Hypervisor CLI,D3-CQ,Content Quarantine,respond,Isolate,1,File,0.25,artifact_cooccurrence,respond
T1059.013,Container CLI/API,D3-CQ,Content Quarantine,respond,Isolate,1,File,0.25,artifact_cooccurrence,respond
T1059,Command and Scripting Interpreter,D3-CQ,Content Quarantine,respond,Isolate,1,File,0.25,artifact_cooccurrence,respond
T1070.002,Clear Linux or Mac System Logs,D3-CQ,Content Quarantine,respond,Isolate,1,File,0.25,artifact_cooccurrence,respond
T1070.004,File Deletion,D3-CQ,Content Quarantine,respond,Isolate,1,File,0.25,artifact_cooccurrence,respond
T1070,Indicator Removal,D3-CQ,Content Quarantine,respond,Isolate,1,File,0.25,artifact_cooccurrence,respond
T1071.001,Web Protocols,D3-CQ,Content Quarantine,respond,Isolate,1,File,0.25,artifact_cooccurrence,respond
T1071.002,File Transfer Protocols,D3-CQ,Content Quarantine,respond,Isolate,1,File,0.25,artifact_cooccurrence,respond
T1071.003,Mail Protocols,D3-CQ,Content Quarantine,respond,Isolate,1,File,0.25,artifact_cooccurrence,respond
T1071.004,DNS,D3-CQ,Content Quarantine,respond,Isolate,1,File,0.25,artifact_cooccurrence,respond
T1071.005,Publish/Subscribe Protocols,D3-CQ,Content Quarantine,respond,Isolate,1,File,0.25,artifact_cooccurrence,respond
T1071,Application Layer Protocol,D3-CQ,Content Quarantine,respond,Isolate,1,File,0.25,artifact_cooccurrence,respond
T1072,Software Deployment Tools,D3-CQ,Content Quarantine,respond,Isolate,1,File,0.25,artifact_cooccurrence,respond
T1074.001,Local Data Staging,D3-CQ,Content Quarantine,respond,Isolate,1,File,0.25,artifact_cooccurrence,respond
T1074,Data Staged,D3-CQ,Content Quarantine,respond,Isolate,1,File,0.25,artifact_cooccurrence,respond
T1083,File and Directory Discovery,D3-CQ,Content Quarantine,respond,Isolate,1,File,0.25,artifact_cooccurrence,respond
T1112,Modify Registry,D3-CQ,Content Quarantine,respond,Isolate,1,Database Record,0.25,artifact_cooccurrence,respond
T1114.001,Local Email Collection,D3-CQ,Content Quarantine,respond,Isolate,1,File,0.25,artifact_cooccurrence,respond
T1114,Email Collection,D3-CQ,Content Quarantine,respond,Isolate,1,File,0.25,artifact_cooccurrence,respond
T1119,Automated Collection,D3-CQ,Content Quarantine,respond,Isolate,1,File,0.25,artifact_cooccurrence,respond
T1127.001,MSBuild,D3-CQ,Content Quarantine,respond,Isolate,1,File,0.25,artifact_cooccurrence,respond
T1127,Trusted Developer Utilities Proxy Execution,D3-CQ,Content Quarantine,respond,Isolate,1,File,0.25,artifact_cooccurrence,respond
T1137.001,Office Template Macros,D3-CQ,Content Quarantine,respond,Isolate,2,Database Record|File,0.25,artifact_cooccurrence,respond
T1137.002,Office Test,D3-CQ,Content Quarantine,respond,Isolate,1,Database Record,0.25,artifact_cooccurrence,respond
T1137.003,Outlook Forms,D3-CQ,Content Quarantine,respond,Isolate,1,File,0.25,artifact_cooccurrence,respond
T1137.006,Add-ins,D3-CQ,Content Quarantine,respond,Isolate,1,Database Record,0.25,artifact_cooccurrence,respond
T1137,Office Application Startup,D3-CQ,Content Quarantine,respond,Isolate,2,Database Record|File,0.25,artifact_cooccurrence,respond
T1140,Deobfuscate/Decode Files or Information,D3-CQ,Content Quarantine,respond,Isolate,1,File,0.25,artifact_cooccurrence,respond
T1187,Forced Authentication,D3-CQ,Content Quarantine,respond,Isolate,1,File,0.25,artifact_cooccurrence,respond
T1197,BITS Jobs,D3-CQ,Content Quarantine,respond,Isolate,1,File,0.25,artifact_cooccurrence,respond
T1204.002,Malicious File,D3-CQ,Content Quarantine,respond,Isolate,1,File,0.25,artifact_cooccurrence,respond
T1204,User Execution,D3-CQ,Content Quarantine,respond,Isolate,1,File,0.25,artifact_cooccurrence,respond
T1207,Rogue Domain Controller,D3-CQ,Content Quarantine,respond,Isolate,1,Database Record,0.25,artifact_cooccurrence,respond
T1213.001,Confluence,D3-CQ,Content Quarantine,respond,Isolate,1,File,0.25,artifact_cooccurrence,respond
T1213.002,Sharepoint,D3-CQ,Content Quarantine,respond,Isolate,1,File,0.25,artifact_cooccurrence,respond
T1213.003,Code Repositories,D3-CQ,Content Quarantine,respond,Isolate,1,Database Record,0.25,artifact_cooccurrence,respond
T1213,Data from Information Repositories,D3-CQ,Content Quarantine,respond,Isolate,2,Database Record|File,0.25,artifact_cooccurrence,respond
T1218.002,Control Panel,D3-CQ,Content Quarantine,respond,Isolate,1,Database Record,0.25,artifact_cooccurrence,respond
T1218.005,Mshta,D3-CQ,Content Quarantine,respond,Isolate,1,File,0.25,artifact_cooccurrence,respond
T1218.011,Rundll32,D3-CQ,Content Quarantine,respond,Isolate,1,File,0.25,artifact_cooccurrence,respond
T1218.014,MMC,D3-CQ,Content Quarantine,respond,Isolate,1,Database Record,0.25,artifact_cooccurrence,respond
T1218,System Binary Proxy Execution,D3-CQ,Content Quarantine,respond,Isolate,2,Database Record|File,0.25,artifact_cooccurrence,respond
T1220,XSL Script Processing,D3-CQ,Content Quarantine,respond,Isolate,1,File,0.25,artifact_cooccurrence,respond
T1486,Data Encrypted for Impact,D3-CQ,Content Quarantine,respond,Isolate,1,File,0.25,artifact_cooccurrence,respond
T1505.003,Web Shell,D3-CQ,Content Quarantine,respond,Isolate,1,File,0.25,artifact_cooccurrence,respond
T1505,Server Software Component,D3-CQ,Content Quarantine,respond,Isolate,1,File,0.25,artifact_cooccurrence,respond
T1518.001,Security Software Discovery,D3-CQ,Content Quarantine,respond,Isolate,1,Database Record,0.25,artifact_cooccurrence,respond
T1518,Software Discovery,D3-CQ,Content Quarantine,respond,Isolate,1,Database Record,0.25,artifact_cooccurrence,respond
T1534,Internal Spearphishing,D3-CQ,Content Quarantine,respond,Isolate,1,File,0.25,artifact_cooccurrence,respond
T1543.001,Launch Agent,D3-CQ,Content Quarantine,respond,Isolate,1,File,0.25,artifact_cooccurrence,respond
T1543.002,Systemd Service,D3-CQ,Content Quarantine,respond,Isolate,1,File,0.25,artifact_cooccurrence,respond
T1543.003,Windows Service,D3-CQ,Content Quarantine,respond,Isolate,1,Database Record,0.25,artifact_cooccurrence,respond
T1543.004,Launch Daemon,D3-CQ,Content Quarantine,respond,Isolate,1,File,0.25,artifact_cooccurrence,respond
T1543,Create or Modify System Process,D3-CQ,Content Quarantine,respond,Isolate,2,Database Record|File,0.25,artifact_cooccurrence,respond
T1546.001,Change Default File Association,D3-CQ,Content Quarantine,respond,Isolate,1,Database Record,0.25,artifact_cooccurrence,respond
T1546.002,Screensaver,D3-CQ,Content Quarantine,respond,Isolate,2,Database Record|File,0.25,artifact_cooccurrence,respond
T1546.004,Unix Shell Configuration Modification,D3-CQ,Content Quarantine,respond,Isolate,1,File,0.25,artifact_cooccurrence,respond
T1546.005,Trap,D3-CQ,Content Quarantine,respond,Isolate,1,File,0.25,artifact_cooccurrence,respond
T1546.006,LC_LOAD_DYLIB Addition,D3-CQ,Content Quarantine,respond,Isolate,1,File,0.25,artifact_cooccurrence,respond
T1546.007,Netsh Helper DLL,D3-CQ,Content Quarantine,respond,Isolate,1,Database Record,0.25,artifact_cooccurrence,respond
T1546.008,Accessibility Features,D3-CQ,Content Quarantine,respond,Isolate,2,Database Record|File,0.25,artifact_cooccurrence,respond
T1546.009,AppCert DLLs,D3-CQ,Content Quarantine,respond,Isolate,2,Database Record|File,0.25,artifact_cooccurrence,respond
T1546.010,AppInit DLLs,D3-CQ,Content Quarantine,respond,Isolate,2,Database Record|File,0.25,artifact_cooccurrence,respond
T1546.012,Image File Execution Options Injection,D3-CQ,Content Quarantine,respond,Isolate,1,Database Record,0.25,artifact_cooccurrence,respond
T1546.013,PowerShell Profile,D3-CQ,Content Quarantine,respond,Isolate,1,File,0.25,artifact_cooccurrence,respond
T1546.014,Emond,D3-CQ,Content Quarantine,respond,Isolate,1,File,0.25,artifact_cooccurrence,respond
T1546.015,Component Object Model Hijacking,D3-CQ,Content Quarantine,respond,Isolate,2,Database Record|File,0.25,artifact_cooccurrence,respond
T1546,Event Triggered Execution,D3-CQ,Content Quarantine,respond,Isolate,2,Database Record|File,0.25,artifact_cooccurrence,respond
T1547.001,Registry Run Keys / Startup Folder,D3-CQ,Content Quarantine,respond,Isolate,2,Database Record|File,0.25,artifact_cooccurrence,respond
T1547.002,Authentication Package,D3-CQ,Content Quarantine,respond,Isolate,1,Database Record,0.25,artifact_cooccurrence,respond
T1547.003,Time Providers,D3-CQ,Content Quarantine,respond,Isolate,1,Database Record,0.25,artifact_cooccurrence,respond
T1547.004,Winlogon Helper DLL,D3-CQ,Content Quarantine,respond,Isolate,1,Database Record,0.25,artifact_cooccurrence,respond
T1547.005,Security Support Provider,D3-CQ,Content Quarantine,respond,Isolate,1,Database Record,0.25,artifact_cooccurrence,respond
T1547.006,Kernel Modules and Extensions,D3-CQ,Content Quarantine,respond,Isolate,1,File,0.25,artifact_cooccurrence,respond
T1547.007,Re-opened Applications,D3-CQ,Content Quarantine,respond,Isolate,1,File,0.25,artifact_cooccurrence,respond
T1547.008,LSASS Driver,D3-CQ,Content Quarantine,respond,Isolate,1,File,0.25,artifact_cooccurrence,respond
T1547.009,Shortcut Modification,D3-CQ,Content Quarantine,respond,Isolate,1,File,0.25,artifact_cooccurrence,respond
T1547.010,Port Monitors,D3-CQ,Content Quarantine,respond,Isolate,1,Database Record,0.25,artifact_cooccurrence,respond
T1547.011,Plist Modification,D3-CQ,Content Quarantine,respond,Isolate,1,File,0.25,artifact_cooccurrence,respond
T1547,Boot or Logon Autostart Execution,D3-CQ,Content Quarantine,respond,Isolate,2,Database Record|File,0.25,artifact_cooccurrence,respond
T1548.002,Bypass User Account Control,D3-CQ,Content Quarantine,respond,Isolate,2,Database Record|File,0.25,artifact_cooccurrence,respond
T1548.003,Sudo and Sudo Caching,D3-CQ,Content Quarantine,respond,Isolate,1,File,0.25,artifact_cooccurrence,respond
T1548.004,Elevated Execution with Prompt,D3-CQ,Content Quarantine,respond,Isolate,1,Database Record,0.25,artifact_cooccurrence,respond
T1548,Abuse Elevation Control Mechanism,D3-CQ,Content Quarantine,respond,Isolate,2,Database Record|File,0.25,artifact_cooccurrence,respond
T1552.001,Credentials In Files,D3-CQ,Content Quarantine,respond,Isolate,1,File,0.25,artifact_cooccurrence,respond
T1552.002,Credentials in Registry,D3-CQ,Content Quarantine,respond,Isolate,1,Database Record,0.25,artifact_cooccurrence,respond
T1552.003,Shell History,D3-CQ,Content Quarantine,respond,Isolate,1,File,0.25,artifact_cooccurrence,respond
T1552,Unsecured Credentials,D3-CQ,Content Quarantine,respond,Isolate,2,Database Record|File,0.25,artifact_cooccurrence,respond
T1553.003,SIP and Trust Provider Hijacking,D3-CQ,Content Quarantine,respond,Isolate,1,Database Record,0.25,artifact_cooccurrence,respond
T1553,Subvert Trust Controls,D3-CQ,Content Quarantine,respond,Isolate,1,Database Record,0.25,artifact_cooccurrence,respond
T1555.001,Keychain,D3-CQ,Content Quarantine,respond,Isolate,2,Database Record|File,0.25,artifact_cooccurrence,respond
T1555.002,Securityd Memory,D3-CQ,Content Quarantine,respond,Isolate,2,Database Record|File,0.25,artifact_cooccurrence,respond
T1555.003,Credentials from Web Browsers,D3-CQ,Content Quarantine,respond,Isolate,2,Database Record|File,0.25,artifact_cooccurrence,respond
T1555.004,Windows Credential Manager,D3-CQ,Content Quarantine,respond,Isolate,2,Database Record|File,0.25,artifact_cooccurrence,respond
T1555.005,Password Managers,D3-CQ,Content Quarantine,respond,Isolate,2,Database Record|File,0.25,artifact_cooccurrence,respond
T1555.006,Cloud Secrets Management Stores,D3-CQ,Content Quarantine,respond,Isolate,2,Database Record|File,0.25,artifact_cooccurrence,respond
T1555,Credentials from Password Stores,D3-CQ,Content Quarantine,respond,Isolate,2,Database Record|File,0.25,artifact_cooccurrence,respond
T1556.002,Password Filter DLL,D3-CQ,Content Quarantine,respond,Isolate,2,Database Record|File,0.25,artifact_cooccurrence,respond
T1556.003,Pluggable Authentication Modules,D3-CQ,Content Quarantine,respond,Isolate,1,File,0.25,artifact_cooccurrence,respond
T1556,Modify Authentication Process,D3-CQ,Content Quarantine,respond,Isolate,2,Database Record|File,0.25,artifact_cooccurrence,respond
T1560.001,Archive via Utility,D3-CQ,Content Quarantine,respond,Isolate,1,File,0.25,artifact_cooccurrence,respond
T1560.002,Archive via Library,D3-CQ,Content Quarantine,respond,Isolate,1,File,0.25,artifact_cooccurrence,respond
T1560.003,Archive via Custom Method,D3-CQ,Content Quarantine,respond,Isolate,1,File,0.25,artifact_cooccurrence,respond
T1560,Archive Collected Data,D3-CQ,Content Quarantine,respond,Isolate,1,File,0.25,artifact_cooccurrence,respond
T1562.003,Impair Command History Logging,D3-CQ,Content Quarantine,respond,Isolate,2,Database Record|File,0.25,artifact_cooccurrence,respond
T1562.009,Safe Mode Boot,D3-CQ,Content Quarantine,respond,Isolate,1,Database Record,0.25,artifact_cooccurrence,respond
T1562,Impair Defenses,D3-CQ,Content Quarantine,respond,Isolate,2,Database Record|File,0.25,artifact_cooccurrence,respond
T1564.002,Hidden Users,D3-CQ,Content Quarantine,respond,Isolate,1,File,0.25,artifact_cooccurrence,respond
T1564.003,Hidden Window,D3-CQ,Content Quarantine,respond,Isolate,2,Database Record|File,0.25,artifact_cooccurrence,respond
T1564.005,Hidden File System,D3-CQ,Content Quarantine,respond,Isolate,2,Database Record|File,0.25,artifact_cooccurrence,respond
T1564.006,Run Virtual Instance,D3-CQ,Content Quarantine,respond,Isolate,1,File,0.25,artifact_cooccurrence,respond
T1564.007,VBA Stomping,D3-CQ,Content Quarantine,respond,Isolate,1,File,0.25,artifact_cooccurrence,respond
T1564,Hide Artifacts,D3-CQ,Content Quarantine,respond,Isolate,2,Database Record|File,0.25,artifact_cooccurrence,respond
T1565.001,Stored Data Manipulation,D3-CQ,Content Quarantine,respond,Isolate,1,File,0.25,artifact_cooccurrence,respond
T1565.003,Runtime Data Manipulation,D3-CQ,Content Quarantine,respond,Isolate,1,File,0.25,artifact_cooccurrence,respond
T1565,Data Manipulation,D3-CQ,Content Quarantine,respond,Isolate,1,File,0.25,artifact_cooccurrence,respond
T1566.001,Spearphishing Attachment,D3-CQ,Content Quarantine,respond,Isolate,1,File,0.25,artifact_cooccurrence,respond
T1566.002,Spearphishing Link,D3-CQ,Content Quarantine,respond,Isolate,1,File,0.25,artifact_cooccurrence,respond
T1566.003,Spearphishing via Service,D3-CQ,Content Quarantine,respond,Isolate,1,File,0.25,artifact_cooccurrence,respond
T1566,Phishing,D3-CQ,Content Quarantine,respond,Isolate,1,File,0.25,artifact_cooccurrence,respond
T1573.002,Asymmetric Cryptography,D3-CQ,Content Quarantine,respond,Isolate,1,File,0.25,artifact_cooccurrence,respond
T1573,Encrypted Channel,D3-CQ,Content Quarantine,respond,Isolate,1,File,0.25,artifact_cooccurrence,respond
T1574.001,DLL,D3-CQ,Content Quarantine,respond,Isolate,1,File,0.25,artifact_cooccurrence,respond
T1574.002,DLL Side-Loading,D3-CQ,Content Quarantine,respond,Isolate,1,File,0.25,artifact_cooccurrence,respond
T1574.004,Dylib Hijacking,D3-CQ,Content Quarantine,respond,Isolate,1,File,0.25,artifact_cooccurrence,respond
T1574.006,Dynamic Linker Hijacking,D3-CQ,Content Quarantine,respond,Isolate,1,File,0.25,artifact_cooccurrence,respond
T1574.007,Path Interception by PATH Environment Variable,D3-CQ,Content Quarantine,respond,Isolate,1,File,0.25,artifact_cooccurrence,respond
T1574.008,Path Interception by Search Order Hijacking,D3-CQ,Content Quarantine,respond,Isolate,1,File,0.25,artifact_cooccurrence,respond
T1574.009,Path Interception by Unquoted Path,D3-CQ,Content Quarantine,respond,Isolate,1,File,0.25,artifact_cooccurrence,respond
T1574.011,Services Registry Permissions Weakness,D3-CQ,Content Quarantine,respond,Isolate,1,Database Record,0.25,artifact_cooccurrence,respond
T1574.012,COR_PROFILER,D3-CQ,Content Quarantine,respond,Isolate,2,Database Record|File,0.25,artifact_cooccurrence,respond
T1574,Hijack Execution Flow,D3-CQ,Content Quarantine,respond,Isolate,2,Database Record|File,0.25,artifact_cooccurrence,respond
T1614.001,System Language Discovery,D3-CQ,Content Quarantine,respond,Isolate,1,Database Record,0.25,artifact_cooccurrence,respond
T1614,System Location Discovery,D3-CQ,Content Quarantine,respond,Isolate,1,Database Record,0.25,artifact_cooccurrence,respond
T1619,Cloud Storage Object Discovery,D3-CQ,Content Quarantine,respond,Isolate,1,File,0.25,artifact_cooccurrence,respond
T1649,Steal or Forge Authentication Certificates,D3-CQ,Content Quarantine,respond,Isolate,1,File,0.25,artifact_cooccurrence,respond
T1003.001,LSASS Memory,D3-ABPI,Application-based Process Isolation,respond,Isolate,1,Process,0.25,artifact_cooccurrence,respond
T1003.002,Security Account Manager,D3-ABPI,Application-based Process Isolation,respond,Isolate,1,Process,0.25,artifact_cooccurrence,respond
T1003.004,LSA Secrets,D3-ABPI,Application-based Process Isolation,respond,Isolate,1,Process,0.25,artifact_cooccurrence,respond
T1003,OS Credential Dumping,D3-ABPI,Application-based Process Isolation,respond,Isolate,1,Process,0.25,artifact_cooccurrence,respond
T1014,Rootkit,D3-ABPI,Application-based Process Isolation,respond,Isolate,1,Subroutine,0.25,artifact_cooccurrence,respond
T1016.001,Internet Connection Discovery,D3-ABPI,Application-based Process Isolation,respond,Isolate,1,Subroutine,0.25,artifact_cooccurrence,respond
T1016.002,Wi-Fi Discovery,D3-ABPI,Application-based Process Isolation,respond,Isolate,1,Subroutine,0.25,artifact_cooccurrence,respond
T1016,System Network Configuration Discovery,D3-ABPI,Application-based Process Isolation,respond,Isolate,1,Subroutine,0.25,artifact_cooccurrence,respond
T1027.001,Binary Padding,D3-ABPI,Application-based Process Isolation,respond,Isolate,1,Subroutine,0.25,artifact_cooccurrence,respond
T1027.002,Software Packing,D3-ABPI,Application-based Process Isolation,respond,Isolate,1,Subroutine,0.25,artifact_cooccurrence,respond
T1027.004,Compile After Delivery,D3-ABPI,Application-based Process Isolation,respond,Isolate,1,Subroutine,0.25,artifact_cooccurrence,respond
T1027,Obfuscated Files or Information,D3-ABPI,Application-based Process Isolation,respond,Isolate,1,Subroutine,0.25,artifact_cooccurrence,respond
T1033,System Owner/User Discovery,D3-ABPI,Application-based Process Isolation,respond,Isolate,1,Process,0.25,artifact_cooccurrence,respond
T1036.001,Invalid Code Signature,D3-ABPI,Application-based Process Isolation,respond,Isolate,1,Subroutine,0.25,artifact_cooccurrence,respond
T1036.003,Rename Legitimate Utilities,D3-ABPI,Application-based Process Isolation,respond,Isolate,1,Subroutine,0.25,artifact_cooccurrence,respond
T1036,Masquerading,D3-ABPI,Application-based Process Isolation,respond,Isolate,1,Subroutine,0.25,artifact_cooccurrence,respond
T1037.001,Logon Script (Windows),D3-ABPI,Application-based Process Isolation,respond,Isolate,1,Subroutine,0.25,artifact_cooccurrence,respond
T1037.002,Login Hook,D3-ABPI,Application-based Process Isolation,respond,Isolate,1,Subroutine,0.25,artifact_cooccurrence,respond
T1037.003,Network Logon Script,D3-ABPI,Application-based Process Isolation,respond,Isolate,1,Subroutine,0.25,artifact_cooccurrence,respond
T1037.004,RC Scripts,D3-ABPI,Application-based Process Isolation,respond,Isolate,1,Subroutine,0.25,artifact_cooccurrence,respond
T1037,Boot or Logon Initialization Scripts,D3-ABPI,Application-based Process Isolation,respond,Isolate,1,Subroutine,0.25,artifact_cooccurrence,respond
T1053.001,At (Linux) Execution,D3-ABPI,Application-based Process Isolation,respond,Isolate,1,Process,0.25,artifact_cooccurrence,respond
T1053.002,At,D3-ABPI,Application-based Process Isolation,respond,Isolate,1,Process,0.25,artifact_cooccurrence,respond
T1053.003,Cron,D3-ABPI,Application-based Process Isolation,respond,Isolate,1,Process,0.25,artifact_cooccurrence,respond
T1053.004,Launchd,D3-ABPI,Application-based Process Isolation,respond,Isolate,1,Process,0.25,artifact_cooccurrence,respond
T1053.005,Scheduled Task,D3-ABPI,Application-based Process Isolation,respond,Isolate,1,Process,0.25,artifact_cooccurrence,respond
T1053.006,Systemd Timers,D3-ABPI,Application-based Process Isolation,respond,Isolate,1,Process,0.25,artifact_cooccurrence,respond
T1053.007,Container Orchestration Job,D3-ABPI,Application-based Process Isolation,respond,Isolate,1,Process,0.25,artifact_cooccurrence,respond
T1053,Scheduled Task/Job,D3-ABPI,Application-based Process Isolation,respond,Isolate,1,Process,0.25,artifact_cooccurrence,respond
T1055.003,Thread Execution Hijacking,D3-ABPI,Application-based Process Isolation,respond,Isolate,1,Subroutine,0.25,artifact_cooccurrence,respond
T1055.012,Process Hollowing,D3-ABPI,Application-based Process Isolation,respond,Isolate,1,Subroutine,0.25,artifact_cooccurrence,respond
T1055,Process Injection,D3-ABPI,Application-based Process Isolation,respond,Isolate,1,Subroutine,0.25,artifact_cooccurrence,respond
T1056.003,Web Portal Capture,D3-ABPI,Application-based Process Isolation,respond,Isolate,1,Subroutine,0.25,artifact_cooccurrence,respond
T1056.004,Credential API Hooking,D3-ABPI,Application-based Process Isolation,respond,Isolate,1,Subroutine,0.25,artifact_cooccurrence,respond
T1056,Input Capture,D3-ABPI,Application-based Process Isolation,respond,Isolate,1,Subroutine,0.25,artifact_cooccurrence,respond
T1059.001,PowerShell,D3-ABPI,Application-based Process Isolation,respond,Isolate,1,Subroutine,0.25,artifact_cooccurrence,respond
T1059.002,AppleScript,D3-ABPI,Application-based Process Isolation,respond,Isolate,1,Subroutine,0.25,artifact_cooccurrence,respond
T1059.003,Windows Command Shell,D3-ABPI,Application-based Process Isolation,respond,Isolate,1,Subroutine,0.25,artifact_cooccurrence,respond
T1059.004,Unix Shell,D3-ABPI,Application-based Process Isolation,respond,Isolate,1,Subroutine,0.25,artifact_cooccurrence,respond
T1059.005,Visual Basic,D3-ABPI,Application-based Process Isolation,respond,Isolate,1,Subroutine,0.25,artifact_cooccurrence,respond
T1059.006,Python,D3-ABPI,Application-based Process Isolation,respond,Isolate,1,Subroutine,0.25,artifact_cooccurrence,respond
T1059.007,JavaScript,D3-ABPI,Application-based Process Isolation,respond,Isolate,1,Subroutine,0.25,artifact_cooccurrence,respond
T1059.008,Network Device CLI,D3-ABPI,Application-based Process Isolation,respond,Isolate,1,Subroutine,0.25,artifact_cooccurrence,respond
T1059.009,Cloud API,D3-ABPI,Application-based Process Isolation,respond,Isolate,1,Subroutine,0.25,artifact_cooccurrence,respond
T1059.010,AutoHotKey &amp; AutoIT,D3-ABPI,Application-based Process Isolation,respond,Isolate,1,Subroutine,0.25,artifact_cooccurrence,respond
T1059.011,Lua,D3-ABPI,Application-based Process Isolation,respond,Isolate,1,Subroutine,0.25,artifact_cooccurrence,respond
T1059.012,Hypervisor CLI,D3-ABPI,Application-based Process Isolation,respond,Isolate,1,Subroutine,0.25,artifact_cooccurrence,respond
T1059.013,Container CLI/API,D3-ABPI,Application-based Process Isolation,respond,Isolate,1,Subroutine,0.25,artifact_cooccurrence,respond
T1059,Command and Scripting Interpreter,D3-ABPI,Application-based Process Isolation,respond,Isolate,1,Subroutine,0.25,artifact_cooccurrence,respond
T1068,Exploitation for Privilege Escalation,D3-ABPI,Application-based Process Isolation,respond,Isolate,1,Subroutine,0.25,artifact_cooccurrence,respond
T1072,Software Deployment Tools,D3-ABPI,Application-based Process Isolation,respond,Isolate,1,Subroutine,0.25,artifact_cooccurrence,respond
T1127.001,MSBuild,D3-ABPI,Application-based Process Isolation,respond,Isolate,1,Subroutine,0.25,artifact_cooccurrence,respond
T1127,Trusted Developer Utilities Proxy Execution,D3-ABPI,Application-based Process Isolation,respond,Isolate,1,Subroutine,0.25,artifact_cooccurrence,respond
T1137.001,Office Template Macros,D3-ABPI,Application-based Process Isolation,respond,Isolate,1,Subroutine,0.25,artifact_cooccurrence,respond
T1137.006,Add-ins,D3-ABPI,Application-based Process Isolation,respond,Isolate,1,Subroutine,0.25,artifact_cooccurrence,respond
T1137,Office Application Startup,D3-ABPI,Application-based Process Isolation,respond,Isolate,1,Subroutine,0.25,artifact_cooccurrence,respond
T1140,Deobfuscate/Decode Files or Information,D3-ABPI,Application-based Process Isolation,respond,Isolate,1,Subroutine,0.25,artifact_cooccurrence,respond
T1176.001,Browser Extensions,D3-ABPI,Application-based Process Isolation,respond,Isolate,1,Subroutine,0.25,artifact_cooccurrence,respond
T1176.002,IDE Extensions,D3-ABPI,Application-based Process Isolation,respond,Isolate,1,Subroutine,0.25,artifact_cooccurrence,respond
T1176,Software Extensions,D3-ABPI,Application-based Process Isolation,respond,Isolate,1,Subroutine,0.25,artifact_cooccurrence,respond
T1195.001,Compromise Software Dependencies and Development Tools,D3-ABPI,Application-based Process Isolation,respond,Isolate,1,Subroutine,0.25,artifact_cooccurrence,respond
T1195.002,Compromise Software Supply Chain,D3-ABPI,Application-based Process Isolation,respond,Isolate,1,Subroutine,0.25,artifact_cooccurrence,respond
T1195,Supply Chain Compromise,D3-ABPI,Application-based Process Isolation,respond,Isolate,1,Subroutine,0.25,artifact_cooccurrence,respond
T1203,Exploitation for Client Execution,D3-ABPI,Application-based Process Isolation,respond,Isolate,1,Subroutine,0.25,artifact_cooccurrence,respond
T1204.002,Malicious File,D3-ABPI,Application-based Process Isolation,respond,Isolate,1,Subroutine,0.25,artifact_cooccurrence,respond
T1204,User Execution,D3-ABPI,Application-based Process Isolation,respond,Isolate,1,Subroutine,0.25,artifact_cooccurrence,respond
T1210,Exploitation of Remote Services,D3-ABPI,Application-based Process Isolation,respond,Isolate,1,Subroutine,0.25,artifact_cooccurrence,respond
T1211,Exploitation for Defense Evasion,D3-ABPI,Application-based Process Isolation,respond,Isolate,1,Subroutine,0.25,artifact_cooccurrence,respond
T1212,Exploitation for Credential Access,D3-ABPI,Application-based Process Isolation,respond,Isolate,2,Process|Subroutine,0.25,artifact_cooccurrence,respond
T1218.014,MMC,D3-ABPI,Application-based Process Isolation,respond,Isolate,1,Subroutine,0.25,artifact_cooccurrence,respond
T1218,System Binary Proxy Execution,D3-ABPI,Application-based Process Isolation,respond,Isolate,1,Subroutine,0.25,artifact_cooccurrence,respond
T1220,XSL Script Processing,D3-ABPI,Application-based Process Isolation,respond,Isolate,1,Subroutine,0.25,artifact_cooccurrence,respond
T1490,Inhibit System Recovery,D3-ABPI,Application-based Process Isolation,respond,Isolate,1,Subroutine,0.25,artifact_cooccurrence,respond
T1497.003,Time Based Checks,D3-ABPI,Application-based Process Isolation,respond,Isolate,1,Subroutine,0.25,artifact_cooccurrence,respond
T1497,Virtualization/Sandbox Evasion,D3-ABPI,Application-based Process Isolation,respond,Isolate,1,Subroutine,0.25,artifact_cooccurrence,respond
T1505.001,SQL Stored Procedures,D3-ABPI,Application-based Process Isolation,respond,Isolate,1,Subroutine,0.25,artifact_cooccurrence,respond
T1505.002,Transport Agent,D3-ABPI,Application-based Process Isolation,respond,Isolate,1,Process,0.25,artifact_cooccurrence,respond
T1505.003,Web Shell,D3-ABPI,Application-based Process Isolation,respond,Isolate,2,Process|Subroutine,0.25,artifact_cooccurrence,respond
T1505.004,IIS Components,D3-ABPI,Application-based Process Isolation,respond,Isolate,1,Subroutine,0.25,artifact_cooccurrence,respond
T1505,Server Software Component,D3-ABPI,Application-based Process Isolation,respond,Isolate,2,Process|Subroutine,0.25,artifact_cooccurrence,respond
T1542.001,System Firmware,D3-ABPI,Application-based Process Isolation,respond,Isolate,1,Subroutine,0.25,artifact_cooccurrence,respond
T1542.002,Component Firmware,D3-ABPI,Application-based Process Isolation,respond,Isolate,1,Subroutine,0.25,artifact_cooccurrence,respond
T1542.003,Bootkit,D3-ABPI,Application-based Process Isolation,respond,Isolate,1,Subroutine,0.25,artifact_cooccurrence,respond
T1542.004,ROMMONkit,D3-ABPI,Application-based Process Isolation,respond,Isolate,1,Subroutine,0.25,artifact_cooccurrence,respond
T1542,Pre-OS Boot,D3-ABPI,Application-based Process Isolation,respond,Isolate,1,Subroutine,0.25,artifact_cooccurrence,respond
T1546.002,Screensaver,D3-ABPI,Application-based Process Isolation,respond,Isolate,1,Subroutine,0.25,artifact_cooccurrence,respond
T1546.005,Trap,D3-ABPI,Application-based Process Isolation,respond,Isolate,1,Subroutine,0.25,artifact_cooccurrence,respond
T1546.006,LC_LOAD_DYLIB Addition,D3-ABPI,Application-based Process Isolation,respond,Isolate,1,Subroutine,0.25,artifact_cooccurrence,respond
T1546.007,Netsh Helper DLL,D3-ABPI,Application-based Process Isolation,respond,Isolate,1,Process,0.25,artifact_cooccurrence,respond
T1546.008,Accessibility Features,D3-ABPI,Application-based Process Isolation,respond,Isolate,1,Subroutine,0.25,artifact_cooccurrence,respond
T1546.011,Application Shimming,D3-ABPI,Application-based Process Isolation,respond,Isolate,1,Subroutine,0.25,artifact_cooccurrence,respond
T1546.013,PowerShell Profile,D3-ABPI,Application-based Process Isolation,respond,Isolate,1,Subroutine,0.25,artifact_cooccurrence,respond
T1546.015,Component Object Model Hijacking,D3-ABPI,Application-based Process Isolation,respond,Isolate,1,Subroutine,0.25,artifact_cooccurrence,respond
T1546,Event Triggered Execution,D3-ABPI,Application-based Process Isolation,respond,Isolate,2,Process|Subroutine,0.25,artifact_cooccurrence,respond
T1547.001,Registry Run Keys / Startup Folder,D3-ABPI,Application-based Process Isolation,respond,Isolate,1,Subroutine,0.25,artifact_cooccurrence,respond
T1547.008,LSASS Driver,D3-ABPI,Application-based Process Isolation,respond,Isolate,1,Subroutine,0.25,artifact_cooccurrence,respond
T1547.009,Shortcut Modification,D3-ABPI,Application-based Process Isolation,respond,Isolate,1,Subroutine,0.25,artifact_cooccurrence,respond
T1547,Boot or Logon Autostart Execution,D3-ABPI,Application-based Process Isolation,respond,Isolate,1,Subroutine,0.25,artifact_cooccurrence,respond
T1548.002,Bypass User Account Control,D3-ABPI,Application-based Process Isolation,respond,Isolate,1,Subroutine,0.25,artifact_cooccurrence,respond
T1548,Abuse Elevation Control Mechanism,D3-ABPI,Application-based Process Isolation,respond,Isolate,1,Subroutine,0.25,artifact_cooccurrence,respond
T1550.001,Application Access Token,D3-ABPI,Application-based Process Isolation,respond,Isolate,1,Process,0.25,artifact_cooccurrence,respond
T1550.002,Pass the Hash,D3-ABPI,Application-based Process Isolation,respond,Isolate,1,Process,0.25,artifact_cooccurrence,respond
T1550.003,Pass the Ticket,D3-ABPI,Application-based Process Isolation,respond,Isolate,1,Process,0.25,artifact_cooccurrence,respond
T1550.004,Web Session Cookie,D3-ABPI,Application-based Process Isolation,respond,Isolate,1,Process,0.25,artifact_cooccurrence,respond
T1550,Use Alternate Authentication Material,D3-ABPI,Application-based Process Isolation,respond,Isolate,1,Process,0.25,artifact_cooccurrence,respond
T1554,Compromise Host Software Binary,D3-ABPI,Application-based Process Isolation,respond,Isolate,1,Subroutine,0.25,artifact_cooccurrence,respond
T1556.001,Domain Controller Authentication,D3-ABPI,Application-based Process Isolation,respond,Isolate,1,Process,0.25,artifact_cooccurrence,respond
T1556.002,Password Filter DLL,D3-ABPI,Application-based Process Isolation,respond,Isolate,1,Process,0.25,artifact_cooccurrence,respond
T1556.003,Pluggable Authentication Modules,D3-ABPI,Application-based Process Isolation,respond,Isolate,1,Process,0.25,artifact_cooccurrence,respond
T1556.004,Network Device Authentication,D3-ABPI,Application-based Process Isolation,respond,Isolate,1,Process,0.25,artifact_cooccurrence,respond
T1556.005,Reversible Encryption,D3-ABPI,Application-based Process Isolation,respond,Isolate,1,Process,0.25,artifact_cooccurrence,respond
T1556.006,Multi-Factor Authentication,D3-ABPI,Application-based Process Isolation,respond,Isolate,1,Process,0.25,artifact_cooccurrence,respond
T1556.007,Hybrid Identity,D3-ABPI,Application-based Process Isolation,respond,Isolate,1,Process,0.25,artifact_cooccurrence,respond
T1556.008,Network Provider DLL,D3-ABPI,Application-based Process Isolation,respond,Isolate,1,Process,0.25,artifact_cooccurrence,respond
T1556.009,Conditional Access Policies,D3-ABPI,Application-based Process Isolation,respond,Isolate,1,Process,0.25,artifact_cooccurrence,respond
T1556,Modify Authentication Process,D3-ABPI,Application-based Process Isolation,respond,Isolate,1,Process,0.25,artifact_cooccurrence,respond
T1562.001,Disable or Modify Tools,D3-ABPI,Application-based Process Isolation,respond,Isolate,1,Process,0.25,artifact_cooccurrence,respond
T1562.003,Impair Command History Logging,D3-ABPI,Application-based Process Isolation,respond,Isolate,1,Subroutine,0.25,artifact_cooccurrence,respond
T1562,Impair Defenses,D3-ABPI,Application-based Process Isolation,respond,Isolate,2,Process|Subroutine,0.25,artifact_cooccurrence,respond
T1564.006,Run Virtual Instance,D3-ABPI,Application-based Process Isolation,respond,Isolate,1,Subroutine,0.25,artifact_cooccurrence,respond
T1564,Hide Artifacts,D3-ABPI,Application-based Process Isolation,respond,Isolate,1,Subroutine,0.25,artifact_cooccurrence,respond
T1565.003,Runtime Data Manipulation,D3-ABPI,Application-based Process Isolation,respond,Isolate,1,Subroutine,0.25,artifact_cooccurrence,respond
T1565,Data Manipulation,D3-ABPI,Application-based Process Isolation,respond,Isolate,1,Subroutine,0.25,artifact_cooccurrence,respond
T1574.005,Executable Installer File Permissions Weakness,D3-ABPI,Application-based Process Isolation,respond,Isolate,1,Subroutine,0.25,artifact_cooccurrence,respond
T1574.007,Path Interception by PATH Environment Variable,D3-ABPI,Application-based Process Isolation,respond,Isolate,1,Subroutine,0.25,artifact_cooccurrence,respond
T1574.008,Path Interception by Search Order Hijacking,D3-ABPI,Application-based Process Isolation,respond,Isolate,1,Subroutine,0.25,artifact_cooccurrence,respond
T1574.009,Path Interception by Unquoted Path,D3-ABPI,Application-based Process Isolation,respond,Isolate,1,Subroutine,0.25,artifact_cooccurrence,respond
T1574.010,Services File Permissions Weakness,D3-ABPI,Application-based Process Isolation,respond,Isolate,1,Subroutine,0.25,artifact_cooccurrence,respond
T1574,Hijack Execution Flow,D3-ABPI,Application-based Process Isolation,respond,Isolate,1,Subroutine,0.25,artifact_cooccurrence,respond
T1621,Multi-Factor Authentication Request Generation,D3-ABPI,Application-based Process Isolation,respond,Isolate,1,Process,0.25,artifact_cooccurrence,respond
T1649,Steal or Forge Authentication Certificates,D3-ABPI,Application-based Process Isolation,respond,Isolate,1,Subroutine,0.25,artifact_cooccurrence,respond
T1007,System Service Discovery,D3-EAL,Executable Allowlisting,respond,Isolate,1,Create Process,0.25,artifact_cooccurrence,respond
T1010,Application Window Discovery,D3-EAL,Executable Allowlisting,respond,Isolate,1,Create Process,0.25,artifact_cooccurrence,respond
T1014,Rootkit,D3-EAL,Executable Allowlisting,respond,Isolate,1,Executable File,0.25,artifact_cooccurrence,respond
T1016.001,Internet Connection Discovery,D3-EAL,Executable Allowlisting,respond,Isolate,2,Create Process|Executable File,0.25,artifact_cooccurrence,respond
T1016.002,Wi-Fi Discovery,D3-EAL,Executable Allowlisting,respond,Isolate,2,Create Process|Executable File,0.25,artifact_cooccurrence,respond
T1016,System Network Configuration Discovery,D3-EAL,Executable Allowlisting,respond,Isolate,2,Create Process|Executable File,0.25,artifact_cooccurrence,respond
T1018,Remote System Discovery,D3-EAL,Executable Allowlisting,respond,Isolate,1,Create Process,0.25,artifact_cooccurrence,respond
T1027.001,Binary Padding,D3-EAL,Executable Allowlisting,respond,Isolate,1,Executable File,0.25,artifact_cooccurrence,respond
T1027.002,Software Packing,D3-EAL,Executable Allowlisting,respond,Isolate,1,Executable File,0.25,artifact_cooccurrence,respond
T1027.004,Compile After Delivery,D3-EAL,Executable Allowlisting,respond,Isolate,1,Executable File,0.25,artifact_cooccurrence,respond
T1027,Obfuscated Files or Information,D3-EAL,Executable Allowlisting,respond,Isolate,1,Executable File,0.25,artifact_cooccurrence,respond
T1033,System Owner/User Discovery,D3-EAL,Executable Allowlisting,respond,Isolate,1,Create Process,0.25,artifact_cooccurrence,respond
T1036.001,Invalid Code Signature,D3-EAL,Executable Allowlisting,respond,Isolate,1,Executable File,0.25,artifact_cooccurrence,respond
T1036.003,Rename Legitimate Utilities,D3-EAL,Executable Allowlisting,respond,Isolate,1,Executable File,0.25,artifact_cooccurrence,respond
T1036,Masquerading,D3-EAL,Executable Allowlisting,respond,Isolate,1,Executable File,0.25,artifact_cooccurrence,respond
T1037.001,Logon Script (Windows),D3-EAL,Executable Allowlisting,respond,Isolate,1,Executable File,0.25,artifact_cooccurrence,respond
T1037.002,Login Hook,D3-EAL,Executable Allowlisting,respond,Isolate,1,Executable File,0.25,artifact_cooccurrence,respond
T1037.003,Network Logon Script,D3-EAL,Executable Allowlisting,respond,Isolate,1,Executable File,0.25,artifact_cooccurrence,respond
T1037.004,RC Scripts,D3-EAL,Executable Allowlisting,respond,Isolate,1,Executable File,0.25,artifact_cooccurrence,respond
T1037,Boot or Logon Initialization Scripts,D3-EAL,Executable Allowlisting,respond,Isolate,1,Executable File,0.25,artifact_cooccurrence,respond
T1047,Windows Management Instrumentation,D3-EAL,Executable Allowlisting,respond,Isolate,1,Create Process,0.25,artifact_cooccurrence,respond
T1053.001,At (Linux) Execution,D3-EAL,Executable Allowlisting,respond,Isolate,1,Create Process,0.25,artifact_cooccurrence,respond
T1053.002,At,D3-EAL,Executable Allowlisting,respond,Isolate,1,Create Process,0.25,artifact_cooccurrence,respond
T1053.003,Cron,D3-EAL,Executable Allowlisting,respond,Isolate,1,Create Process,0.25,artifact_cooccurrence,respond
T1053.004,Launchd,D3-EAL,Executable Allowlisting,respond,Isolate,1,Create Process,0.25,artifact_cooccurrence,respond
T1053.005,Scheduled Task,D3-EAL,Executable Allowlisting,respond,Isolate,1,Create Process,0.25,artifact_cooccurrence,respond
T1053.006,Systemd Timers,D3-EAL,Executable Allowlisting,respond,Isolate,1,Create Process,0.25,artifact_cooccurrence,respond
T1053.007,Container Orchestration Job,D3-EAL,Executable Allowlisting,respond,Isolate,1,Create Process,0.25,artifact_cooccurrence,respond
T1053,Scheduled Task/Job,D3-EAL,Executable Allowlisting,respond,Isolate,1,Create Process,0.25,artifact_cooccurrence,respond
T1055.003,Thread Execution Hijacking,D3-EAL,Executable Allowlisting,respond,Isolate,1,Executable File,0.25,artifact_cooccurrence,respond
T1055.004,Asynchronous Procedure Call,D3-EAL,Executable Allowlisting,respond,Isolate,1,Create Process,0.25,artifact_cooccurrence,respond
T1055.013,Process Doppelgnging,D3-EAL,Executable Allowlisting,respond,Isolate,1,Create Process,0.25,artifact_cooccurrence,respond
T1055,Process Injection,D3-EAL,Executable Allowlisting,respond,Isolate,2,Create Process|Executable File,0.25,artifact_cooccurrence,respond
T1056.003,Web Portal Capture,D3-EAL,Executable Allowlisting,respond,Isolate,1,Executable File,0.25,artifact_cooccurrence,respond
T1056,Input Capture,D3-EAL,Executable Allowlisting,respond,Isolate,1,Executable File,0.25,artifact_cooccurrence,respond
T1057,Process Discovery,D3-EAL,Executable Allowlisting,respond,Isolate,1,Create Process,0.25,artifact_cooccurrence,respond
T1059.001,PowerShell,D3-EAL,Executable Allowlisting,respond,Isolate,1,Executable File,0.25,artifact_cooccurrence,respond
T1059.002,AppleScript,D3-EAL,Executable Allowlisting,respond,Isolate,1,Executable File,0.25,artifact_cooccurrence,respond
T1059.003,Windows Command Shell,D3-EAL,Executable Allowlisting,respond,Isolate,1,Executable File,0.25,artifact_cooccurrence,respond
T1059.004,Unix Shell,D3-EAL,Executable Allowlisting,respond,Isolate,1,Executable File,0.25,artifact_cooccurrence,respond
T1059.005,Visual Basic,D3-EAL,Executable Allowlisting,respond,Isolate,1,Executable File,0.25,artifact_cooccurrence,respond
T1059.006,Python,D3-EAL,Executable Allowlisting,respond,Isolate,1,Executable File,0.25,artifact_cooccurrence,respond
T1059.007,JavaScript,D3-EAL,Executable Allowlisting,respond,Isolate,1,Executable File,0.25,artifact_cooccurrence,respond
T1059.008,Network Device CLI,D3-EAL,Executable Allowlisting,respond,Isolate,1,Executable File,0.25,artifact_cooccurrence,respond
T1059.009,Cloud API,D3-EAL,Executable Allowlisting,respond,Isolate,1,Executable File,0.25,artifact_cooccurrence,respond
T1059.010,AutoHotKey &amp; AutoIT,D3-EAL,Executable Allowlisting,respond,Isolate,1,Executable File,0.25,artifact_cooccurrence,respond
T1059.011,Lua,D3-EAL,Executable Allowlisting,respond,Isolate,1,Executable File,0.25,artifact_cooccurrence,respond
T1059.012,Hypervisor CLI,D3-EAL,Executable Allowlisting,respond,Isolate,1,Executable File,0.25,artifact_cooccurrence,respond
T1059.013,Container CLI/API,D3-EAL,Executable Allowlisting,respond,Isolate,1,Executable File,0.25,artifact_cooccurrence,respond
T1059,Command and Scripting Interpreter,D3-EAL,Executable Allowlisting,respond,Isolate,1,Executable File,0.25,artifact_cooccurrence,respond
T1072,Software Deployment Tools,D3-EAL,Executable Allowlisting,respond,Isolate,1,Executable File,0.25,artifact_cooccurrence,respond
T1082,System Information Discovery,D3-EAL,Executable Allowlisting,respond,Isolate,1,Create Process,0.25,artifact_cooccurrence,respond
T1124,System Time Discovery,D3-EAL,Executable Allowlisting,respond,Isolate,1,Create Process,0.25,artifact_cooccurrence,respond
T1127.001,MSBuild,D3-EAL,Executable Allowlisting,respond,Isolate,1,Executable File,0.25,artifact_cooccurrence,respond
T1127,Trusted Developer Utilities Proxy Execution,D3-EAL,Executable Allowlisting,respond,Isolate,1,Executable File,0.25,artifact_cooccurrence,respond
T1134.004,Parent PID Spoofing,D3-EAL,Executable Allowlisting,respond,Isolate,1,Create Process,0.25,artifact_cooccurrence,respond
T1134,Access Token Manipulation,D3-EAL,Executable Allowlisting,respond,Isolate,1,Create Process,0.25,artifact_cooccurrence,respond
T1137.001,Office Template Macros,D3-EAL,Executable Allowlisting,respond,Isolate,1,Executable File,0.25,artifact_cooccurrence,respond
T1137.006,Add-ins,D3-EAL,Executable Allowlisting,respond,Isolate,1,Executable File,0.25,artifact_cooccurrence,respond
T1137,Office Application Startup,D3-EAL,Executable Allowlisting,respond,Isolate,1,Executable File,0.25,artifact_cooccurrence,respond
T1140,Deobfuscate/Decode Files or Information,D3-EAL,Executable Allowlisting,respond,Isolate,2,Create Process|Executable File,0.25,artifact_cooccurrence,respond
T1176.001,Browser Extensions,D3-EAL,Executable Allowlisting,respond,Isolate,1,Executable File,0.25,artifact_cooccurrence,respond
T1176.002,IDE Extensions,D3-EAL,Executable Allowlisting,respond,Isolate,1,Executable File,0.25,artifact_cooccurrence,respond
T1176,Software Extensions,D3-EAL,Executable Allowlisting,respond,Isolate,1,Executable File,0.25,artifact_cooccurrence,respond
T1195.001,Compromise Software Dependencies and Development Tools,D3-EAL,Executable Allowlisting,respond,Isolate,1,Executable File,0.25,artifact_cooccurrence,respond
T1195.002,Compromise Software Supply Chain,D3-EAL,Executable Allowlisting,respond,Isolate,1,Executable File,0.25,artifact_cooccurrence,respond
T1195,Supply Chain Compromise,D3-EAL,Executable Allowlisting,respond,Isolate,1,Executable File,0.25,artifact_cooccurrence,respond
T1204.002,Malicious File,D3-EAL,Executable Allowlisting,respond,Isolate,1,Executable File,0.25,artifact_cooccurrence,respond
T1204,User Execution,D3-EAL,Executable Allowlisting,respond,Isolate,1,Executable File,0.25,artifact_cooccurrence,respond
T1212,Exploitation for Credential Access,D3-EAL,Executable Allowlisting,respond,Isolate,1,Executable File,0.25,artifact_cooccurrence,respond
T1218.001,Compiled HTML File,D3-EAL,Executable Allowlisting,respond,Isolate,1,Create Process,0.25,artifact_cooccurrence,respond
T1218.002,Control Panel,D3-EAL,Executable Allowlisting,respond,Isolate,1,Create Process,0.25,artifact_cooccurrence,respond
T1218.003,CMSTP,D3-EAL,Executable Allowlisting,respond,Isolate,1,Create Process,0.25,artifact_cooccurrence,respond
T1218.005,Mshta,D3-EAL,Executable Allowlisting,respond,Isolate,1,Create Process,0.25,artifact_cooccurrence,respond
T1218.011,Rundll32,D3-EAL,Executable Allowlisting,respond,Isolate,1,Create Process,0.25,artifact_cooccurrence,respond
T1218.014,MMC,D3-EAL,Executable Allowlisting,respond,Isolate,1,Executable File,0.25,artifact_cooccurrence,respond
T1218,System Binary Proxy Execution,D3-EAL,Executable Allowlisting,respond,Isolate,2,Create Process|Executable File,0.25,artifact_cooccurrence,respond
T1220,XSL Script Processing,D3-EAL,Executable Allowlisting,respond,Isolate,2,Create Process|Executable File,0.25,artifact_cooccurrence,respond
T1490,Inhibit System Recovery,D3-EAL,Executable Allowlisting,respond,Isolate,1,Executable File,0.25,artifact_cooccurrence,respond
T1497.003,Time Based Checks,D3-EAL,Executable Allowlisting,respond,Isolate,1,Executable File,0.25,artifact_cooccurrence,respond
T1497,Virtualization/Sandbox Evasion,D3-EAL,Executable Allowlisting,respond,Isolate,1,Executable File,0.25,artifact_cooccurrence,respond
T1505.001,SQL Stored Procedures,D3-EAL,Executable Allowlisting,respond,Isolate,2,Create Process|Executable File,0.25,artifact_cooccurrence,respond
T1505.003,Web Shell,D3-EAL,Executable Allowlisting,respond,Isolate,1,Executable File,0.25,artifact_cooccurrence,respond
T1505.004,IIS Components,D3-EAL,Executable Allowlisting,respond,Isolate,1,Executable File,0.25,artifact_cooccurrence,respond
T1505,Server Software Component,D3-EAL,Executable Allowlisting,respond,Isolate,2,Create Process|Executable File,0.25,artifact_cooccurrence,respond
T1542.001,System Firmware,D3-EAL,Executable Allowlisting,respond,Isolate,1,Executable File,0.25,artifact_cooccurrence,respond
T1542.002,Component Firmware,D3-EAL,Executable Allowlisting,respond,Isolate,1,Executable File,0.25,artifact_cooccurrence,respond
T1542.003,Bootkit,D3-EAL,Executable Allowlisting,respond,Isolate,1,Executable File,0.25,artifact_cooccurrence,respond
T1542.004,ROMMONkit,D3-EAL,Executable Allowlisting,respond,Isolate,1,Executable File,0.25,artifact_cooccurrence,respond
T1542,Pre-OS Boot,D3-EAL,Executable Allowlisting,respond,Isolate,1,Executable File,0.25,artifact_cooccurrence,respond
T1546.002,Screensaver,D3-EAL,Executable Allowlisting,respond,Isolate,1,Executable File,0.25,artifact_cooccurrence,respond
T1546.005,Trap,D3-EAL,Executable Allowlisting,respond,Isolate,1,Executable File,0.25,artifact_cooccurrence,respond
T1546.006,LC_LOAD_DYLIB Addition,D3-EAL,Executable Allowlisting,respond,Isolate,1,Executable File,0.25,artifact_cooccurrence,respond
T1546.008,Accessibility Features,D3-EAL,Executable Allowlisting,respond,Isolate,1,Executable File,0.25,artifact_cooccurrence,respond
T1546.009,AppCert DLLs,D3-EAL,Executable Allowlisting,respond,Isolate,1,Create Process,0.25,artifact_cooccurrence,respond
T1546.010,AppInit DLLs,D3-EAL,Executable Allowlisting,respond,Isolate,1,Create Process,0.25,artifact_cooccurrence,respond
T1546.011,Application Shimming,D3-EAL,Executable Allowlisting,respond,Isolate,1,Executable File,0.25,artifact_cooccurrence,respond
T1546.013,PowerShell Profile,D3-EAL,Executable Allowlisting,respond,Isolate,1,Executable File,0.25,artifact_cooccurrence,respond
T1546.015,Component Object Model Hijacking,D3-EAL,Executable Allowlisting,respond,Isolate,1,Executable File,0.25,artifact_cooccurrence,respond
T1546,Event Triggered Execution,D3-EAL,Executable Allowlisting,respond,Isolate,2,Create Process|Executable File,0.25,artifact_cooccurrence,respond
T1547.001,Registry Run Keys / Startup Folder,D3-EAL,Executable Allowlisting,respond,Isolate,1,Executable File,0.25,artifact_cooccurrence,respond
T1547.008,LSASS Driver,D3-EAL,Executable Allowlisting,respond,Isolate,1,Executable File,0.25,artifact_cooccurrence,respond
T1547.009,Shortcut Modification,D3-EAL,Executable Allowlisting,respond,Isolate,1,Executable File,0.25,artifact_cooccurrence,respond
T1547,Boot or Logon Autostart Execution,D3-EAL,Executable Allowlisting,respond,Isolate,1,Executable File,0.25,artifact_cooccurrence,respond
T1548.002,Bypass User Account Control,D3-EAL,Executable Allowlisting,respond,Isolate,2,Create Process|Executable File,0.25,artifact_cooccurrence,respond
T1548,Abuse Elevation Control Mechanism,D3-EAL,Executable Allowlisting,respond,Isolate,2,Create Process|Executable File,0.25,artifact_cooccurrence,respond
T1554,Compromise Host Software Binary,D3-EAL,Executable Allowlisting,respond,Isolate,1,Executable File,0.25,artifact_cooccurrence,respond
T1562.003,Impair Command History Logging,D3-EAL,Executable Allowlisting,respond,Isolate,1,Executable File,0.25,artifact_cooccurrence,respond
T1562,Impair Defenses,D3-EAL,Executable Allowlisting,respond,Isolate,1,Executable File,0.25,artifact_cooccurrence,respond
T1564.006,Run Virtual Instance,D3-EAL,Executable Allowlisting,respond,Isolate,1,Executable File,0.25,artifact_cooccurrence,respond
T1564,Hide Artifacts,D3-EAL,Executable Allowlisting,respond,Isolate,1,Executable File,0.25,artifact_cooccurrence,respond
T1565.003,Runtime Data Manipulation,D3-EAL,Executable Allowlisting,respond,Isolate,1,Executable File,0.25,artifact_cooccurrence,respond
T1565,Data Manipulation,D3-EAL,Executable Allowlisting,respond,Isolate,1,Executable File,0.25,artifact_cooccurrence,respond
T1574.005,Executable Installer File Permissions Weakness,D3-EAL,Executable Allowlisting,respond,Isolate,1,Executable File,0.25,artifact_cooccurrence,respond
T1574.007,Path Interception by PATH Environment Variable,D3-EAL,Executable Allowlisting,respond,Isolate,1,Executable File,0.25,artifact_cooccurrence,respond
T1574.008,Path Interception by Search Order Hijacking,D3-EAL,Executable Allowlisting,respond,Isolate,1,Executable File,0.25,artifact_cooccurrence,respond
T1574.009,Path Interception by Unquoted Path,D3-EAL,Executable Allowlisting,respond,Isolate,1,Executable File,0.25,artifact_cooccurrence,respond
T1574.010,Services File Permissions Weakness,D3-EAL,Executable Allowlisting,respond,Isolate,1,Executable File,0.25,artifact_cooccurrence,respond
T1574,Hijack Execution Flow,D3-EAL,Executable Allowlisting,respond,Isolate,1,Executable File,0.25,artifact_cooccurrence,respond
T1649,Steal or Forge Authentication Certificates,D3-EAL,Executable Allowlisting,respond,Isolate,1,Executable File,0.25,artifact_cooccurrence,respond
T1007,System Service Discovery,D3-EDL,Executable Denylisting,respond,Isolate,1,Create Process,0.25,artifact_cooccurrence,respond
T1010,Application Window Discovery,D3-EDL,Executable Denylisting,respond,Isolate,1,Create Process,0.25,artifact_cooccurrence,respond
T1014,Rootkit,D3-EDL,Executable Denylisting,respond,Isolate,1,Executable File,0.25,artifact_cooccurrence,respond
T1016.001,Internet Connection Discovery,D3-EDL,Executable Denylisting,respond,Isolate,2,Create Process|Executable File,0.25,artifact_cooccurrence,respond
T1016.002,Wi-Fi Discovery,D3-EDL,Executable Denylisting,respond,Isolate,2,Create Process|Executable File,0.25,artifact_cooccurrence,respond
T1016,System Network Configuration Discovery,D3-EDL,Executable Denylisting,respond,Isolate,2,Create Process|Executable File,0.25,artifact_cooccurrence,respond
T1018,Remote System Discovery,D3-EDL,Executable Denylisting,respond,Isolate,1,Create Process,0.25,artifact_cooccurrence,respond
T1027.001,Binary Padding,D3-EDL,Executable Denylisting,respond,Isolate,1,Executable File,0.25,artifact_cooccurrence,respond
T1027.002,Software Packing,D3-EDL,Executable Denylisting,respond,Isolate,1,Executable File,0.25,artifact_cooccurrence,respond
T1027.004,Compile After Delivery,D3-EDL,Executable Denylisting,respond,Isolate,1,Executable File,0.25,artifact_cooccurrence,respond
T1027,Obfuscated Files or Information,D3-EDL,Executable Denylisting,respond,Isolate,1,Executable File,0.25,artifact_cooccurrence,respond
T1033,System Owner/User Discovery,D3-EDL,Executable Denylisting,respond,Isolate,1,Create Process,0.25,artifact_cooccurrence,respond
T1036.001,Invalid Code Signature,D3-EDL,Executable Denylisting,respond,Isolate,1,Executable File,0.25,artifact_cooccurrence,respond
T1036.003,Rename Legitimate Utilities,D3-EDL,Executable Denylisting,respond,Isolate,1,Executable File,0.25,artifact_cooccurrence,respond
T1036,Masquerading,D3-EDL,Executable Denylisting,respond,Isolate,1,Executable File,0.25,artifact_cooccurrence,respond
T1037.001,Logon Script (Windows),D3-EDL,Executable Denylisting,respond,Isolate,1,Executable File,0.25,artifact_cooccurrence,respond
T1037.002,Login Hook,D3-EDL,Executable Denylisting,respond,Isolate,1,Executable File,0.25,artifact_cooccurrence,respond
T1037.003,Network Logon Script,D3-EDL,Executable Denylisting,respond,Isolate,1,Executable File,0.25,artifact_cooccurrence,respond
T1037.004,RC Scripts,D3-EDL,Executable Denylisting,respond,Isolate,1,Executable File,0.25,artifact_cooccurrence,respond
T1037,Boot or Logon Initialization Scripts,D3-EDL,Executable Denylisting,respond,Isolate,1,Executable File,0.25,artifact_cooccurrence,respond
T1047,Windows Management Instrumentation,D3-EDL,Executable Denylisting,respond,Isolate,1,Create Process,0.25,artifact_cooccurrence,respond
T1053.001,At (Linux) Execution,D3-EDL,Executable Denylisting,respond,Isolate,1,Create Process,0.25,artifact_cooccurrence,respond
T1053.002,At,D3-EDL,Executable Denylisting,respond,Isolate,1,Create Process,0.25,artifact_cooccurrence,respond
T1053.003,Cron,D3-EDL,Executable Denylisting,respond,Isolate,1,Create Process,0.25,artifact_cooccurrence,respond
T1053.004,Launchd,D3-EDL,Executable Denylisting,respond,Isolate,1,Create Process,0.25,artifact_cooccurrence,respond
T1053.005,Scheduled Task,D3-EDL,Executable Denylisting,respond,Isolate,1,Create Process,0.25,artifact_cooccurrence,respond
T1053.006,Systemd Timers,D3-EDL,Executable Denylisting,respond,Isolate,1,Create Process,0.25,artifact_cooccurrence,respond
T1053.007,Container Orchestration Job,D3-EDL,Executable Denylisting,respond,Isolate,1,Create Process,0.25,artifact_cooccurrence,respond
T1053,Scheduled Task/Job,D3-EDL,Executable Denylisting,respond,Isolate,1,Create Process,0.25,artifact_cooccurrence,respond
T1055.003,Thread Execution Hijacking,D3-EDL,Executable Denylisting,respond,Isolate,1,Executable File,0.25,artifact_cooccurrence,respond
T1055.004,Asynchronous Procedure Call,D3-EDL,Executable Denylisting,respond,Isolate,1,Create Process,0.25,artifact_cooccurrence,respond
T1055.013,Process Doppelgnging,D3-EDL,Executable Denylisting,respond,Isolate,1,Create Process,0.25,artifact_cooccurrence,respond
T1055,Process Injection,D3-EDL,Executable Denylisting,respond,Isolate,2,Create Process|Executable File,0.25,artifact_cooccurrence,respond
T1056.003,Web Portal Capture,D3-EDL,Executable Denylisting,respond,Isolate,1,Executable File,0.25,artifact_cooccurrence,respond
T1056,Input Capture,D3-EDL,Executable Denylisting,respond,Isolate,1,Executable File,0.25,artifact_cooccurrence,respond
T1057,Process Discovery,D3-EDL,Executable Denylisting,respond,Isolate,1,Create Process,0.25,artifact_cooccurrence,respond
T1059.001,PowerShell,D3-EDL,Executable Denylisting,respond,Isolate,1,Executable File,0.25,artifact_cooccurrence,respond
T1059.002,AppleScript,D3-EDL,Executable Denylisting,respond,Isolate,1,Executable File,0.25,artifact_cooccurrence,respond
T1059.003,Windows Command Shell,D3-EDL,Executable Denylisting,respond,Isolate,1,Executable File,0.25,artifact_cooccurrence,respond
T1059.004,Unix Shell,D3-EDL,Executable Denylisting,respond,Isolate,1,Executable File,0.25,artifact_cooccurrence,respond
T1059.005,Visual Basic,D3-EDL,Executable Denylisting,respond,Isolate,1,Executable File,0.25,artifact_cooccurrence,respond
T1059.006,Python,D3-EDL,Executable Denylisting,respond,Isolate,1,Executable File,0.25,artifact_cooccurrence,respond
T1059.007,JavaScript,D3-EDL,Executable Denylisting,respond,Isolate,1,Executable File,0.25,artifact_cooccurrence,respond
T1059.008,Network Device CLI,D3-EDL,Executable Denylisting,respond,Isolate,1,Executable File,0.25,artifact_cooccurrence,respond
T1059.009,Cloud API,D3-EDL,Executable Denylisting,respond,Isolate,1,Executable File,0.25,artifact_cooccurrence,respond
T1059.010,AutoHotKey &amp; AutoIT,D3-EDL,Executable Denylisting,respond,Isolate,1,Executable File,0.25,artifact_cooccurrence,respond
T1059.011,Lua,D3-EDL,Executable Denylisting,respond,Isolate,1,Executable File,0.25,artifact_cooccurrence,respond
T1059.012,Hypervisor CLI,D3-EDL,Executable Denylisting,respond,Isolate,1,Executable File,0.25,artifact_cooccurrence,respond
T1059.013,Container CLI/API,D3-EDL,Executable Denylisting,respond,Isolate,1,Executable File,0.25,artifact_cooccurrence,respond
T1059,Command and Scripting Interpreter,D3-EDL,Executable Denylisting,respond,Isolate,1,Executable File,0.25,artifact_cooccurrence,respond
T1072,Software Deployment Tools,D3-EDL,Executable Denylisting,respond,Isolate,1,Executable File,0.25,artifact_cooccurrence,respond
T1082,System Information Discovery,D3-EDL,Executable Denylisting,respond,Isolate,1,Create Process,0.25,artifact_cooccurrence,respond
T1124,System Time Discovery,D3-EDL,Executable Denylisting,respond,Isolate,1,Create Process,0.25,artifact_cooccurrence,respond
T1127.001,MSBuild,D3-EDL,Executable Denylisting,respond,Isolate,1,Executable File,0.25,artifact_cooccurrence,respond
T1127,Trusted Developer Utilities Proxy Execution,D3-EDL,Executable Denylisting,respond,Isolate,1,Executable File,0.25,artifact_cooccurrence,respond
T1134.004,Parent PID Spoofing,D3-EDL,Executable Denylisting,respond,Isolate,1,Create Process,0.25,artifact_cooccurrence,respond
T1134,Access Token Manipulation,D3-EDL,Executable Denylisting,respond,Isolate,1,Create Process,0.25,artifact_cooccurrence,respond
T1137.001,Office Template Macros,D3-EDL,Executable Denylisting,respond,Isolate,1,Executable File,0.25,artifact_cooccurrence,respond
T1137.006,Add-ins,D3-EDL,Executable Denylisting,respond,Isolate,1,Executable File,0.25,artifact_cooccurrence,respond
T1137,Office Application Startup,D3-EDL,Executable Denylisting,respond,Isolate,1,Executable File,0.25,artifact_cooccurrence,respond
T1140,Deobfuscate/Decode Files or Information,D3-EDL,Executable Denylisting,respond,Isolate,2,Create Process|Executable File,0.25,artifact_cooccurrence,respond
T1176.001,Browser Extensions,D3-EDL,Executable Denylisting,respond,Isolate,1,Executable File,0.25,artifact_cooccurrence,respond
T1176.002,IDE Extensions,D3-EDL,Executable Denylisting,respond,Isolate,1,Executable File,0.25,artifact_cooccurrence,respond
T1176,Software Extensions,D3-EDL,Executable Denylisting,respond,Isolate,1,Executable File,0.25,artifact_cooccurrence,respond
T1195.001,Compromise Software Dependencies and Development Tools,D3-EDL,Executable Denylisting,respond,Isolate,1,Executable File,0.25,artifact_cooccurrence,respond
T1195.002,Compromise Software Supply Chain,D3-EDL,Executable Denylisting,respond,Isolate,1,Executable File,0.25,artifact_cooccurrence,respond
T1195,Supply Chain Compromise,D3-EDL,Executable Denylisting,respond,Isolate,1,Executable File,0.25,artifact_cooccurrence,respond
T1204.002,Malicious File,D3-EDL,Executable Denylisting,respond,Isolate,1,Executable File,0.25,artifact_cooccurrence,respond
T1204,User Execution,D3-EDL,Executable Denylisting,respond,Isolate,1,Executable File,0.25,artifact_cooccurrence,respond
T1212,Exploitation for Credential Access,D3-EDL,Executable Denylisting,respond,Isolate,1,Executable File,0.25,artifact_cooccurrence,respond
T1218.001,Compiled HTML File,D3-EDL,Executable Denylisting,respond,Isolate,1,Create Process,0.25,artifact_cooccurrence,respond
T1218.002,Control Panel,D3-EDL,Executable Denylisting,respond,Isolate,1,Create Process,0.25,artifact_cooccurrence,respond
T1218.003,CMSTP,D3-EDL,Executable Denylisting,respond,Isolate,1,Create Process,0.25,artifact_cooccurrence,respond
T1218.005,Mshta,D3-EDL,Executable Denylisting,respond,Isolate,1,Create Process,0.25,artifact_cooccurrence,respond
T1218.011,Rundll32,D3-EDL,Executable Denylisting,respond,Isolate,1,Create Process,0.25,artifact_cooccurrence,respond
T1218.014,MMC,D3-EDL,Executable Denylisting,respond,Isolate,1,Executable File,0.25,artifact_cooccurrence,respond
T1218,System Binary Proxy Execution,D3-EDL,Executable Denylisting,respond,Isolate,2,Create Process|Executable File,0.25,artifact_cooccurrence,respond
T1220,XSL Script Processing,D3-EDL,Executable Denylisting,respond,Isolate,2,Create Process|Executable File,0.25,artifact_cooccurrence,respond
T1490,Inhibit System Recovery,D3-EDL,Executable Denylisting,respond,Isolate,1,Executable File,0.25,artifact_cooccurrence,respond
T1497.003,Time Based Checks,D3-EDL,Executable Denylisting,respond,Isolate,1,Executable File,0.25,artifact_cooccurrence,respond
T1497,Virtualization/Sandbox Evasion,D3-EDL,Executable Denylisting,respond,Isolate,1,Executable File,0.25,artifact_cooccurrence,respond
T1505.001,SQL Stored Procedures,D3-EDL,Executable Denylisting,respond,Isolate,2,Create Process|Executable File,0.25,artifact_cooccurrence,respond
T1505.003,Web Shell,D3-EDL,Executable Denylisting,respond,Isolate,1,Executable File,0.25,artifact_cooccurrence,respond
T1505.004,IIS Components,D3-EDL,Executable Denylisting,respond,Isolate,1,Executable File,0.25,artifact_cooccurrence,respond
T1505,Server Software Component,D3-EDL,Executable Denylisting,respond,Isolate,2,Create Process|Executable File,0.25,artifact_cooccurrence,respond
T1542.001,System Firmware,D3-EDL,Executable Denylisting,respond,Isolate,1,Executable File,0.25,artifact_cooccurrence,respond
T1542.002,Component Firmware,D3-EDL,Executable Denylisting,respond,Isolate,1,Executable File,0.25,artifact_cooccurrence,respond
T1542.003,Bootkit,D3-EDL,Executable Denylisting,respond,Isolate,1,Executable File,0.25,artifact_cooccurrence,respond
T1542.004,ROMMONkit,D3-EDL,Executable Denylisting,respond,Isolate,1,Executable File,0.25,artifact_cooccurrence,respond
T1542,Pre-OS Boot,D3-EDL,Executable Denylisting,respond,Isolate,1,Executable File,0.25,artifact_cooccurrence,respond
T1546.002,Screensaver,D3-EDL,Executable Denylisting,respond,Isolate,1,Executable File,0.25,artifact_cooccurrence,respond
T1546.005,Trap,D3-EDL,Executable Denylisting,respond,Isolate,1,Executable File,0.25,artifact_cooccurrence,respond
T1546.006,LC_LOAD_DYLIB Addition,D3-EDL,Executable Denylisting,respond,Isolate,1,Executable File,0.25,artifact_cooccurrence,respond
T1546.008,Accessibility Features,D3-EDL,Executable Denylisting,respond,Isolate,1,Executable File,0.25,artifact_cooccurrence,respond
T1546.009,AppCert DLLs,D3-EDL,Executable Denylisting,respond,Isolate,1,Create Process,0.25,artifact_cooccurrence,respond
T1546.010,AppInit DLLs,D3-EDL,Executable Denylisting,respond,Isolate,1,Create Process,0.25,artifact_cooccurrence,respond
T1546.011,Application Shimming,D3-EDL,Executable Denylisting,respond,Isolate,1,Executable File,0.25,artifact_cooccurrence,respond
T1546.013,PowerShell Profile,D3-EDL,Executable Denylisting,respond,Isolate,1,Executable File,0.25,artifact_cooccurrence,respond
T1546.015,Component Object Model Hijacking,D3-EDL,Executable Denylisting,respond,Isolate,1,Executable File,0.25,artifact_cooccurrence,respond
T1546,Event Triggered Execution,D3-EDL,Executable Denylisting,respond,Isolate,2,Create Process|Executable File,0.25,artifact_cooccurrence,respond
T1547.001,Registry Run Keys / Startup Folder,D3-EDL,Executable Denylisting,respond,Isolate,1,Executable File,0.25,artifact_cooccurrence,respond
T1547.008,LSASS Driver,D3-EDL,Executable Denylisting,respond,Isolate,1,Executable File,0.25,artifact_cooccurrence,respond
T1547.009,Shortcut Modification,D3-EDL,Executable Denylisting,respond,Isolate,1,Executable File,0.25,artifact_cooccurrence,respond
T1547,Boot or Logon Autostart Execution,D3-EDL,Executable Denylisting,respond,Isolate,1,Executable File,0.25,artifact_cooccurrence,respond
T1548.002,Bypass User Account Control,D3-EDL,Executable Denylisting,respond,Isolate,2,Create Process|Executable File,0.25,artifact_cooccurrence,respond
T1548,Abuse Elevation Control Mechanism,D3-EDL,Executable Denylisting,respond,Isolate,2,Create Process|Executable File,0.25,artifact_cooccurrence,respond
T1554,Compromise Host Software Binary,D3-EDL,Executable Denylisting,respond,Isolate,1,Executable File,0.25,artifact_cooccurrence,respond
T1562.003,Impair Command History Logging,D3-EDL,Executable Denylisting,respond,Isolate,1,Executable File,0.25,artifact_cooccurrence,respond
T1562,Impair Defenses,D3-EDL,Executable Denylisting,respond,Isolate,1,Executable File,0.25,artifact_cooccurrence,respond
T1564.006,Run Virtual Instance,D3-EDL,Executable Denylisting,respond,Isolate,1,Executable File,0.25,artifact_cooccurrence,respond
T1564,Hide Artifacts,D3-EDL,Executable Denylisting,respond,Isolate,1,Executable File,0.25,artifact_cooccurrence,respond
T1565.003,Runtime Data Manipulation,D3-EDL,Executable Denylisting,respond,Isolate,1,Executable File,0.25,artifact_cooccurrence,respond
T1565,Data Manipulation,D3-EDL,Executable Denylisting,respond,Isolate,1,Executable File,0.25,artifact_cooccurrence,respond
T1574.005,Executable Installer File Permissions Weakness,D3-EDL,Executable Denylisting,respond,Isolate,1,Executable File,0.25,artifact_cooccurrence,respond
T1574.007,Path Interception by PATH Environment Variable,D3-EDL,Executable Denylisting,respond,Isolate,1,Executable File,0.25,artifact_cooccurrence,respond
T1574.008,Path Interception by Search Order Hijacking,D3-EDL,Executable Denylisting,respond,Isolate,1,Executable File,0.25,artifact_cooccurrence,respond
T1574.009,Path Interception by Unquoted Path,D3-EDL,Executable Denylisting,respond,Isolate,1,Executable File,0.25,artifact_cooccurrence,respond
T1574.010,Services File Permissions Weakness,D3-EDL,Executable Denylisting,respond,Isolate,1,Executable File,0.25,artifact_cooccurrence,respond
T1574,Hijack Execution Flow,D3-EDL,Executable Denylisting,respond,Isolate,1,Executable File,0.25,artifact_cooccurrence,respond
T1649,Steal or Forge Authentication Certificates,D3-EDL,Executable Denylisting,respond,Isolate,1,Executable File,0.25,artifact_cooccurrence,respond
T1003.001,LSASS Memory,D3-HBPI,Hardware-based Process Isolation,respond,Isolate,1,Process,0.25,artifact_cooccurrence,respond
T1003.002,Security Account Manager,D3-HBPI,Hardware-based Process Isolation,respond,Isolate,1,Process,0.25,artifact_cooccurrence,respond
T1003.004,LSA Secrets,D3-HBPI,Hardware-based Process Isolation,respond,Isolate,1,Process,0.25,artifact_cooccurrence,respond
T1003,OS Credential Dumping,D3-HBPI,Hardware-based Process Isolation,respond,Isolate,1,Process,0.25,artifact_cooccurrence,respond
T1007,System Service Discovery,D3-HBPI,Hardware-based Process Isolation,respond,Isolate,1,Create Process,0.25,artifact_cooccurrence,respond
T1010,Application Window Discovery,D3-HBPI,Hardware-based Process Isolation,respond,Isolate,1,Create Process,0.25,artifact_cooccurrence,respond
T1016.001,Internet Connection Discovery,D3-HBPI,Hardware-based Process Isolation,respond,Isolate,1,Create Process,0.25,artifact_cooccurrence,respond
T1016.002,Wi-Fi Discovery,D3-HBPI,Hardware-based Process Isolation,respond,Isolate,1,Create Process,0.25,artifact_cooccurrence,respond
T1016,System Network Configuration Discovery,D3-HBPI,Hardware-based Process Isolation,respond,Isolate,1,Create Process,0.25,artifact_cooccurrence,respond
T1018,Remote System Discovery,D3-HBPI,Hardware-based Process Isolation,respond,Isolate,1,Create Process,0.25,artifact_cooccurrence,respond
T1033,System Owner/User Discovery,D3-HBPI,Hardware-based Process Isolation,respond,Isolate,2,Create Process|Process,0.25,artifact_cooccurrence,respond
T1047,Windows Management Instrumentation,D3-HBPI,Hardware-based Process Isolation,respond,Isolate,1,Create Process,0.25,artifact_cooccurrence,respond
T1053.001,At (Linux) Execution,D3-HBPI,Hardware-based Process Isolation,respond,Isolate,2,Create Process|Process,0.25,artifact_cooccurrence,respond
T1053.002,At,D3-HBPI,Hardware-based Process Isolation,respond,Isolate,2,Create Process|Process,0.25,artifact_cooccurrence,respond
T1053.003,Cron,D3-HBPI,Hardware-based Process Isolation,respond,Isolate,2,Create Process|Process,0.25,artifact_cooccurrence,respond
T1053.004,Launchd,D3-HBPI,Hardware-based Process Isolation,respond,Isolate,2,Create Process|Process,0.25,artifact_cooccurrence,respond
T1053.005,Scheduled Task,D3-HBPI,Hardware-based Process Isolation,respond,Isolate,2,Create Process|Process,0.25,artifact_cooccurrence,respond
T1053.006,Systemd Timers,D3-HBPI,Hardware-based Process Isolation,respond,Isolate,2,Create Process|Process,0.25,artifact_cooccurrence,respond
T1053.007,Container Orchestration Job,D3-HBPI,Hardware-based Process Isolation,respond,Isolate,2,Create Process|Process,0.25,artifact_cooccurrence,respond
T1053,Scheduled Task/Job,D3-HBPI,Hardware-based Process Isolation,respond,Isolate,2,Create Process|Process,0.25,artifact_cooccurrence,respond
T1055.004,Asynchronous Procedure Call,D3-HBPI,Hardware-based Process Isolation,respond,Isolate,1,Create Process,0.25,artifact_cooccurrence,respond
T1055.013,Process Doppelgnging,D3-HBPI,Hardware-based Process Isolation,respond,Isolate,1,Create Process,0.25,artifact_cooccurrence,respond
T1055,Process Injection,D3-HBPI,Hardware-based Process Isolation,respond,Isolate,1,Create Process,0.25,artifact_cooccurrence,respond
T1057,Process Discovery,D3-HBPI,Hardware-based Process Isolation,respond,Isolate,1,Create Process,0.25,artifact_cooccurrence,respond
T1082,System Information Discovery,D3-HBPI,Hardware-based Process Isolation,respond,Isolate,1,Create Process,0.25,artifact_cooccurrence,respond
T1124,System Time Discovery,D3-HBPI,Hardware-based Process Isolation,respond,Isolate,1,Create Process,0.25,artifact_cooccurrence,respond
T1134.004,Parent PID Spoofing,D3-HBPI,Hardware-based Process Isolation,respond,Isolate,1,Create Process,0.25,artifact_cooccurrence,respond
T1134,Access Token Manipulation,D3-HBPI,Hardware-based Process Isolation,respond,Isolate,1,Create Process,0.25,artifact_cooccurrence,respond
T1140,Deobfuscate/Decode Files or Information,D3-HBPI,Hardware-based Process Isolation,respond,Isolate,1,Create Process,0.25,artifact_cooccurrence,respond
T1212,Exploitation for Credential Access,D3-HBPI,Hardware-based Process Isolation,respond,Isolate,1,Process,0.25,artifact_cooccurrence,respond
T1218.001,Compiled HTML File,D3-HBPI,Hardware-based Process Isolation,respond,Isolate,1,Create Process,0.25,artifact_cooccurrence,respond
T1218.002,Control Panel,D3-HBPI,Hardware-based Process Isolation,respond,Isolate,1,Create Process,0.25,artifact_cooccurrence,respond
T1218.003,CMSTP,D3-HBPI,Hardware-based Process Isolation,respond,Isolate,1,Create Process,0.25,artifact_cooccurrence,respond
T1218.005,Mshta,D3-HBPI,Hardware-based Process Isolation,respond,Isolate,1,Create Process,0.25,artifact_cooccurrence,respond
T1218.011,Rundll32,D3-HBPI,Hardware-based Process Isolation,respond,Isolate,1,Create Process,0.25,artifact_cooccurrence,respond
T1218,System Binary Proxy Execution,D3-HBPI,Hardware-based Process Isolation,respond,Isolate,1,Create Process,0.25,artifact_cooccurrence,respond
T1220,XSL Script Processing,D3-HBPI,Hardware-based Process Isolation,respond,Isolate,1,Create Process,0.25,artifact_cooccurrence,respond
T1505.001,SQL Stored Procedures,D3-HBPI,Hardware-based Process Isolation,respond,Isolate,1,Create Process,0.25,artifact_cooccurrence,respond
T1505.002,Transport Agent,D3-HBPI,Hardware-based Process Isolation,respond,Isolate,1,Process,0.25,artifact_cooccurrence,respond
T1505.003,Web Shell,D3-HBPI,Hardware-based Process Isolation,respond,Isolate,1,Process,0.25,artifact_cooccurrence,respond
T1505,Server Software Component,D3-HBPI,Hardware-based Process Isolation,respond,Isolate,2,Create Process|Process,0.25,artifact_cooccurrence,respond
T1546.007,Netsh Helper DLL,D3-HBPI,Hardware-based Process Isolation,respond,Isolate,1,Process,0.25,artifact_cooccurrence,respond
T1546.009,AppCert DLLs,D3-HBPI,Hardware-based Process Isolation,respond,Isolate,1,Create Process,0.25,artifact_cooccurrence,respond
T1546.010,AppInit DLLs,D3-HBPI,Hardware-based Process Isolation,respond,Isolate,1,Create Process,0.25,artifact_cooccurrence,respond
T1546,Event Triggered Execution,D3-HBPI,Hardware-based Process Isolation,respond,Isolate,2,Create Process|Process,0.25,artifact_cooccurrence,respond
T1548.002,Bypass User Account Control,D3-HBPI,Hardware-based Process Isolation,respond,Isolate,1,Create Process,0.25,artifact_cooccurrence,respond
T1548,Abuse Elevation Control Mechanism,D3-HBPI,Hardware-based Process Isolation,respond,Isolate,1,Create Process,0.25,artifact_cooccurrence,respond
T1550.001,Application Access Token,D3-HBPI,Hardware-based Process Isolation,respond,Isolate,1,Process,0.25,artifact_cooccurrence,respond
T1550.002,Pass the Hash,D3-HBPI,Hardware-based Process Isolation,respond,Isolate,1,Process,0.25,artifact_cooccurrence,respond
T1550.003,Pass the Ticket,D3-HBPI,Hardware-based Process Isolation,respond,Isolate,1,Process,0.25,artifact_cooccurrence,respond
T1550.004,Web Session Cookie,D3-HBPI,Hardware-based Process Isolation,respond,Isolate,1,Process,0.25,artifact_cooccurrence,respond
T1550,Use Alternate Authentication Material,D3-HBPI,Hardware-based Process Isolation,respond,Isolate,1,Process,0.25,artifact_cooccurrence,respond
T1556.001,Domain Controller Authentication,D3-HBPI,Hardware-based Process Isolation,respond,Isolate,1,Process,0.25,artifact_cooccurrence,respond
T1556.002,Password Filter DLL,D3-HBPI,Hardware-based Process Isolation,respond,Isolate,1,Process,0.25,artifact_cooccurrence,respond
T1556.003,Pluggable Authentication Modules,D3-HBPI,Hardware-based Process Isolation,respond,Isolate,1,Process,0.25,artifact_cooccurrence,respond
T1556.004,Network Device Authentication,D3-HBPI,Hardware-based Process Isolation,respond,Isolate,1,Process,0.25,artifact_cooccurrence,respond
T1556.005,Reversible Encryption,D3-HBPI,Hardware-based Process Isolation,respond,Isolate,1,Process,0.25,artifact_cooccurrence,respond
T1556.006,Multi-Factor Authentication,D3-HBPI,Hardware-based Process Isolation,respond,Isolate,1,Process,0.25,artifact_cooccurrence,respond
T1556.007,Hybrid Identity,D3-HBPI,Hardware-based Process Isolation,respond,Isolate,1,Process,0.25,artifact_cooccurrence,respond
T1556.008,Network Provider DLL,D3-HBPI,Hardware-based Process Isolation,respond,Isolate,1,Process,0.25,artifact_cooccurrence,respond
T1556.009,Conditional Access Policies,D3-HBPI,Hardware-based Process Isolation,respond,Isolate,1,Process,0.25,artifact_cooccurrence,respond
T1556,Modify Authentication Process,D3-HBPI,Hardware-based Process Isolation,respond,Isolate,1,Process,0.25,artifact_cooccurrence,respond
T1562.001,Disable or Modify Tools,D3-HBPI,Hardware-based Process Isolation,respond,Isolate,1,Process,0.25,artifact_cooccurrence,respond
T1562,Impair Defenses,D3-HBPI,Hardware-based Process Isolation,respond,Isolate,1,Process,0.25,artifact_cooccurrence,respond
T1621,Multi-Factor Authentication Request Generation,D3-HBPI,Hardware-based Process Isolation,respond,Isolate,1,Process,0.25,artifact_cooccurrence,respond
T1003.001,LSASS Memory,D3-KBPI,Kernel-based Process Isolation,respond,Isolate,1,Process,0.25,artifact_cooccurrence,respond
T1003.002,Security Account Manager,D3-KBPI,Kernel-based Process Isolation,respond,Isolate,1,Process,0.25,artifact_cooccurrence,respond
T1003.004,LSA Secrets,D3-KBPI,Kernel-based Process Isolation,respond,Isolate,1,Process,0.25,artifact_cooccurrence,respond
T1003,OS Credential Dumping,D3-KBPI,Kernel-based Process Isolation,respond,Isolate,1,Process,0.25,artifact_cooccurrence,respond
T1033,System Owner/User Discovery,D3-KBPI,Kernel-based Process Isolation,respond,Isolate,1,Process,0.25,artifact_cooccurrence,respond
T1053.001,At (Linux) Execution,D3-KBPI,Kernel-based Process Isolation,respond,Isolate,1,Process,0.25,artifact_cooccurrence,respond
T1053.002,At,D3-KBPI,Kernel-based Process Isolation,respond,Isolate,1,Process,0.25,artifact_cooccurrence,respond
T1053.003,Cron,D3-KBPI,Kernel-based Process Isolation,respond,Isolate,1,Process,0.25,artifact_cooccurrence,respond
T1053.004,Launchd,D3-KBPI,Kernel-based Process Isolation,respond,Isolate,1,Process,0.25,artifact_cooccurrence,respond
T1053.005,Scheduled Task,D3-KBPI,Kernel-based Process Isolation,respond,Isolate,1,Process,0.25,artifact_cooccurrence,respond
T1053.006,Systemd Timers,D3-KBPI,Kernel-based Process Isolation,respond,Isolate,1,Process,0.25,artifact_cooccurrence,respond
T1053.007,Container Orchestration Job,D3-KBPI,Kernel-based Process Isolation,respond,Isolate,1,Process,0.25,artifact_cooccurrence,respond
T1053,Scheduled Task/Job,D3-KBPI,Kernel-based Process Isolation,respond,Isolate,1,Process,0.25,artifact_cooccurrence,respond
T1212,Exploitation for Credential Access,D3-KBPI,Kernel-based Process Isolation,respond,Isolate,1,Process,0.25,artifact_cooccurrence,respond
T1505.002,Transport Agent,D3-KBPI,Kernel-based Process Isolation,respond,Isolate,1,Process,0.25,artifact_cooccurrence,respond
T1505.003,Web Shell,D3-KBPI,Kernel-based Process Isolation,respond,Isolate,1,Process,0.25,artifact_cooccurrence,respond
T1505,Server Software Component,D3-KBPI,Kernel-based Process Isolation,respond,Isolate,1,Process,0.25,artifact_cooccurrence,respond
T1546.007,Netsh Helper DLL,D3-KBPI,Kernel-based Process Isolation,respond,Isolate,1,Process,0.25,artifact_cooccurrence,respond
T1546,Event Triggered Execution,D3-KBPI,Kernel-based Process Isolation,respond,Isolate,1,Process,0.25,artifact_cooccurrence,respond
T1550.001,Application Access Token,D3-KBPI,Kernel-based Process Isolation,respond,Isolate,1,Process,0.25,artifact_cooccurrence,respond
T1550.002,Pass the Hash,D3-KBPI,Kernel-based Process Isolation,respond,Isolate,1,Process,0.25,artifact_cooccurrence,respond
T1550.003,Pass the Ticket,D3-KBPI,Kernel-based Process Isolation,respond,Isolate,1,Process,0.25,artifact_cooccurrence,respond
T1550.004,Web Session Cookie,D3-KBPI,Kernel-based Process Isolation,respond,Isolate,1,Process,0.25,artifact_cooccurrence,respond
T1550,Use Alternate Authentication Material,D3-KBPI,Kernel-based Process Isolation,respond,Isolate,1,Process,0.25,artifact_cooccurrence,respond
T1556.001,Domain Controller Authentication,D3-KBPI,Kernel-based Process Isolation,respond,Isolate,1,Process,0.25,artifact_cooccurrence,respond
T1556.002,Password Filter DLL,D3-KBPI,Kernel-based Process Isolation,respond,Isolate,1,Process,0.25,artifact_cooccurrence,respond
T1556.003,Pluggable Authentication Modules,D3-KBPI,Kernel-based Process Isolation,respond,Isolate,1,Process,0.25,artifact_cooccurrence,respond
T1556.004,Network Device Authentication,D3-KBPI,Kernel-based Process Isolation,respond,Isolate,1,Process,0.25,artifact_cooccurrence,respond
T1556.005,Reversible Encryption,D3-KBPI,Kernel-based Process Isolation,respond,Isolate,1,Process,0.25,artifact_cooccurrence,respond
T1556.006,Multi-Factor Authentication,D3-KBPI,Kernel-based Process Isolation,respond,Isolate,1,Process,0.25,artifact_cooccurrence,respond
T1556.007,Hybrid Identity,D3-KBPI,Kernel-based Process Isolation,respond,Isolate,1,Process,0.25,artifact_cooccurrence,respond
T1556.008,Network Provider DLL,D3-KBPI,Kernel-based Process Isolation,respond,Isolate,1,Process,0.25,artifact_cooccurrence,respond
T1556.009,Conditional Access Policies,D3-KBPI,Kernel-based Process Isolation,respond,Isolate,1,Process,0.25,artifact_cooccurrence,respond
T1556,Modify Authentication Process,D3-KBPI,Kernel-based Process Isolation,respond,Isolate,1,Process,0.25,artifact_cooccurrence,respond
T1562.001,Disable or Modify Tools,D3-KBPI,Kernel-based Process Isolation,respond,Isolate,1,Process,0.25,artifact_cooccurrence,respond
T1562,Impair Defenses,D3-KBPI,Kernel-based Process Isolation,respond,Isolate,1,Process,0.25,artifact_cooccurrence,respond
T1621,Multi-Factor Authentication Request Generation,D3-KBPI,Kernel-based Process Isolation,respond,Isolate,1,Process,0.25,artifact_cooccurrence,respond
T1071.004,DNS,D3-DNSAL,DNS Allowlisting,respond,Isolate,1,Outbound Internet DNS Lookup Traffic,0.25,artifact_cooccurrence,respond
T1071,Application Layer Protocol,D3-DNSAL,DNS Allowlisting,respond,Isolate,1,Outbound Internet DNS Lookup Traffic,0.25,artifact_cooccurrence,respond
T1568.001,Fast Flux DNS,D3-DNSAL,DNS Allowlisting,respond,Isolate,1,Outbound Internet DNS Lookup Traffic,0.25,artifact_cooccurrence,respond
T1568.002,Domain Generation Algorithms,D3-DNSAL,DNS Allowlisting,respond,Isolate,1,Outbound Internet DNS Lookup Traffic,0.25,artifact_cooccurrence,respond
T1568.003,DNS Calculation,D3-DNSAL,DNS Allowlisting,respond,Isolate,1,Outbound Internet DNS Lookup Traffic,0.25,artifact_cooccurrence,respond
T1568,Dynamic Resolution,D3-DNSAL,DNS Allowlisting,respond,Isolate,1,Outbound Internet DNS Lookup Traffic,0.25,artifact_cooccurrence,respond
T1071.004,DNS,D3-RRID,Reverse Resolution IP Denylisting,respond,Isolate,1,Outbound Internet DNS Lookup Traffic,0.25,artifact_cooccurrence,respond
T1071,Application Layer Protocol,D3-RRID,Reverse Resolution IP Denylisting,respond,Isolate,1,Outbound Internet DNS Lookup Traffic,0.25,artifact_cooccurrence,respond
T1568.001,Fast Flux DNS,D3-RRID,Reverse Resolution IP Denylisting,respond,Isolate,1,Outbound Internet DNS Lookup Traffic,0.25,artifact_cooccurrence,respond
T1568.002,Domain Generation Algorithms,D3-RRID,Reverse Resolution IP Denylisting,respond,Isolate,1,Outbound Internet DNS Lookup Traffic,0.25,artifact_cooccurrence,respond
T1568.003,DNS Calculation,D3-RRID,Reverse Resolution IP Denylisting,respond,Isolate,1,Outbound Internet DNS Lookup Traffic,0.25,artifact_cooccurrence,respond
T1568,Dynamic Resolution,D3-RRID,Reverse Resolution IP Denylisting,respond,Isolate,1,Outbound Internet DNS Lookup Traffic,0.25,artifact_cooccurrence,respond
T1114.001,Local Email Collection,D3-EF,Email Filtering,respond,Isolate,1,Email,0.25,artifact_cooccurrence,respond
T1114,Email Collection,D3-EF,Email Filtering,respond,Isolate,1,Email,0.25,artifact_cooccurrence,respond
T1534,Internal Spearphishing,D3-EF,Email Filtering,respond,Isolate,1,Email,0.25,artifact_cooccurrence,respond
T1566.001,Spearphishing Attachment,D3-EF,Email Filtering,respond,Isolate,1,Email,0.25,artifact_cooccurrence,respond
T1566.002,Spearphishing Link,D3-EF,Email Filtering,respond,Isolate,1,Email,0.25,artifact_cooccurrence,respond
T1566,Phishing,D3-EF,Email Filtering,respond,Isolate,1,Email,0.25,artifact_cooccurrence,respond
T1001.001,Junk Data,D3-OTF,Outbound Traffic Filtering,respond,Isolate,1,Outbound Network Traffic,0.25,artifact_cooccurrence,respond
T1001.002,Steganography,D3-OTF,Outbound Traffic Filtering,respond,Isolate,1,Outbound Network Traffic,0.25,artifact_cooccurrence,respond
T1001.003,Protocol or Service Impersonation,D3-OTF,Outbound Traffic Filtering,respond,Isolate,1,Outbound Network Traffic,0.25,artifact_cooccurrence,respond
T1001,Data Obfuscation,D3-OTF,Outbound Traffic Filtering,respond,Isolate,1,Outbound Network Traffic,0.25,artifact_cooccurrence,respond
T1008,Fallback Channels,D3-OTF,Outbound Traffic Filtering,respond,Isolate,1,Outbound Network Traffic,0.25,artifact_cooccurrence,respond
T1048.001,Exfiltration Over Symmetric Encrypted Non-C2 Protocol,D3-OTF,Outbound Traffic Filtering,respond,Isolate,1,Outbound Network Traffic,0.25,artifact_cooccurrence,respond
T1048.002,Exfiltration Over Asymmetric Encrypted Non-C2 Protocol,D3-OTF,Outbound Traffic Filtering,respond,Isolate,1,Outbound Network Traffic,0.25,artifact_cooccurrence,respond
T1048.003,Exfiltration Over Unencrypted Non-C2 Protocol,D3-OTF,Outbound Traffic Filtering,respond,Isolate,1,Outbound Network Traffic,0.25,artifact_cooccurrence,respond
T1048,Exfiltration Over Alternative Protocol,D3-OTF,Outbound Traffic Filtering,respond,Isolate,1,Outbound Network Traffic,0.25,artifact_cooccurrence,respond
T1071.001,Web Protocols,D3-OTF,Outbound Traffic Filtering,respond,Isolate,1,Outbound Network Traffic,0.25,artifact_cooccurrence,respond
T1071.002,File Transfer Protocols,D3-OTF,Outbound Traffic Filtering,respond,Isolate,1,Outbound Network Traffic,0.25,artifact_cooccurrence,respond
T1071.003,Mail Protocols,D3-OTF,Outbound Traffic Filtering,respond,Isolate,1,Outbound Network Traffic,0.25,artifact_cooccurrence,respond
T1071.004,DNS,D3-OTF,Outbound Traffic Filtering,respond,Isolate,1,Outbound Network Traffic,0.25,artifact_cooccurrence,respond
T1071.005,Publish/Subscribe Protocols,D3-OTF,Outbound Traffic Filtering,respond,Isolate,1,Outbound Network Traffic,0.25,artifact_cooccurrence,respond
T1071,Application Layer Protocol,D3-OTF,Outbound Traffic Filtering,respond,Isolate,1,Outbound Network Traffic,0.25,artifact_cooccurrence,respond
T1090.002,External Proxy,D3-OTF,Outbound Traffic Filtering,respond,Isolate,1,Outbound Network Traffic,0.25,artifact_cooccurrence,respond
T1090.003,Multi-hop Proxy,D3-OTF,Outbound Traffic Filtering,respond,Isolate,1,Outbound Network Traffic,0.25,artifact_cooccurrence,respond
T1090.004,Domain Fronting,D3-OTF,Outbound Traffic Filtering,respond,Isolate,1,Outbound Network Traffic,0.25,artifact_cooccurrence,respond
T1090,Proxy,D3-OTF,Outbound Traffic Filtering,respond,Isolate,1,Outbound Network Traffic,0.25,artifact_cooccurrence,respond
T1095,Non-Application Layer Protocol,D3-OTF,Outbound Traffic Filtering,respond,Isolate,1,Outbound Network Traffic,0.25,artifact_cooccurrence,respond
T1102.001,Dead Drop Resolver,D3-OTF,Outbound Traffic Filtering,respond,Isolate,1,Outbound Network Traffic,0.25,artifact_cooccurrence,respond
T1102.002,Bidirectional Communication,D3-OTF,Outbound Traffic Filtering,respond,Isolate,1,Outbound Network Traffic,0.25,artifact_cooccurrence,respond
T1102.003,One-Way Communication,D3-OTF,Outbound Traffic Filtering,respond,Isolate,1,Outbound Network Traffic,0.25,artifact_cooccurrence,respond
T1102,Web Service,D3-OTF,Outbound Traffic Filtering,respond,Isolate,1,Outbound Network Traffic,0.25,artifact_cooccurrence,respond
T1104,Multi-Stage Channels,D3-OTF,Outbound Traffic Filtering,respond,Isolate,1,Outbound Network Traffic,0.25,artifact_cooccurrence,respond
T1105,Ingress Tool Transfer,D3-OTF,Outbound Traffic Filtering,respond,Isolate,1,Outbound Network Traffic,0.25,artifact_cooccurrence,respond
T1132.001,Standard Encoding,D3-OTF,Outbound Traffic Filtering,respond,Isolate,1,Outbound Network Traffic,0.25,artifact_cooccurrence,respond
T1132.002,Non-Standard Encoding,D3-OTF,Outbound Traffic Filtering,respond,Isolate,1,Outbound Network Traffic,0.25,artifact_cooccurrence,respond
T1132,Data Encoding,D3-OTF,Outbound Traffic Filtering,respond,Isolate,1,Outbound Network Traffic,0.25,artifact_cooccurrence,respond
T1189,Drive-by Compromise,D3-OTF,Outbound Traffic Filtering,respond,Isolate,1,Outbound Network Traffic,0.25,artifact_cooccurrence,respond
T1197,BITS Jobs,D3-OTF,Outbound Traffic Filtering,respond,Isolate,1,Outbound Network Traffic,0.25,artifact_cooccurrence,respond
T1204.001,Malicious Link,D3-OTF,Outbound Traffic Filtering,respond,Isolate,1,Outbound Network Traffic,0.25,artifact_cooccurrence,respond
T1204,User Execution,D3-OTF,Outbound Traffic Filtering,respond,Isolate,1,Outbound Network Traffic,0.25,artifact_cooccurrence,respond
T1219.001,IDE Tunneling,D3-OTF,Outbound Traffic Filtering,respond,Isolate,1,Outbound Network Traffic,0.25,artifact_cooccurrence,respond
T1219.002,Remote Desktop Software,D3-OTF,Outbound Traffic Filtering,respond,Isolate,1,Outbound Network Traffic,0.25,artifact_cooccurrence,respond
T1219.003,Remote Access Hardware,D3-OTF,Outbound Traffic Filtering,respond,Isolate,1,Outbound Network Traffic,0.25,artifact_cooccurrence,respond
T1219,Remote Access Tools,D3-OTF,Outbound Traffic Filtering,respond,Isolate,1,Outbound Network Traffic,0.25,artifact_cooccurrence,respond
T1567.001,Exfiltration to Code Repository,D3-OTF,Outbound Traffic Filtering,respond,Isolate,1,Outbound Network Traffic,0.25,artifact_cooccurrence,respond
T1567.002,Exfiltration to Cloud Storage,D3-OTF,Outbound Traffic Filtering,respond,Isolate,1,Outbound Network Traffic,0.25,artifact_cooccurrence,respond
T1567.003,Exfiltration to Text Storage Sites,D3-OTF,Outbound Traffic Filtering,respond,Isolate,1,Outbound Network Traffic,0.25,artifact_cooccurrence,respond
T1567.004,Exfiltration Over Webhook,D3-OTF,Outbound Traffic Filtering,respond,Isolate,1,Outbound Network Traffic,0.25,artifact_cooccurrence,respond
T1567,Exfiltration Over Web Service,D3-OTF,Outbound Traffic Filtering,respond,Isolate,1,Outbound Network Traffic,0.25,artifact_cooccurrence,respond
T1568.001,Fast Flux DNS,D3-OTF,Outbound Traffic Filtering,respond,Isolate,1,Outbound Network Traffic,0.25,artifact_cooccurrence,respond
T1568.002,Domain Generation Algorithms,D3-OTF,Outbound Traffic Filtering,respond,Isolate,1,Outbound Network Traffic,0.25,artifact_cooccurrence,respond
T1568.003,DNS Calculation,D3-OTF,Outbound Traffic Filtering,respond,Isolate,1,Outbound Network Traffic,0.25,artifact_cooccurrence,respond
T1568,Dynamic Resolution,D3-OTF,Outbound Traffic Filtering,respond,Isolate,1,Outbound Network Traffic,0.25,artifact_cooccurrence,respond
T1571,Non-Standard Port,D3-OTF,Outbound Traffic Filtering,respond,Isolate,1,Outbound Network Traffic,0.25,artifact_cooccurrence,respond
T1572,Protocol Tunneling,D3-OTF,Outbound Traffic Filtering,respond,Isolate,1,Outbound Network Traffic,0.25,artifact_cooccurrence,respond
T1573.001,Symmetric Cryptography,D3-OTF,Outbound Traffic Filtering,respond,Isolate,1,Outbound Network Traffic,0.25,artifact_cooccurrence,respond
T1573.002,Asymmetric Cryptography,D3-OTF,Outbound Traffic Filtering,respond,Isolate,1,Outbound Network Traffic,0.25,artifact_cooccurrence,respond
T1573,Encrypted Channel,D3-OTF,Outbound Traffic Filtering,respond,Isolate,1,Outbound Network Traffic,0.25,artifact_cooccurrence,respond
T1003.007,Proc Filesystem,D3-DF,Decoy File,detect,Deceive,1,File,0.25,artifact_cooccurrence,detect
T1003.008,/etc/passwd and /etc/shadow,D3-DF,Decoy File,detect,Deceive,1,File,0.25,artifact_cooccurrence,detect
T1003,OS Credential Dumping,D3-DF,Decoy File,detect,Deceive,1,File,0.25,artifact_cooccurrence,detect
T1005,Data from Local System,D3-DF,Decoy File,detect,Deceive,1,File,0.25,artifact_cooccurrence,detect
T1014,Rootkit,D3-DF,Decoy File,detect,Deceive,1,File,0.25,artifact_cooccurrence,detect
T1016.001,Internet Connection Discovery,D3-DF,Decoy File,detect,Deceive,1,File,0.25,artifact_cooccurrence,detect
T1016.002,Wi-Fi Discovery,D3-DF,Decoy File,detect,Deceive,1,File,0.25,artifact_cooccurrence,detect
T1016,System Network Configuration Discovery,D3-DF,Decoy File,detect,Deceive,1,File,0.25,artifact_cooccurrence,detect
T1018,Remote System Discovery,D3-DF,Decoy File,detect,Deceive,1,File,0.25,artifact_cooccurrence,detect
T1027.001,Binary Padding,D3-DF,Decoy File,detect,Deceive,1,File,0.25,artifact_cooccurrence,detect
T1027.002,Software Packing,D3-DF,Decoy File,detect,Deceive,1,File,0.25,artifact_cooccurrence,detect
T1027.004,Compile After Delivery,D3-DF,Decoy File,detect,Deceive,1,File,0.25,artifact_cooccurrence,detect
T1027,Obfuscated Files or Information,D3-DF,Decoy File,detect,Deceive,1,File,0.25,artifact_cooccurrence,detect
T1033,System Owner/User Discovery,D3-DF,Decoy File,detect,Deceive,1,File,0.25,artifact_cooccurrence,detect
T1036.001,Invalid Code Signature,D3-DF,Decoy File,detect,Deceive,1,File,0.25,artifact_cooccurrence,detect
T1036.003,Rename Legitimate Utilities,D3-DF,Decoy File,detect,Deceive,1,File,0.25,artifact_cooccurrence,detect
T1036.005,Match Legitimate Resource Name or Location,D3-DF,Decoy File,detect,Deceive,1,File,0.25,artifact_cooccurrence,detect
T1036.006,Space after Filename,D3-DF,Decoy File,detect,Deceive,1,File,0.25,artifact_cooccurrence,detect
T1036,Masquerading,D3-DF,Decoy File,detect,Deceive,1,File,0.25,artifact_cooccurrence,detect
T1037.001,Logon Script (Windows),D3-DF,Decoy File,detect,Deceive,1,File,0.25,artifact_cooccurrence,detect
T1037.002,Login Hook,D3-DF,Decoy File,detect,Deceive,1,File,0.25,artifact_cooccurrence,detect
T1037.003,Network Logon Script,D3-DF,Decoy File,detect,Deceive,1,File,0.25,artifact_cooccurrence,detect
T1037.004,RC Scripts,D3-DF,Decoy File,detect,Deceive,1,File,0.25,artifact_cooccurrence,detect
T1037.005,Startup Items,D3-DF,Decoy File,detect,Deceive,1,File,0.25,artifact_cooccurrence,detect
T1037,Boot or Logon Initialization Scripts,D3-DF,Decoy File,detect,Deceive,1,File,0.25,artifact_cooccurrence,detect
T1041,Exfiltration Over C2 Channel,D3-DF,Decoy File,detect,Deceive,1,File,0.25,artifact_cooccurrence,detect
T1048.002,Exfiltration Over Asymmetric Encrypted Non-C2 Protocol,D3-DF,Decoy File,detect,Deceive,1,File,0.25,artifact_cooccurrence,detect
T1048,Exfiltration Over Alternative Protocol,D3-DF,Decoy File,detect,Deceive,1,File,0.25,artifact_cooccurrence,detect
T1053.004,Launchd,D3-DF,Decoy File,detect,Deceive,1,File,0.25,artifact_cooccurrence,detect
T1053,Scheduled Task/Job,D3-DF,Decoy File,detect,Deceive,1,File,0.25,artifact_cooccurrence,detect
T1055.001,Dynamic-link Library Injection,D3-DF,Decoy File,detect,Deceive,1,File,0.25,artifact_cooccurrence,detect
T1055.002,Portable Executable Injection,D3-DF,Decoy File,detect,Deceive,1,File,0.25,artifact_cooccurrence,detect
T1055.003,Thread Execution Hijacking,D3-DF,Decoy File,detect,Deceive,1,File,0.25,artifact_cooccurrence,detect
T1055.009,Proc Memory,D3-DF,Decoy File,detect,Deceive,1,File,0.25,artifact_cooccurrence,detect
T1055.014,VDSO Hijacking,D3-DF,Decoy File,detect,Deceive,1,File,0.25,artifact_cooccurrence,detect
T1055,Process Injection,D3-DF,Decoy File,detect,Deceive,1,File,0.25,artifact_cooccurrence,detect
T1059.001,PowerShell,D3-DF,Decoy File,detect,Deceive,1,File,0.25,artifact_cooccurrence,detect
T1059.002,AppleScript,D3-DF,Decoy File,detect,Deceive,1,File,0.25,artifact_cooccurrence,detect
T1059.003,Windows Command Shell,D3-DF,Decoy File,detect,Deceive,1,File,0.25,artifact_cooccurrence,detect
T1059.004,Unix Shell,D3-DF,Decoy File,detect,Deceive,1,File,0.25,artifact_cooccurrence,detect
T1059.005,Visual Basic,D3-DF,Decoy File,detect,Deceive,1,File,0.25,artifact_cooccurrence,detect
T1059.006,Python,D3-DF,Decoy File,detect,Deceive,1,File,0.25,artifact_cooccurrence,detect
T1059.007,JavaScript,D3-DF,Decoy File,detect,Deceive,1,File,0.25,artifact_cooccurrence,detect
T1059.008,Network Device CLI,D3-DF,Decoy File,detect,Deceive,1,File,0.25,artifact_cooccurrence,detect
T1059.009,Cloud API,D3-DF,Decoy File,detect,Deceive,1,File,0.25,artifact_cooccurrence,detect
T1059.010,AutoHotKey &amp; AutoIT,D3-DF,Decoy File,detect,Deceive,1,File,0.25,artifact_cooccurrence,detect
T1059.011,Lua,D3-DF,Decoy File,detect,Deceive,1,File,0.25,artifact_cooccurrence,detect
T1059.012,Hypervisor CLI,D3-DF,Decoy File,detect,Deceive,1,File,0.25,artifact_cooccurrence,detect
T1059.013,Container CLI/API,D3-DF,Decoy File,detect,Deceive,1,File,0.25,artifact_cooccurrence,detect
T1059,Command and Scripting Interpreter,D3-DF,Decoy File,detect,Deceive,1,File,0.25,artifact_cooccurrence,detect
T1070.002,Clear Linux or Mac System Logs,D3-DF,Decoy File,detect,Deceive,1,File,0.25,artifact_cooccurrence,detect
T1070.004,File Deletion,D3-DF,Decoy File,detect,Deceive,1,File,0.25,artifact_cooccurrence,detect
T1070,Indicator Removal,D3-DF,Decoy File,detect,Deceive,1,File,0.25,artifact_cooccurrence,detect
T1071.001,Web Protocols,D3-DF,Decoy File,detect,Deceive,1,File,0.25,artifact_cooccurrence,detect
T1071.002,File Transfer Protocols,D3-DF,Decoy File,detect,Deceive,1,File,0.25,artifact_cooccurrence,detect
T1071.003,Mail Protocols,D3-DF,Decoy File,detect,Deceive,1,File,0.25,artifact_cooccurrence,detect
T1071.004,DNS,D3-DF,Decoy File,detect,Deceive,1,File,0.25,artifact_cooccurrence,detect
T1071.005,Publish/Subscribe Protocols,D3-DF,Decoy File,detect,Deceive,1,File,0.25,artifact_cooccurrence,detect
T1071,Application Layer Protocol,D3-DF,Decoy File,detect,Deceive,1,File,0.25,artifact_cooccurrence,detect
T1072,Software Deployment Tools,D3-DF,Decoy File,detect,Deceive,1,File,0.25,artifact_cooccurrence,detect
T1074.001,Local Data Staging,D3-DF,Decoy File,detect,Deceive,1,File,0.25,artifact_cooccurrence,detect
T1074,Data Staged,D3-DF,Decoy File,detect,Deceive,1,File,0.25,artifact_cooccurrence,detect
T1083,File and Directory Discovery,D3-DF,Decoy File,detect,Deceive,1,File,0.25,artifact_cooccurrence,detect
T1114.001,Local Email Collection,D3-DF,Decoy File,detect,Deceive,1,File,0.25,artifact_cooccurrence,detect
T1114,Email Collection,D3-DF,Decoy File,detect,Deceive,1,File,0.25,artifact_cooccurrence,detect
T1119,Automated Collection,D3-DF,Decoy File,detect,Deceive,1,File,0.25,artifact_cooccurrence,detect
T1127.001,MSBuild,D3-DF,Decoy File,detect,Deceive,1,File,0.25,artifact_cooccurrence,detect
T1127,Trusted Developer Utilities Proxy Execution,D3-DF,Decoy File,detect,Deceive,1,File,0.25,artifact_cooccurrence,detect
T1137.001,Office Template Macros,D3-DF,Decoy File,detect,Deceive,1,File,0.25,artifact_cooccurrence,detect
T1137.003,Outlook Forms,D3-DF,Decoy File,detect,Deceive,1,File,0.25,artifact_cooccurrence,detect
T1137,Office Application Startup,D3-DF,Decoy File,detect,Deceive,1,File,0.25,artifact_cooccurrence,detect
T1140,Deobfuscate/Decode Files or Information,D3-DF,Decoy File,detect,Deceive,1,File,0.25,artifact_cooccurrence,detect
T1187,Forced Authentication,D3-DF,Decoy File,detect,Deceive,1,File,0.25,artifact_cooccurrence,detect
T1197,BITS Jobs,D3-DF,Decoy File,detect,Deceive,1,File,0.25,artifact_cooccurrence,detect
T1204.002,Malicious File,D3-DF,Decoy File,detect,Deceive,1,File,0.25,artifact_cooccurrence,detect
T1204,User Execution,D3-DF,Decoy File,detect,Deceive,1,File,0.25,artifact_cooccurrence,detect
T1213.001,Confluence,D3-DF,Decoy File,detect,Deceive,1,File,0.25,artifact_cooccurrence,detect
T1213.002,Sharepoint,D3-DF,Decoy File,detect,Deceive,1,File,0.25,artifact_cooccurrence,detect
T1213,Data from Information Repositories,D3-DF,Decoy File,detect,Deceive,1,File,0.25,artifact_cooccurrence,detect
T1218.005,Mshta,D3-DF,Decoy File,detect,Deceive,1,File,0.25,artifact_cooccurrence,detect
T1218.011,Rundll32,D3-DF,Decoy File,detect,Deceive,1,File,0.25,artifact_cooccurrence,detect
T1218,System Binary Proxy Execution,D3-DF,Decoy File,detect,Deceive,1,File,0.25,artifact_cooccurrence,detect
T1220,XSL Script Processing,D3-DF,Decoy File,detect,Deceive,1,File,0.25,artifact_cooccurrence,detect
T1486,Data Encrypted for Impact,D3-DF,Decoy File,detect,Deceive,1,File,0.25,artifact_cooccurrence,detect
T1505.003,Web Shell,D3-DF,Decoy File,detect,Deceive,1,File,0.25,artifact_cooccurrence,detect
T1505,Server Software Component,D3-DF,Decoy File,detect,Deceive,1,File,0.25,artifact_cooccurrence,detect
T1534,Internal Spearphishing,D3-DF,Decoy File,detect,Deceive,1,File,0.25,artifact_cooccurrence,detect
T1543.001,Launch Agent,D3-DF,Decoy File,detect,Deceive,1,File,0.25,artifact_cooccurrence,detect
T1543.002,Systemd Service,D3-DF,Decoy File,detect,Deceive,1,File,0.25,artifact_cooccurrence,detect
T1543.004,Launch Daemon,D3-DF,Decoy File,detect,Deceive,1,File,0.25,artifact_cooccurrence,detect
T1543,Create or Modify System Process,D3-DF,Decoy File,detect,Deceive,1,File,0.25,artifact_cooccurrence,detect
T1546.002,Screensaver,D3-DF,Decoy File,detect,Deceive,1,File,0.25,artifact_cooccurrence,detect
T1546.004,Unix Shell Configuration Modification,D3-DF,Decoy File,detect,Deceive,1,File,0.25,artifact_cooccurrence,detect
T1546.005,Trap,D3-DF,Decoy File,detect,Deceive,1,File,0.25,artifact_cooccurrence,detect
T1546.006,LC_LOAD_DYLIB Addition,D3-DF,Decoy File,detect,Deceive,1,File,0.25,artifact_cooccurrence,detect
T1546.008,Accessibility Features,D3-DF,Decoy File,detect,Deceive,1,File,0.25,artifact_cooccurrence,detect
T1546.009,AppCert DLLs,D3-DF,Decoy File,detect,Deceive,1,File,0.25,artifact_cooccurrence,detect
T1546.010,AppInit DLLs,D3-DF,Decoy File,detect,Deceive,1,File,0.25,artifact_cooccurrence,detect
T1546.013,PowerShell Profile,D3-DF,Decoy File,detect,Deceive,1,File,0.25,artifact_cooccurrence,detect
T1546.014,Emond,D3-DF,Decoy File,detect,Deceive,1,File,0.25,artifact_cooccurrence,detect
T1546.015,Component Object Model Hijacking,D3-DF,Decoy File,detect,Deceive,1,File,0.25,artifact_cooccurrence,detect
T1546,Event Triggered Execution,D3-DF,Decoy File,detect,Deceive,1,File,0.25,artifact_cooccurrence,detect
T1547.001,Registry Run Keys / Startup Folder,D3-DF,Decoy File,detect,Deceive,1,File,0.25,artifact_cooccurrence,detect
T1547.006,Kernel Modules and Extensions,D3-DF,Decoy File,detect,Deceive,1,File,0.25,artifact_cooccurrence,detect
T1547.007,Re-opened Applications,D3-DF,Decoy File,detect,Deceive,1,File,0.25,artifact_cooccurrence,detect
T1547.008,LSASS Driver,D3-DF,Decoy File,detect,Deceive,1,File,0.25,artifact_cooccurrence,detect
T1547.009,Shortcut Modification,D3-DF,Decoy File,detect,Deceive,1,File,0.25,artifact_cooccurrence,detect
T1547.011,Plist Modification,D3-DF,Decoy File,detect,Deceive,1,File,0.25,artifact_cooccurrence,detect
T1547,Boot or Logon Autostart Execution,D3-DF,Decoy File,detect,Deceive,1,File,0.25,artifact_cooccurrence,detect
T1548.002,Bypass User Account Control,D3-DF,Decoy File,detect,Deceive,1,File,0.25,artifact_cooccurrence,detect
T1548.003,Sudo and Sudo Caching,D3-DF,Decoy File,detect,Deceive,1,File,0.25,artifact_cooccurrence,detect
T1548,Abuse Elevation Control Mechanism,D3-DF,Decoy File,detect,Deceive,1,File,0.25,artifact_cooccurrence,detect
T1552.001,Credentials In Files,D3-DF,Decoy File,detect,Deceive,1,File,0.25,artifact_cooccurrence,detect
T1552.003,Shell History,D3-DF,Decoy File,detect,Deceive,1,File,0.25,artifact_cooccurrence,detect
T1552,Unsecured Credentials,D3-DF,Decoy File,detect,Deceive,1,File,0.25,artifact_cooccurrence,detect
T1555.001,Keychain,D3-DF,Decoy File,detect,Deceive,1,File,0.25,artifact_cooccurrence,detect
T1555.002,Securityd Memory,D3-DF,Decoy File,detect,Deceive,1,File,0.25,artifact_cooccurrence,detect
T1555.003,Credentials from Web Browsers,D3-DF,Decoy File,detect,Deceive,1,File,0.25,artifact_cooccurrence,detect
T1555.004,Windows Credential Manager,D3-DF,Decoy File,detect,Deceive,1,File,0.25,artifact_cooccurrence,detect
T1555.005,Password Managers,D3-DF,Decoy File,detect,Deceive,1,File,0.25,artifact_cooccurrence,detect
T1555.006,Cloud Secrets Management Stores,D3-DF,Decoy File,detect,Deceive,1,File,0.25,artifact_cooccurrence,detect
T1555,Credentials from Password Stores,D3-DF,Decoy File,detect,Deceive,1,File,0.25,artifact_cooccurrence,detect
T1556.002,Password Filter DLL,D3-DF,Decoy File,detect,Deceive,1,File,0.25,artifact_cooccurrence,detect
T1556.003,Pluggable Authentication Modules,D3-DF,Decoy File,detect,Deceive,1,File,0.25,artifact_cooccurrence,detect
T1556,Modify Authentication Process,D3-DF,Decoy File,detect,Deceive,1,File,0.25,artifact_cooccurrence,detect
T1560.001,Archive via Utility,D3-DF,Decoy File,detect,Deceive,1,File,0.25,artifact_cooccurrence,detect
T1560.002,Archive via Library,D3-DF,Decoy File,detect,Deceive,1,File,0.25,artifact_cooccurrence,detect
T1560.003,Archive via Custom Method,D3-DF,Decoy File,detect,Deceive,1,File,0.25,artifact_cooccurrence,detect
T1560,Archive Collected Data,D3-DF,Decoy File,detect,Deceive,1,File,0.25,artifact_cooccurrence,detect
T1562.003,Impair Command History Logging,D3-DF,Decoy File,detect,Deceive,1,File,0.25,artifact_cooccurrence,detect
T1562,Impair Defenses,D3-DF,Decoy File,detect,Deceive,1,File,0.25,artifact_cooccurrence,detect
T1564.002,Hidden Users,D3-DF,Decoy File,detect,Deceive,1,File,0.25,artifact_cooccurrence,detect
T1564.003,Hidden Window,D3-DF,Decoy File,detect,Deceive,1,File,0.25,artifact_cooccurrence,detect
T1564.005,Hidden File System,D3-DF,Decoy File,detect,Deceive,1,File,0.25,artifact_cooccurrence,detect
T1564.006,Run Virtual Instance,D3-DF,Decoy File,detect,Deceive,1,File,0.25,artifact_cooccurrence,detect
T1564.007,VBA Stomping,D3-DF,Decoy File,detect,Deceive,1,File,0.25,artifact_cooccurrence,detect
T1564,Hide Artifacts,D3-DF,Decoy File,detect,Deceive,1,File,0.25,artifact_cooccurrence,detect
T1565.001,Stored Data Manipulation,D3-DF,Decoy File,detect,Deceive,1,File,0.25,artifact_cooccurrence,detect
T1565.003,Runtime Data Manipulation,D3-DF,Decoy File,detect,Deceive,1,File,0.25,artifact_cooccurrence,detect
T1565,Data Manipulation,D3-DF,Decoy File,detect,Deceive,1,File,0.25,artifact_cooccurrence,detect
T1566.001,Spearphishing Attachment,D3-DF,Decoy File,detect,Deceive,1,File,0.25,artifact_cooccurrence,detect
T1566.002,Spearphishing Link,D3-DF,Decoy File,detect,Deceive,1,File,0.25,artifact_cooccurrence,detect
T1566.003,Spearphishing via Service,D3-DF,Decoy File,detect,Deceive,1,File,0.25,artifact_cooccurrence,detect
T1566,Phishing,D3-DF,Decoy File,detect,Deceive,1,File,0.25,artifact_cooccurrence,detect
T1573.002,Asymmetric Cryptography,D3-DF,Decoy File,detect,Deceive,1,File,0.25,artifact_cooccurrence,detect
T1573,Encrypted Channel,D3-DF,Decoy File,detect,Deceive,1,File,0.25,artifact_cooccurrence,detect
T1574.001,DLL,D3-DF,Decoy File,detect,Deceive,1,File,0.25,artifact_cooccurrence,detect
T1574.002,DLL Side-Loading,D3-DF,Decoy File,detect,Deceive,1,File,0.25,artifact_cooccurrence,detect
T1574.004,Dylib Hijacking,D3-DF,Decoy File,detect,Deceive,1,File,0.25,artifact_cooccurrence,detect
T1574.006,Dynamic Linker Hijacking,D3-DF,Decoy File,detect,Deceive,1,File,0.25,artifact_cooccurrence,detect
T1574.007,Path Interception by PATH Environment Variable,D3-DF,Decoy File,detect,Deceive,1,File,0.25,artifact_cooccurrence,detect
T1574.008,Path Interception by Search Order Hijacking,D3-DF,Decoy File,detect,Deceive,1,File,0.25,artifact_cooccurrence,detect
T1574.009,Path Interception by Unquoted Path,D3-DF,Decoy File,detect,Deceive,1,File,0.25,artifact_cooccurrence,detect
T1574.012,COR_PROFILER,D3-DF,Decoy File,detect,Deceive,1,File,0.25,artifact_cooccurrence,detect
T1574,Hijack Execution Flow,D3-DF,Decoy File,detect,Deceive,1,File,0.25,artifact_cooccurrence,detect
T1619,Cloud Storage Object Discovery,D3-DF,Decoy File,detect,Deceive,1,File,0.25,artifact_cooccurrence,detect
T1649,Steal or Forge Authentication Certificates,D3-DF,Decoy File,detect,Deceive,1,File,0.25,artifact_cooccurrence,detect
T1037.003,Network Logon Script,D3-DNR,Decoy Network Resource,detect,Deceive,1,Network Resource,0.25,artifact_cooccurrence,detect
T1037,Boot or Logon Initialization Scripts,D3-DNR,Decoy Network Resource,detect,Deceive,1,Network Resource,0.25,artifact_cooccurrence,detect
T1070,Indicator Removal,D3-DNR,Decoy Network Resource,detect,Deceive,1,Network Resource,0.25,artifact_cooccurrence,detect
T1074,Data Staged,D3-DNR,Decoy Network Resource,detect,Deceive,1,Network Resource,0.25,artifact_cooccurrence,detect
T1213.001,Confluence,D3-DNR,Decoy Network Resource,detect,Deceive,1,Network Resource,0.25,artifact_cooccurrence,detect
T1213.002,Sharepoint,D3-DNR,Decoy Network Resource,detect,Deceive,1,Network Resource,0.25,artifact_cooccurrence,detect
T1213,Data from Information Repositories,D3-DNR,Decoy Network Resource,detect,Deceive,1,Network Resource,0.25,artifact_cooccurrence,detect
T1003.003,NTDS,D3-DUC,Decoy User Credential,detect,Deceive,1,Credential,0.25,artifact_cooccurrence,detect
T1003.005,Cached Domain Credentials,D3-DUC,Decoy User Credential,detect,Deceive,1,Credential,0.25,artifact_cooccurrence,detect
T1003.008,/etc/passwd and /etc/shadow,D3-DUC,Decoy User Credential,detect,Deceive,1,Credential,0.25,artifact_cooccurrence,detect
T1003,OS Credential Dumping,D3-DUC,Decoy User Credential,detect,Deceive,1,Credential,0.25,artifact_cooccurrence,detect
T1098.001,Additional Cloud Credentials,D3-DUC,Decoy User Credential,detect,Deceive,1,Credential,0.25,artifact_cooccurrence,detect
T1098,Account Manipulation,D3-DUC,Decoy User Credential,detect,Deceive,1,Credential,0.25,artifact_cooccurrence,detect
T1110.001,Password Guessing,D3-DUC,Decoy User Credential,detect,Deceive,1,Credential,0.25,artifact_cooccurrence,detect
T1110.002,Password Cracking,D3-DUC,Decoy User Credential,detect,Deceive,1,Credential,0.25,artifact_cooccurrence,detect
T1110.003,Password Spraying,D3-DUC,Decoy User Credential,detect,Deceive,1,Credential,0.25,artifact_cooccurrence,detect
T1110,Brute Force,D3-DUC,Decoy User Credential,detect,Deceive,1,Credential,0.25,artifact_cooccurrence,detect
T1134.001,Token Impersonation/Theft,D3-DUC,Decoy User Credential,detect,Deceive,1,Credential,0.25,artifact_cooccurrence,detect
T1134.002,Create Process with Token,D3-DUC,Decoy User Credential,detect,Deceive,1,Credential,0.25,artifact_cooccurrence,detect
T1134.003,Make and Impersonate Token,D3-DUC,Decoy User Credential,detect,Deceive,1,Credential,0.25,artifact_cooccurrence,detect
T1134,Access Token Manipulation,D3-DUC,Decoy User Credential,detect,Deceive,1,Credential,0.25,artifact_cooccurrence,detect
T1142,Keychain,D3-DUC,Decoy User Credential,detect,Deceive,1,Credential,0.25,artifact_cooccurrence,detect
T1528,Steal Application Access Token,D3-DUC,Decoy User Credential,detect,Deceive,1,Credential,0.25,artifact_cooccurrence,detect
T1539,Steal Web Session Cookie,D3-DUC,Decoy User Credential,detect,Deceive,1,Credential,0.25,artifact_cooccurrence,detect
T1550.001,Application Access Token,D3-DUC,Decoy User Credential,detect,Deceive,1,Credential,0.25,artifact_cooccurrence,detect
T1550.004,Web Session Cookie,D3-DUC,Decoy User Credential,detect,Deceive,1,Credential,0.25,artifact_cooccurrence,detect
T1550,Use Alternate Authentication Material,D3-DUC,Decoy User Credential,detect,Deceive,1,Credential,0.25,artifact_cooccurrence,detect
T1552.001,Credentials In Files,D3-DUC,Decoy User Credential,detect,Deceive,1,Credential,0.25,artifact_cooccurrence,detect
T1552.002,Credentials in Registry,D3-DUC,Decoy User Credential,detect,Deceive,1,Credential,0.25,artifact_cooccurrence,detect
T1552.003,Shell History,D3-DUC,Decoy User Credential,detect,Deceive,1,Credential,0.25,artifact_cooccurrence,detect
T1552.004,Private Keys,D3-DUC,Decoy User Credential,detect,Deceive,1,Credential,0.25,artifact_cooccurrence,detect
T1552.005,Cloud Instance Metadata API,D3-DUC,Decoy User Credential,detect,Deceive,1,Credential,0.25,artifact_cooccurrence,detect
T1552.006,Group Policy Preferences,D3-DUC,Decoy User Credential,detect,Deceive,1,Credential,0.25,artifact_cooccurrence,detect
T1552.007,Container API,D3-DUC,Decoy User Credential,detect,Deceive,1,Credential,0.25,artifact_cooccurrence,detect
T1552.008,Chat Messages,D3-DUC,Decoy User Credential,detect,Deceive,1,Credential,0.25,artifact_cooccurrence,detect
T1552,Unsecured Credentials,D3-DUC,Decoy User Credential,detect,Deceive,1,Credential,0.25,artifact_cooccurrence,detect
T1558.001,Golden Ticket,D3-DUC,Decoy User Credential,detect,Deceive,1,Credential,0.25,artifact_cooccurrence,detect
T1558.002,Silver Ticket,D3-DUC,Decoy User Credential,detect,Deceive,1,Credential,0.25,artifact_cooccurrence,detect
T1558.003,Kerberoasting,D3-DUC,Decoy User Credential,detect,Deceive,1,Credential,0.25,artifact_cooccurrence,detect
T1558.004,AS-REP Roasting,D3-DUC,Decoy User Credential,detect,Deceive,1,Credential,0.25,artifact_cooccurrence,detect
T1558.005,Ccache Files,D3-DUC,Decoy User Credential,detect,Deceive,1,Credential,0.25,artifact_cooccurrence,detect
T1558,Steal or Forge Kerberos Tickets,D3-DUC,Decoy User Credential,detect,Deceive,1,Credential,0.25,artifact_cooccurrence,detect
T1606.001,Web Cookies,D3-DUC,Decoy User Credential,detect,Deceive,1,Credential,0.25,artifact_cooccurrence,detect
T1606.002,SAML Tokens,D3-DUC,Decoy User Credential,detect,Deceive,1,Credential,0.25,artifact_cooccurrence,detect
T1606,Forge Web Credentials,D3-DUC,Decoy User Credential,detect,Deceive,1,Credential,0.25,artifact_cooccurrence,detect
T1078.001,Default Accounts,D3-AL,Account Locking,respond,Evict,1,User Account,0.25,artifact_cooccurrence,respond
T1078.002,Domain Accounts,D3-AL,Account Locking,respond,Evict,1,User Account,0.25,artifact_cooccurrence,respond
T1078.003,Local Accounts,D3-AL,Account Locking,respond,Evict,1,User Account,0.25,artifact_cooccurrence,respond
T1078.004,Cloud Accounts,D3-AL,Account Locking,respond,Evict,1,User Account,0.25,artifact_cooccurrence,respond
T1078,Valid Accounts,D3-AL,Account Locking,respond,Evict,1,User Account,0.25,artifact_cooccurrence,respond
T1087.001,Local Account,D3-AL,Account Locking,respond,Evict,1,User Account,0.25,artifact_cooccurrence,respond
T1087.002,Domain Account,D3-AL,Account Locking,respond,Evict,1,User Account,0.25,artifact_cooccurrence,respond
T1087.004,Cloud Account,D3-AL,Account Locking,respond,Evict,1,User Account,0.25,artifact_cooccurrence,respond
T1087,Account Discovery,D3-AL,Account Locking,respond,Evict,1,User Account,0.25,artifact_cooccurrence,respond
T1098.001,Additional Cloud Credentials,D3-AL,Account Locking,respond,Evict,1,User Account,0.25,artifact_cooccurrence,respond
T1098.002,Additional Email Delegate Permissions,D3-AL,Account Locking,respond,Evict,1,User Account,0.25,artifact_cooccurrence,respond
T1098.003,Additional Cloud Roles,D3-AL,Account Locking,respond,Evict,1,User Account,0.25,artifact_cooccurrence,respond
T1098.004,SSH Authorized Keys,D3-AL,Account Locking,respond,Evict,1,User Account,0.25,artifact_cooccurrence,respond
T1098.005,Device Registration,D3-AL,Account Locking,respond,Evict,1,User Account,0.25,artifact_cooccurrence,respond
T1098.006,Additional Container Cluster Roles,D3-AL,Account Locking,respond,Evict,1,User Account,0.25,artifact_cooccurrence,respond
T1098.007,Additional Local or Domain Groups,D3-AL,Account Locking,respond,Evict,1,User Account,0.25,artifact_cooccurrence,respond
T1098,Account Manipulation,D3-AL,Account Locking,respond,Evict,1,User Account,0.25,artifact_cooccurrence,respond
T1136.001,Local Account,D3-AL,Account Locking,respond,Evict,1,User Account,0.25,artifact_cooccurrence,respond
T1136.002,Domain Account,D3-AL,Account Locking,respond,Evict,1,User Account,0.25,artifact_cooccurrence,respond
T1136.003,Cloud Account,D3-AL,Account Locking,respond,Evict,1,User Account,0.25,artifact_cooccurrence,respond
T1136,Create Account,D3-AL,Account Locking,respond,Evict,1,User Account,0.25,artifact_cooccurrence,respond
T1531,Account Access Removal,D3-AL,Account Locking,respond,Evict,1,User Account,0.25,artifact_cooccurrence,respond
T1548.005,Temporary Elevated Cloud Access,D3-AL,Account Locking,respond,Evict,1,User Account,0.25,artifact_cooccurrence,respond
T1548,Abuse Elevation Control Mechanism,D3-AL,Account Locking,respond,Evict,1,User Account,0.25,artifact_cooccurrence,respond
T1003.003,NTDS,D3-ANCI,Authentication Cache Invalidation,respond,Evict,1,Credential,0.25,artifact_cooccurrence,respond
T1003.005,Cached Domain Credentials,D3-ANCI,Authentication Cache Invalidation,respond,Evict,1,Credential,0.25,artifact_cooccurrence,respond
T1003.008,/etc/passwd and /etc/shadow,D3-ANCI,Authentication Cache Invalidation,respond,Evict,1,Credential,0.25,artifact_cooccurrence,respond
T1003,OS Credential Dumping,D3-ANCI,Authentication Cache Invalidation,respond,Evict,1,Credential,0.25,artifact_cooccurrence,respond
T1098.001,Additional Cloud Credentials,D3-ANCI,Authentication Cache Invalidation,respond,Evict,1,Credential,0.25,artifact_cooccurrence,respond
T1098,Account Manipulation,D3-ANCI,Authentication Cache Invalidation,respond,Evict,1,Credential,0.25,artifact_cooccurrence,respond
T1110.001,Password Guessing,D3-ANCI,Authentication Cache Invalidation,respond,Evict,1,Credential,0.25,artifact_cooccurrence,respond
T1110.002,Password Cracking,D3-ANCI,Authentication Cache Invalidation,respond,Evict,1,Credential,0.25,artifact_cooccurrence,respond
T1110.003,Password Spraying,D3-ANCI,Authentication Cache Invalidation,respond,Evict,1,Credential,0.25,artifact_cooccurrence,respond
T1110,Brute Force,D3-ANCI,Authentication Cache Invalidation,respond,Evict,1,Credential,0.25,artifact_cooccurrence,respond
T1134.001,Token Impersonation/Theft,D3-ANCI,Authentication Cache Invalidation,respond,Evict,1,Credential,0.25,artifact_cooccurrence,respond
T1134.002,Create Process with Token,D3-ANCI,Authentication Cache Invalidation,respond,Evict,1,Credential,0.25,artifact_cooccurrence,respond
T1134.003,Make and Impersonate Token,D3-ANCI,Authentication Cache Invalidation,respond,Evict,1,Credential,0.25,artifact_cooccurrence,respond
T1134,Access Token Manipulation,D3-ANCI,Authentication Cache Invalidation,respond,Evict,1,Credential,0.25,artifact_cooccurrence,respond
T1142,Keychain,D3-ANCI,Authentication Cache Invalidation,respond,Evict,1,Credential,0.25,artifact_cooccurrence,respond
T1528,Steal Application Access Token,D3-ANCI,Authentication Cache Invalidation,respond,Evict,1,Credential,0.25,artifact_cooccurrence,respond
T1539,Steal Web Session Cookie,D3-ANCI,Authentication Cache Invalidation,respond,Evict,1,Credential,0.25,artifact_cooccurrence,respond
T1550.001,Application Access Token,D3-ANCI,Authentication Cache Invalidation,respond,Evict,1,Credential,0.25,artifact_cooccurrence,respond
T1550.004,Web Session Cookie,D3-ANCI,Authentication Cache Invalidation,respond,Evict,1,Credential,0.25,artifact_cooccurrence,respond
T1550,Use Alternate Authentication Material,D3-ANCI,Authentication Cache Invalidation,respond,Evict,1,Credential,0.25,artifact_cooccurrence,respond
T1552.001,Credentials In Files,D3-ANCI,Authentication Cache Invalidation,respond,Evict,1,Credential,0.25,artifact_cooccurrence,respond
T1552.002,Credentials in Registry,D3-ANCI,Authentication Cache Invalidation,respond,Evict,1,Credential,0.25,artifact_cooccurrence,respond
T1552.003,Shell History,D3-ANCI,Authentication Cache Invalidation,respond,Evict,1,Credential,0.25,artifact_cooccurrence,respond
T1552.004,Private Keys,D3-ANCI,Authentication Cache Invalidation,respond,Evict,1,Credential,0.25,artifact_cooccurrence,respond
T1552.005,Cloud Instance Metadata API,D3-ANCI,Authentication Cache Invalidation,respond,Evict,1,Credential,0.25,artifact_cooccurrence,respond
T1552.006,Group Policy Preferences,D3-ANCI,Authentication Cache Invalidation,respond,Evict,1,Credential,0.25,artifact_cooccurrence,respond
T1552.007,Container API,D3-ANCI,Authentication Cache Invalidation,respond,Evict,1,Credential,0.25,artifact_cooccurrence,respond
T1552.008,Chat Messages,D3-ANCI,Authentication Cache Invalidation,respond,Evict,1,Credential,0.25,artifact_cooccurrence,respond
T1552,Unsecured Credentials,D3-ANCI,Authentication Cache Invalidation,respond,Evict,1,Credential,0.25,artifact_cooccurrence,respond
T1558.001,Golden Ticket,D3-ANCI,Authentication Cache Invalidation,respond,Evict,1,Credential,0.25,artifact_cooccurrence,respond
T1558.002,Silver Ticket,D3-ANCI,Authentication Cache Invalidation,respond,Evict,1,Credential,0.25,artifact_cooccurrence,respond
T1558.003,Kerberoasting,D3-ANCI,Authentication Cache Invalidation,respond,Evict,1,Credential,0.25,artifact_cooccurrence,respond
T1558.004,AS-REP Roasting,D3-ANCI,Authentication Cache Invalidation,respond,Evict,1,Credential,0.25,artifact_cooccurrence,respond
T1558.005,Ccache Files,D3-ANCI,Authentication Cache Invalidation,respond,Evict,1,Credential,0.25,artifact_cooccurrence,respond
T1558,Steal or Forge Kerberos Tickets,D3-ANCI,Authentication Cache Invalidation,respond,Evict,1,Credential,0.25,artifact_cooccurrence,respond
T1606.001,Web Cookies,D3-ANCI,Authentication Cache Invalidation,respond,Evict,1,Credential,0.25,artifact_cooccurrence,respond
T1606.002,SAML Tokens,D3-ANCI,Authentication Cache Invalidation,respond,Evict,1,Credential,0.25,artifact_cooccurrence,respond
T1606,Forge Web Credentials,D3-ANCI,Authentication Cache Invalidation,respond,Evict,1,Credential,0.25,artifact_cooccurrence,respond
T1003.003,NTDS,D3-CR,Credential Revocation,respond,Evict,1,Credential,0.25,artifact_cooccurrence,respond
T1003.005,Cached Domain Credentials,D3-CR,Credential Revocation,respond,Evict,1,Credential,0.25,artifact_cooccurrence,respond
T1003.008,/etc/passwd and /etc/shadow,D3-CR,Credential Revocation,respond,Evict,1,Credential,0.25,artifact_cooccurrence,respond
T1003,OS Credential Dumping,D3-CR,Credential Revocation,respond,Evict,1,Credential,0.25,artifact_cooccurrence,respond
T1098.001,Additional Cloud Credentials,D3-CR,Credential Revocation,respond,Evict,1,Credential,0.25,artifact_cooccurrence,respond
T1098,Account Manipulation,D3-CR,Credential Revocation,respond,Evict,1,Credential,0.25,artifact_cooccurrence,respond
T1110.001,Password Guessing,D3-CR,Credential Revocation,respond,Evict,1,Credential,0.25,artifact_cooccurrence,respond
T1110.002,Password Cracking,D3-CR,Credential Revocation,respond,Evict,1,Credential,0.25,artifact_cooccurrence,respond
T1110.003,Password Spraying,D3-CR,Credential Revocation,respond,Evict,1,Credential,0.25,artifact_cooccurrence,respond
T1110,Brute Force,D3-CR,Credential Revocation,respond,Evict,1,Credential,0.25,artifact_cooccurrence,respond
T1134.001,Token Impersonation/Theft,D3-CR,Credential Revocation,respond,Evict,1,Credential,0.25,artifact_cooccurrence,respond
T1134.002,Create Process with Token,D3-CR,Credential Revocation,respond,Evict,1,Credential,0.25,artifact_cooccurrence,respond
T1134.003,Make and Impersonate Token,D3-CR,Credential Revocation,respond,Evict,1,Credential,0.25,artifact_cooccurrence,respond
T1134,Access Token Manipulation,D3-CR,Credential Revocation,respond,Evict,1,Credential,0.25,artifact_cooccurrence,respond
T1142,Keychain,D3-CR,Credential Revocation,respond,Evict,1,Credential,0.25,artifact_cooccurrence,respond
T1528,Steal Application Access Token,D3-CR,Credential Revocation,respond,Evict,1,Credential,0.25,artifact_cooccurrence,respond
T1539,Steal Web Session Cookie,D3-CR,Credential Revocation,respond,Evict,1,Credential,0.25,artifact_cooccurrence,respond
T1550.001,Application Access Token,D3-CR,Credential Revocation,respond,Evict,1,Credential,0.25,artifact_cooccurrence,respond
T1550.004,Web Session Cookie,D3-CR,Credential Revocation,respond,Evict,1,Credential,0.25,artifact_cooccurrence,respond
T1550,Use Alternate Authentication Material,D3-CR,Credential Revocation,respond,Evict,1,Credential,0.25,artifact_cooccurrence,respond
T1552.001,Credentials In Files,D3-CR,Credential Revocation,respond,Evict,1,Credential,0.25,artifact_cooccurrence,respond
T1552.002,Credentials in Registry,D3-CR,Credential Revocation,respond,Evict,1,Credential,0.25,artifact_cooccurrence,respond
T1552.003,Shell History,D3-CR,Credential Revocation,respond,Evict,1,Credential,0.25,artifact_cooccurrence,respond
T1552.004,Private Keys,D3-CR,Credential Revocation,respond,Evict,1,Credential,0.25,artifact_cooccurrence,respond
T1552.005,Cloud Instance Metadata API,D3-CR,Credential Revocation,respond,Evict,1,Credential,0.25,artifact_cooccurrence,respond
T1552.006,Group Policy Preferences,D3-CR,Credential Revocation,respond,Evict,1,Credential,0.25,artifact_cooccurrence,respond
T1552.007,Container API,D3-CR,Credential Revocation,respond,Evict,1,Credential,0.25,artifact_cooccurrence,respond
T1552.008,Chat Messages,D3-CR,Credential Revocation,respond,Evict,1,Credential,0.25,artifact_cooccurrence,respond
T1552,Unsecured Credentials,D3-CR,Credential Revocation,respond,Evict,1,Credential,0.25,artifact_cooccurrence,respond
T1558.001,Golden Ticket,D3-CR,Credential Revocation,respond,Evict,1,Credential,0.25,artifact_cooccurrence,respond
T1558.002,Silver Ticket,D3-CR,Credential Revocation,respond,Evict,1,Credential,0.25,artifact_cooccurrence,respond
T1558.003,Kerberoasting,D3-CR,Credential Revocation,respond,Evict,1,Credential,0.25,artifact_cooccurrence,respond
T1558.004,AS-REP Roasting,D3-CR,Credential Revocation,respond,Evict,1,Credential,0.25,artifact_cooccurrence,respond
T1558.005,Ccache Files,D3-CR,Credential Revocation,respond,Evict,1,Credential,0.25,artifact_cooccurrence,respond
T1558,Steal or Forge Kerberos Tickets,D3-CR,Credential Revocation,respond,Evict,1,Credential,0.25,artifact_cooccurrence,respond
T1606.001,Web Cookies,D3-CR,Credential Revocation,respond,Evict,1,Credential,0.25,artifact_cooccurrence,respond
T1606.002,SAML Tokens,D3-CR,Credential Revocation,respond,Evict,1,Credential,0.25,artifact_cooccurrence,respond
T1606,Forge Web Credentials,D3-CR,Credential Revocation,respond,Evict,1,Credential,0.25,artifact_cooccurrence,respond
T1619,Cloud Storage Object Discovery,D3-DKE,Disk Erasure,respond,Evict,1,Secondary Storage,0.25,artifact_cooccurrence,respond
T1114.001,Local Email Collection,D3-ER,Email Removal,respond,Evict,1,Email,0.25,artifact_cooccurrence,respond
T1114.002,Remote Email Collection,D3-ER,Email Removal,respond,Evict,1,Mail Server,0.25,artifact_cooccurrence,respond
T1114,Email Collection,D3-ER,Email Removal,respond,Evict,2,Email|Mail Server,0.25,artifact_cooccurrence,respond
T1505.002,Transport Agent,D3-ER,Email Removal,respond,Evict,1,Mail Server,0.25,artifact_cooccurrence,respond
T1505,Server Software Component,D3-ER,Email Removal,respond,Evict,1,Mail Server,0.25,artifact_cooccurrence,respond
T1534,Internal Spearphishing,D3-ER,Email Removal,respond,Evict,1,Email,0.25,artifact_cooccurrence,respond
T1566.001,Spearphishing Attachment,D3-ER,Email Removal,respond,Evict,1,Email,0.25,artifact_cooccurrence,respond
T1566.002,Spearphishing Link,D3-ER,Email Removal,respond,Evict,1,Email,0.25,artifact_cooccurrence,respond
T1566,Phishing,D3-ER,Email Removal,respond,Evict,1,Email,0.25,artifact_cooccurrence,respond
T1112,Modify Registry,D3-RKD,Registry Key Deletion,respond,Evict,1,Windows Registry Key,0.25,artifact_cooccurrence,respond
T1562.003,Impair Command History Logging,D3-RKD,Registry Key Deletion,respond,Evict,1,Windows Registry Key,0.25,artifact_cooccurrence,respond
T1562,Impair Defenses,D3-RKD,Registry Key Deletion,respond,Evict,1,Windows Registry Key,0.25,artifact_cooccurrence,respond
T1003.001,LSASS Memory,D3-HR,Host Reboot,respond,Evict,1,Process,0.25,artifact_cooccurrence,respond
T1003.002,Security Account Manager,D3-HR,Host Reboot,respond,Evict,1,Process,0.25,artifact_cooccurrence,respond
T1003.004,LSA Secrets,D3-HR,Host Reboot,respond,Evict,1,Process,0.25,artifact_cooccurrence,respond
T1003,OS Credential Dumping,D3-HR,Host Reboot,respond,Evict,1,Process,0.25,artifact_cooccurrence,respond
T1033,System Owner/User Discovery,D3-HR,Host Reboot,respond,Evict,1,Process,0.25,artifact_cooccurrence,respond
T1053.001,At (Linux) Execution,D3-HR,Host Reboot,respond,Evict,1,Process,0.25,artifact_cooccurrence,respond
T1053.002,At,D3-HR,Host Reboot,respond,Evict,1,Process,0.25,artifact_cooccurrence,respond
T1053.003,Cron,D3-HR,Host Reboot,respond,Evict,1,Process,0.25,artifact_cooccurrence,respond
T1053.004,Launchd,D3-HR,Host Reboot,respond,Evict,1,Process,0.25,artifact_cooccurrence,respond
T1053.005,Scheduled Task,D3-HR,Host Reboot,respond,Evict,1,Process,0.25,artifact_cooccurrence,respond
T1053.006,Systemd Timers,D3-HR,Host Reboot,respond,Evict,1,Process,0.25,artifact_cooccurrence,respond
T1053.007,Container Orchestration Job,D3-HR,Host Reboot,respond,Evict,1,Process,0.25,artifact_cooccurrence,respond
T1053,Scheduled Task/Job,D3-HR,Host Reboot,respond,Evict,1,Process,0.25,artifact_cooccurrence,respond
T1212,Exploitation for Credential Access,D3-HR,Host Reboot,respond,Evict,1,Process,0.25,artifact_cooccurrence,respond
T1505.002,Transport Agent,D3-HR,Host Reboot,respond,Evict,1,Process,0.25,artifact_cooccurrence,respond
T1505.003,Web Shell,D3-HR,Host Reboot,respond,Evict,1,Process,0.25,artifact_cooccurrence,respond
T1505,Server Software Component,D3-HR,Host Reboot,respond,Evict,1,Process,0.25,artifact_cooccurrence,respond
T1546.007,Netsh Helper DLL,D3-HR,Host Reboot,respond,Evict,1,Process,0.25,artifact_cooccurrence,respond
T1546,Event Triggered Execution,D3-HR,Host Reboot,respond,Evict,1,Process,0.25,artifact_cooccurrence,respond
T1550.001,Application Access Token,D3-HR,Host Reboot,respond,Evict,1,Process,0.25,artifact_cooccurrence,respond
T1550.002,Pass the Hash,D3-HR,Host Reboot,respond,Evict,1,Process,0.25,artifact_cooccurrence,respond
T1550.003,Pass the Ticket,D3-HR,Host Reboot,respond,Evict,1,Process,0.25,artifact_cooccurrence,respond
T1550.004,Web Session Cookie,D3-HR,Host Reboot,respond,Evict,1,Process,0.25,artifact_cooccurrence,respond
T1550,Use Alternate Authentication Material,D3-HR,Host Reboot,respond,Evict,1,Process,0.25,artifact_cooccurrence,respond
T1556.001,Domain Controller Authentication,D3-HR,Host Reboot,respond,Evict,1,Process,0.25,artifact_cooccurrence,respond
T1556.002,Password Filter DLL,D3-HR,Host Reboot,respond,Evict,1,Process,0.25,artifact_cooccurrence,respond
T1556.003,Pluggable Authentication Modules,D3-HR,Host Reboot,respond,Evict,1,Process,0.25,artifact_cooccurrence,respond
T1556.004,Network Device Authentication,D3-HR,Host Reboot,respond,Evict,1,Process,0.25,artifact_cooccurrence,respond
T1556.005,Reversible Encryption,D3-HR,Host Reboot,respond,Evict,1,Process,0.25,artifact_cooccurrence,respond
T1556.006,Multi-Factor Authentication,D3-HR,Host Reboot,respond,Evict,1,Process,0.25,artifact_cooccurrence,respond
T1556.007,Hybrid Identity,D3-HR,Host Reboot,respond,Evict,1,Process,0.25,artifact_cooccurrence,respond
T1556.008,Network Provider DLL,D3-HR,Host Reboot,respond,Evict,1,Process,0.25,artifact_cooccurrence,respond
T1556.009,Conditional Access Policies,D3-HR,Host Reboot,respond,Evict,1,Process,0.25,artifact_cooccurrence,respond
T1556,Modify Authentication Process,D3-HR,Host Reboot,respond,Evict,1,Process,0.25,artifact_cooccurrence,respond
T1562.001,Disable or Modify Tools,D3-HR,Host Reboot,respond,Evict,1,Process,0.25,artifact_cooccurrence,respond
T1562,Impair Defenses,D3-HR,Host Reboot,respond,Evict,1,Process,0.25,artifact_cooccurrence,respond
T1621,Multi-Factor Authentication Request Generation,D3-HR,Host Reboot,respond,Evict,1,Process,0.25,artifact_cooccurrence,respond
T1003.001,LSASS Memory,D3-PS,Process Suspension,respond,Evict,1,Process,0.25,artifact_cooccurrence,respond
T1003.002,Security Account Manager,D3-PS,Process Suspension,respond,Evict,1,Process,0.25,artifact_cooccurrence,respond
T1003.004,LSA Secrets,D3-PS,Process Suspension,respond,Evict,1,Process,0.25,artifact_cooccurrence,respond
T1003,OS Credential Dumping,D3-PS,Process Suspension,respond,Evict,1,Process,0.25,artifact_cooccurrence,respond
T1033,System Owner/User Discovery,D3-PS,Process Suspension,respond,Evict,1,Process,0.25,artifact_cooccurrence,respond
T1053.001,At (Linux) Execution,D3-PS,Process Suspension,respond,Evict,1,Process,0.25,artifact_cooccurrence,respond
T1053.002,At,D3-PS,Process Suspension,respond,Evict,1,Process,0.25,artifact_cooccurrence,respond
T1053.003,Cron,D3-PS,Process Suspension,respond,Evict,1,Process,0.25,artifact_cooccurrence,respond
T1053.004,Launchd,D3-PS,Process Suspension,respond,Evict,1,Process,0.25,artifact_cooccurrence,respond
T1053.005,Scheduled Task,D3-PS,Process Suspension,respond,Evict,1,Process,0.25,artifact_cooccurrence,respond
T1053.006,Systemd Timers,D3-PS,Process Suspension,respond,Evict,1,Process,0.25,artifact_cooccurrence,respond
T1053.007,Container Orchestration Job,D3-PS,Process Suspension,respond,Evict,1,Process,0.25,artifact_cooccurrence,respond
T1053,Scheduled Task/Job,D3-PS,Process Suspension,respond,Evict,1,Process,0.25,artifact_cooccurrence,respond
T1212,Exploitation for Credential Access,D3-PS,Process Suspension,respond,Evict,1,Process,0.25,artifact_cooccurrence,respond
T1505.002,Transport Agent,D3-PS,Process Suspension,respond,Evict,1,Process,0.25,artifact_cooccurrence,respond
T1505.003,Web Shell,D3-PS,Process Suspension,respond,Evict,1,Process,0.25,artifact_cooccurrence,respond
T1505,Server Software Component,D3-PS,Process Suspension,respond,Evict,1,Process,0.25,artifact_cooccurrence,respond
T1546.007,Netsh Helper DLL,D3-PS,Process Suspension,respond,Evict,1,Process,0.25,artifact_cooccurrence,respond
T1546,Event Triggered Execution,D3-PS,Process Suspension,respond,Evict,1,Process,0.25,artifact_cooccurrence,respond
T1550.001,Application Access Token,D3-PS,Process Suspension,respond,Evict,1,Process,0.25,artifact_cooccurrence,respond
T1550.002,Pass the Hash,D3-PS,Process Suspension,respond,Evict,1,Process,0.25,artifact_cooccurrence,respond
T1550.003,Pass the Ticket,D3-PS,Process Suspension,respond,Evict,1,Process,0.25,artifact_cooccurrence,respond
T1550.004,Web Session Cookie,D3-PS,Process Suspension,respond,Evict,1,Process,0.25,artifact_cooccurrence,respond
T1550,Use Alternate Authentication Material,D3-PS,Process Suspension,respond,Evict,1,Process,0.25,artifact_cooccurrence,respond
T1556.001,Domain Controller Authentication,D3-PS,Process Suspension,respond,Evict,1,Process,0.25,artifact_cooccurrence,respond
T1556.002,Password Filter DLL,D3-PS,Process Suspension,respond,Evict,1,Process,0.25,artifact_cooccurrence,respond
T1556.003,Pluggable Authentication Modules,D3-PS,Process Suspension,respond,Evict,1,Process,0.25,artifact_cooccurrence,respond
T1556.004,Network Device Authentication,D3-PS,Process Suspension,respond,Evict,1,Process,0.25,artifact_cooccurrence,respond
T1556.005,Reversible Encryption,D3-PS,Process Suspension,respond,Evict,1,Process,0.25,artifact_cooccurrence,respond
T1556.006,Multi-Factor Authentication,D3-PS,Process Suspension,respond,Evict,1,Process,0.25,artifact_cooccurrence,respond
T1556.007,Hybrid Identity,D3-PS,Process Suspension,respond,Evict,1,Process,0.25,artifact_cooccurrence,respond
T1556.008,Network Provider DLL,D3-PS,Process Suspension,respond,Evict,1,Process,0.25,artifact_cooccurrence,respond
T1556.009,Conditional Access Policies,D3-PS,Process Suspension,respond,Evict,1,Process,0.25,artifact_cooccurrence,respond
T1556,Modify Authentication Process,D3-PS,Process Suspension,respond,Evict,1,Process,0.25,artifact_cooccurrence,respond
T1562.001,Disable or Modify Tools,D3-PS,Process Suspension,respond,Evict,1,Process,0.25,artifact_cooccurrence,respond
T1562,Impair Defenses,D3-PS,Process Suspension,respond,Evict,1,Process,0.25,artifact_cooccurrence,respond
T1621,Multi-Factor Authentication Request Generation,D3-PS,Process Suspension,respond,Evict,1,Process,0.25,artifact_cooccurrence,respond
T1003.001,LSASS Memory,D3-PT,Process Termination,respond,Evict,1,Process,0.25,artifact_cooccurrence,respond
T1003.002,Security Account Manager,D3-PT,Process Termination,respond,Evict,1,Process,0.25,artifact_cooccurrence,respond
T1003.004,LSA Secrets,D3-PT,Process Termination,respond,Evict,1,Process,0.25,artifact_cooccurrence,respond
T1003,OS Credential Dumping,D3-PT,Process Termination,respond,Evict,1,Process,0.25,artifact_cooccurrence,respond
T1033,System Owner/User Discovery,D3-PT,Process Termination,respond,Evict,1,Process,0.25,artifact_cooccurrence,respond
T1053.001,At (Linux) Execution,D3-PT,Process Termination,respond,Evict,1,Process,0.25,artifact_cooccurrence,respond
T1053.002,At,D3-PT,Process Termination,respond,Evict,1,Process,0.25,artifact_cooccurrence,respond
T1053.003,Cron,D3-PT,Process Termination,respond,Evict,1,Process,0.25,artifact_cooccurrence,respond
T1053.004,Launchd,D3-PT,Process Termination,respond,Evict,1,Process,0.25,artifact_cooccurrence,respond
T1053.005,Scheduled Task,D3-PT,Process Termination,respond,Evict,1,Process,0.25,artifact_cooccurrence,respond
T1053.006,Systemd Timers,D3-PT,Process Termination,respond,Evict,1,Process,0.25,artifact_cooccurrence,respond
T1053.007,Container Orchestration Job,D3-PT,Process Termination,respond,Evict,1,Process,0.25,artifact_cooccurrence,respond
T1053,Scheduled Task/Job,D3-PT,Process Termination,respond,Evict,1,Process,0.25,artifact_cooccurrence,respond
T1212,Exploitation for Credential Access,D3-PT,Process Termination,respond,Evict,1,Process,0.25,artifact_cooccurrence,respond
T1505.002,Transport Agent,D3-PT,Process Termination,respond,Evict,1,Process,0.25,artifact_cooccurrence,respond
T1505.003,Web Shell,D3-PT,Process Termination,respond,Evict,1,Process,0.25,artifact_cooccurrence,respond
T1505,Server Software Component,D3-PT,Process Termination,respond,Evict,1,Process,0.25,artifact_cooccurrence,respond
T1546.007,Netsh Helper DLL,D3-PT,Process Termination,respond,Evict,1,Process,0.25,artifact_cooccurrence,respond
T1546,Event Triggered Execution,D3-PT,Process Termination,respond,Evict,1,Process,0.25,artifact_cooccurrence,respond
T1550.001,Application Access Token,D3-PT,Process Termination,respond,Evict,1,Process,0.25,artifact_cooccurrence,respond
T1550.002,Pass the Hash,D3-PT,Process Termination,respond,Evict,1,Process,0.25,artifact_cooccurrence,respond
T1550.003,Pass the Ticket,D3-PT,Process Termination,respond,Evict,1,Process,0.25,artifact_cooccurrence,respond
T1550.004,Web Session Cookie,D3-PT,Process Termination,respond,Evict,1,Process,0.25,artifact_cooccurrence,respond
T1550,Use Alternate Authentication Material,D3-PT,Process Termination,respond,Evict,1,Process,0.25,artifact_cooccurrence,respond
T1556.001,Domain Controller Authentication,D3-PT,Process Termination,respond,Evict,1,Process,0.25,artifact_cooccurrence,respond
T1556.002,Password Filter DLL,D3-PT,Process Termination,respond,Evict,1,Process,0.25,artifact_cooccurrence,respond
T1556.003,Pluggable Authentication Modules,D3-PT,Process Termination,respond,Evict,1,Process,0.25,artifact_cooccurrence,respond
T1556.004,Network Device Authentication,D3-PT,Process Termination,respond,Evict,1,Process,0.25,artifact_cooccurrence,respond
T1556.005,Reversible Encryption,D3-PT,Process Termination,respond,Evict,1,Process,0.25,artifact_cooccurrence,respond
T1556.006,Multi-Factor Authentication,D3-PT,Process Termination,respond,Evict,1,Process,0.25,artifact_cooccurrence,respond
T1556.007,Hybrid Identity,D3-PT,Process Termination,respond,Evict,1,Process,0.25,artifact_cooccurrence,respond
T1556.008,Network Provider DLL,D3-PT,Process Termination,respond,Evict,1,Process,0.25,artifact_cooccurrence,respond
T1556.009,Conditional Access Policies,D3-PT,Process Termination,respond,Evict,1,Process,0.25,artifact_cooccurrence,respond
T1556,Modify Authentication Process,D3-PT,Process Termination,respond,Evict,1,Process,0.25,artifact_cooccurrence,respond
T1562.001,Disable or Modify Tools,D3-PT,Process Termination,respond,Evict,1,Process,0.25,artifact_cooccurrence,respond
T1562,Impair Defenses,D3-PT,Process Termination,respond,Evict,1,Process,0.25,artifact_cooccurrence,respond
T1621,Multi-Factor Authentication Request Generation,D3-PT,Process Termination,respond,Evict,1,Process,0.25,artifact_cooccurrence,respond
T1021.001,Remote Desktop Protocol,D3-ST,Session Termination,respond,Evict,1,Session,0.25,artifact_cooccurrence,respond
T1021.004,SSH,D3-ST,Session Termination,respond,Evict,1,Session,0.25,artifact_cooccurrence,respond
T1021,Remote Services,D3-ST,Session Termination,respond,Evict,1,Session,0.25,artifact_cooccurrence,respond
T1134.003,Make and Impersonate Token,D3-ST,Session Termination,respond,Evict,1,Session,0.25,artifact_cooccurrence,respond
T1134,Access Token Manipulation,D3-ST,Session Termination,respond,Evict,1,Session,0.25,artifact_cooccurrence,respond
T1199,Trusted Relationship,D3-ST,Session Termination,respond,Evict,1,Session,0.25,artifact_cooccurrence,respond
T1563.001,SSH Hijacking,D3-ST,Session Termination,respond,Evict,1,Session,0.25,artifact_cooccurrence,respond
T1563.002,RDP Hijacking,D3-ST,Session Termination,respond,Evict,1,Session,0.25,artifact_cooccurrence,respond
T1563,Remote Service Session Hijacking,D3-ST,Session Termination,respond,Evict,1,Session,0.25,artifact_cooccurrence,respond
T1003.003,NTDS,D3-RIC,Reissue Credential,respond,Restore,1,Credential,0.25,artifact_cooccurrence,respond
T1003.005,Cached Domain Credentials,D3-RIC,Reissue Credential,respond,Restore,1,Credential,0.25,artifact_cooccurrence,respond
T1003.008,/etc/passwd and /etc/shadow,D3-RIC,Reissue Credential,respond,Restore,1,Credential,0.25,artifact_cooccurrence,respond
T1003,OS Credential Dumping,D3-RIC,Reissue Credential,respond,Restore,1,Credential,0.25,artifact_cooccurrence,respond
T1098.001,Additional Cloud Credentials,D3-RIC,Reissue Credential,respond,Restore,1,Credential,0.25,artifact_cooccurrence,respond
T1098,Account Manipulation,D3-RIC,Reissue Credential,respond,Restore,1,Credential,0.25,artifact_cooccurrence,respond
T1110.001,Password Guessing,D3-RIC,Reissue Credential,respond,Restore,1,Credential,0.25,artifact_cooccurrence,respond
T1110.002,Password Cracking,D3-RIC,Reissue Credential,respond,Restore,1,Credential,0.25,artifact_cooccurrence,respond
T1110.003,Password Spraying,D3-RIC,Reissue Credential,respond,Restore,1,Credential,0.25,artifact_cooccurrence,respond
T1110,Brute Force,D3-RIC,Reissue Credential,respond,Restore,1,Credential,0.25,artifact_cooccurrence,respond
T1134.001,Token Impersonation/Theft,D3-RIC,Reissue Credential,respond,Restore,1,Credential,0.25,artifact_cooccurrence,respond
T1134.002,Create Process with Token,D3-RIC,Reissue Credential,respond,Restore,1,Credential,0.25,artifact_cooccurrence,respond
T1134.003,Make and Impersonate Token,D3-RIC,Reissue Credential,respond,Restore,1,Credential,0.25,artifact_cooccurrence,respond
T1134,Access Token Manipulation,D3-RIC,Reissue Credential,respond,Restore,1,Credential,0.25,artifact_cooccurrence,respond
T1142,Keychain,D3-RIC,Reissue Credential,respond,Restore,1,Credential,0.25,artifact_cooccurrence,respond
T1528,Steal Application Access Token,D3-RIC,Reissue Credential,respond,Restore,1,Credential,0.25,artifact_cooccurrence,respond
T1539,Steal Web Session Cookie,D3-RIC,Reissue Credential,respond,Restore,1,Credential,0.25,artifact_cooccurrence,respond
T1550.001,Application Access Token,D3-RIC,Reissue Credential,respond,Restore,1,Credential,0.25,artifact_cooccurrence,respond
T1550.004,Web Session Cookie,D3-RIC,Reissue Credential,respond,Restore,1,Credential,0.25,artifact_cooccurrence,respond
T1550,Use Alternate Authentication Material,D3-RIC,Reissue Credential,respond,Restore,1,Credential,0.25,artifact_cooccurrence,respond
T1552.001,Credentials In Files,D3-RIC,Reissue Credential,respond,Restore,1,Credential,0.25,artifact_cooccurrence,respond
T1552.002,Credentials in Registry,D3-RIC,Reissue Credential,respond,Restore,1,Credential,0.25,artifact_cooccurrence,respond
T1552.003,Shell History,D3-RIC,Reissue Credential,respond,Restore,1,Credential,0.25,artifact_cooccurrence,respond
T1552.004,Private Keys,D3-RIC,Reissue Credential,respond,Restore,1,Credential,0.25,artifact_cooccurrence,respond
T1552.005,Cloud Instance Metadata API,D3-RIC,Reissue Credential,respond,Restore,1,Credential,0.25,artifact_cooccurrence,respond
T1552.006,Group Policy Preferences,D3-RIC,Reissue Credential,respond,Restore,1,Credential,0.25,artifact_cooccurrence,respond
T1552.007,Container API,D3-RIC,Reissue Credential,respond,Restore,1,Credential,0.25,artifact_cooccurrence,respond
T1552.008,Chat Messages,D3-RIC,Reissue Credential,respond,Restore,1,Credential,0.25,artifact_cooccurrence,respond
T1552,Unsecured Credentials,D3-RIC,Reissue Credential,respond,Restore,1,Credential,0.25,artifact_cooccurrence,respond
T1558.001,Golden Ticket,D3-RIC,Reissue Credential,respond,Restore,1,Credential,0.25,artifact_cooccurrence,respond
T1558.002,Silver Ticket,D3-RIC,Reissue Credential,respond,Restore,1,Credential,0.25,artifact_cooccurrence,respond
T1558.003,Kerberoasting,D3-RIC,Reissue Credential,respond,Restore,1,Credential,0.25,artifact_cooccurrence,respond
T1558.004,AS-REP Roasting,D3-RIC,Reissue Credential,respond,Restore,1,Credential,0.25,artifact_cooccurrence,respond
T1558.005,Ccache Files,D3-RIC,Reissue Credential,respond,Restore,1,Credential,0.25,artifact_cooccurrence,respond
T1558,Steal or Forge Kerberos Tickets,D3-RIC,Reissue Credential,respond,Restore,1,Credential,0.25,artifact_cooccurrence,respond
T1606.001,Web Cookies,D3-RIC,Reissue Credential,respond,Restore,1,Credential,0.25,artifact_cooccurrence,respond
T1606.002,SAML Tokens,D3-RIC,Reissue Credential,respond,Restore,1,Credential,0.25,artifact_cooccurrence,respond
T1606,Forge Web Credentials,D3-RIC,Reissue Credential,respond,Restore,1,Credential,0.25,artifact_cooccurrence,respond
T1114.002,Remote Email Collection,D3-RNA,Restore Network Access,respond,Restore,1,Host,0.25,artifact_cooccurrence,respond
T1114,Email Collection,D3-RNA,Restore Network Access,respond,Restore,1,Host,0.25,artifact_cooccurrence,respond
T1505.002,Transport Agent,D3-RNA,Restore Network Access,respond,Restore,1,Host,0.25,artifact_cooccurrence,respond
T1505.003,Web Shell,D3-RNA,Restore Network Access,respond,Restore,1,Host,0.25,artifact_cooccurrence,respond
T1505,Server Software Component,D3-RNA,Restore Network Access,respond,Restore,1,Host,0.25,artifact_cooccurrence,respond
T1578.002,Create Cloud Instance,D3-RNA,Restore Network Access,respond,Restore,1,Host,0.25,artifact_cooccurrence,respond
T1578.003,Delete Cloud Instance,D3-RNA,Restore Network Access,respond,Restore,1,Host,0.25,artifact_cooccurrence,respond
T1578.004,Revert Cloud Instance,D3-RNA,Restore Network Access,respond,Restore,1,Host,0.25,artifact_cooccurrence,respond
T1578,Modify Cloud Compute Infrastructure,D3-RNA,Restore Network Access,respond,Restore,1,Host,0.25,artifact_cooccurrence,respond
T1078.001,Default Accounts,D3-ULA,Unlock Account,respond,Restore,1,User Account,0.25,artifact_cooccurrence,respond
T1078.002,Domain Accounts,D3-ULA,Unlock Account,respond,Restore,1,User Account,0.25,artifact_cooccurrence,respond
T1078.003,Local Accounts,D3-ULA,Unlock Account,respond,Restore,1,User Account,0.25,artifact_cooccurrence,respond
T1078.004,Cloud Accounts,D3-ULA,Unlock Account,respond,Restore,1,User Account,0.25,artifact_cooccurrence,respond
T1078,Valid Accounts,D3-ULA,Unlock Account,respond,Restore,1,User Account,0.25,artifact_cooccurrence,respond
T1087.001,Local Account,D3-ULA,Unlock Account,respond,Restore,1,User Account,0.25,artifact_cooccurrence,respond
T1087.002,Domain Account,D3-ULA,Unlock Account,respond,Restore,1,User Account,0.25,artifact_cooccurrence,respond
T1087.004,Cloud Account,D3-ULA,Unlock Account,respond,Restore,1,User Account,0.25,artifact_cooccurrence,respond
T1087,Account Discovery,D3-ULA,Unlock Account,respond,Restore,1,User Account,0.25,artifact_cooccurrence,respond
T1098.001,Additional Cloud Credentials,D3-ULA,Unlock Account,respond,Restore,1,User Account,0.25,artifact_cooccurrence,respond
T1098.002,Additional Email Delegate Permissions,D3-ULA,Unlock Account,respond,Restore,1,User Account,0.25,artifact_cooccurrence,respond
T1098.003,Additional Cloud Roles,D3-ULA,Unlock Account,respond,Restore,1,User Account,0.25,artifact_cooccurrence,respond
T1098.004,SSH Authorized Keys,D3-ULA,Unlock Account,respond,Restore,1,User Account,0.25,artifact_cooccurrence,respond
T1098.005,Device Registration,D3-ULA,Unlock Account,respond,Restore,1,User Account,0.25,artifact_cooccurrence,respond
T1098.006,Additional Container Cluster Roles,D3-ULA,Unlock Account,respond,Restore,1,User Account,0.25,artifact_cooccurrence,respond
T1098.007,Additional Local or Domain Groups,D3-ULA,Unlock Account,respond,Restore,1,User Account,0.25,artifact_cooccurrence,respond
T1098,Account Manipulation,D3-ULA,Unlock Account,respond,Restore,1,User Account,0.25,artifact_cooccurrence,respond
T1136.001,Local Account,D3-ULA,Unlock Account,respond,Restore,1,User Account,0.25,artifact_cooccurrence,respond
T1136.002,Domain Account,D3-ULA,Unlock Account,respond,Restore,1,User Account,0.25,artifact_cooccurrence,respond
T1136.003,Cloud Account,D3-ULA,Unlock Account,respond,Restore,1,User Account,0.25,artifact_cooccurrence,respond
T1136,Create Account,D3-ULA,Unlock Account,respond,Restore,1,User Account,0.25,artifact_cooccurrence,respond
T1531,Account Access Removal,D3-ULA,Unlock Account,respond,Restore,1,User Account,0.25,artifact_cooccurrence,respond
T1548.005,Temporary Elevated Cloud Access,D3-ULA,Unlock Account,respond,Restore,1,User Account,0.25,artifact_cooccurrence,respond
T1548,Abuse Elevation Control Mechanism,D3-ULA,Unlock Account,respond,Restore,1,User Account,0.25,artifact_cooccurrence,respond
T1037.004,RC Scripts,D3-RC,Restore Configuration,respond,Restore,1,Configuration Resource,0.25,artifact_cooccurrence,respond
T1037.005,Startup Items,D3-RC,Restore Configuration,respond,Restore,1,Configuration Resource,0.25,artifact_cooccurrence,respond
T1037,Boot or Logon Initialization Scripts,D3-RC,Restore Configuration,respond,Restore,1,Configuration Resource,0.25,artifact_cooccurrence,respond
T1114.003,Email Forwarding Rule,D3-RC,Restore Configuration,respond,Restore,1,Configuration Resource,0.25,artifact_cooccurrence,respond
T1114,Email Collection,D3-RC,Restore Configuration,respond,Restore,1,Configuration Resource,0.25,artifact_cooccurrence,respond
T1134.005,SID-History Injection,D3-RC,Restore Configuration,respond,Restore,1,Configuration Resource,0.25,artifact_cooccurrence,respond
T1134,Access Token Manipulation,D3-RC,Restore Configuration,respond,Restore,1,Configuration Resource,0.25,artifact_cooccurrence,respond
T1137.001,Office Template Macros,D3-RC,Restore Configuration,respond,Restore,1,Configuration Resource,0.25,artifact_cooccurrence,respond
T1137.002,Office Test,D3-RC,Restore Configuration,respond,Restore,1,Configuration Resource,0.25,artifact_cooccurrence,respond
T1137.004,Outlook Home Page,D3-RC,Restore Configuration,respond,Restore,1,Configuration Resource,0.25,artifact_cooccurrence,respond
T1137.005,Outlook Rules,D3-RC,Restore Configuration,respond,Restore,1,Configuration Resource,0.25,artifact_cooccurrence,respond
T1137,Office Application Startup,D3-RC,Restore Configuration,respond,Restore,1,Configuration Resource,0.25,artifact_cooccurrence,respond
T1218.002,Control Panel,D3-RC,Restore Configuration,respond,Restore,1,Configuration Resource,0.25,artifact_cooccurrence,respond
T1218,System Binary Proxy Execution,D3-RC,Restore Configuration,respond,Restore,1,Configuration Resource,0.25,artifact_cooccurrence,respond
T1222.001,Windows File and Directory Permissions Modification,D3-RC,Restore Configuration,respond,Restore,1,Configuration Resource,0.25,artifact_cooccurrence,respond
T1222.002,Linux and Mac File and Directory Permissions Modification,D3-RC,Restore Configuration,respond,Restore,1,Configuration Resource,0.25,artifact_cooccurrence,respond
T1222,File and Directory Permissions Modification,D3-RC,Restore Configuration,respond,Restore,1,Configuration Resource,0.25,artifact_cooccurrence,respond
T1484.001,Group Policy Modification,D3-RC,Restore Configuration,respond,Restore,1,Configuration Resource,0.25,artifact_cooccurrence,respond
T1484.002,Trust Modification,D3-RC,Restore Configuration,respond,Restore,1,Configuration Resource,0.25,artifact_cooccurrence,respond
T1484,Domain or Tenant Policy Modification,D3-RC,Restore Configuration,respond,Restore,1,Configuration Resource,0.25,artifact_cooccurrence,respond
T1490,Inhibit System Recovery,D3-RC,Restore Configuration,respond,Restore,1,Configuration Resource,0.25,artifact_cooccurrence,respond
T1518.001,Security Software Discovery,D3-RC,Restore Configuration,respond,Restore,1,Configuration Resource,0.25,artifact_cooccurrence,respond
T1518,Software Discovery,D3-RC,Restore Configuration,respond,Restore,1,Configuration Resource,0.25,artifact_cooccurrence,respond
T1526,Cloud Service Discovery,D3-RC,Restore Configuration,respond,Restore,1,Configuration Resource,0.25,artifact_cooccurrence,respond
T1538,Cloud Service Dashboard,D3-RC,Restore Configuration,respond,Restore,1,Configuration Resource,0.25,artifact_cooccurrence,respond
T1546.001,Change Default File Association,D3-RC,Restore Configuration,respond,Restore,1,Configuration Resource,0.25,artifact_cooccurrence,respond
T1546.002,Screensaver,D3-RC,Restore Configuration,respond,Restore,1,Configuration Resource,0.25,artifact_cooccurrence,respond
T1546.007,Netsh Helper DLL,D3-RC,Restore Configuration,respond,Restore,1,Configuration Resource,0.25,artifact_cooccurrence,respond
T1546.008,Accessibility Features,D3-RC,Restore Configuration,respond,Restore,1,Configuration Resource,0.25,artifact_cooccurrence,respond
T1546.009,AppCert DLLs,D3-RC,Restore Configuration,respond,Restore,1,Configuration Resource,0.25,artifact_cooccurrence,respond
T1546.010,AppInit DLLs,D3-RC,Restore Configuration,respond,Restore,1,Configuration Resource,0.25,artifact_cooccurrence,respond
T1546.011,Application Shimming,D3-RC,Restore Configuration,respond,Restore,1,Configuration Resource,0.25,artifact_cooccurrence,respond
T1546.014,Emond,D3-RC,Restore Configuration,respond,Restore,1,Configuration Resource,0.25,artifact_cooccurrence,respond
T1546,Event Triggered Execution,D3-RC,Restore Configuration,respond,Restore,1,Configuration Resource,0.25,artifact_cooccurrence,respond
T1547.001,Registry Run Keys / Startup Folder,D3-RC,Restore Configuration,respond,Restore,1,Configuration Resource,0.25,artifact_cooccurrence,respond
T1547.002,Authentication Package,D3-RC,Restore Configuration,respond,Restore,1,Configuration Resource,0.25,artifact_cooccurrence,respond
T1547.003,Time Providers,D3-RC,Restore Configuration,respond,Restore,1,Configuration Resource,0.25,artifact_cooccurrence,respond
T1547.004,Winlogon Helper DLL,D3-RC,Restore Configuration,respond,Restore,1,Configuration Resource,0.25,artifact_cooccurrence,respond
T1547.005,Security Support Provider,D3-RC,Restore Configuration,respond,Restore,1,Configuration Resource,0.25,artifact_cooccurrence,respond
T1547.010,Port Monitors,D3-RC,Restore Configuration,respond,Restore,1,Configuration Resource,0.25,artifact_cooccurrence,respond
T1547,Boot or Logon Autostart Execution,D3-RC,Restore Configuration,respond,Restore,1,Configuration Resource,0.25,artifact_cooccurrence,respond
T1548.001,Setuid and Setgid,D3-RC,Restore Configuration,respond,Restore,1,Configuration Resource,0.25,artifact_cooccurrence,respond
T1548.002,Bypass User Account Control,D3-RC,Restore Configuration,respond,Restore,1,Configuration Resource,0.25,artifact_cooccurrence,respond
T1548.005,Temporary Elevated Cloud Access,D3-RC,Restore Configuration,respond,Restore,1,Configuration Resource,0.25,artifact_cooccurrence,respond
T1548,Abuse Elevation Control Mechanism,D3-RC,Restore Configuration,respond,Restore,1,Configuration Resource,0.25,artifact_cooccurrence,respond
T1552.005,Cloud Instance Metadata API,D3-RC,Restore Configuration,respond,Restore,1,Configuration Resource,0.25,artifact_cooccurrence,respond
T1552.006,Group Policy Preferences,D3-RC,Restore Configuration,respond,Restore,1,Configuration Resource,0.25,artifact_cooccurrence,respond
T1552,Unsecured Credentials,D3-RC,Restore Configuration,respond,Restore,1,Configuration Resource,0.25,artifact_cooccurrence,respond
T1553.003,SIP and Trust Provider Hijacking,D3-RC,Restore Configuration,respond,Restore,1,Configuration Resource,0.25,artifact_cooccurrence,respond
T1553,Subvert Trust Controls,D3-RC,Restore Configuration,respond,Restore,1,Configuration Resource,0.25,artifact_cooccurrence,respond
T1556.002,Password Filter DLL,D3-RC,Restore Configuration,respond,Restore,1,Configuration Resource,0.25,artifact_cooccurrence,respond
T1556.009,Conditional Access Policies,D3-RC,Restore Configuration,respond,Restore,1,Configuration Resource,0.25,artifact_cooccurrence,respond
T1556,Modify Authentication Process,D3-RC,Restore Configuration,respond,Restore,1,Configuration Resource,0.25,artifact_cooccurrence,respond
T1562.002,Disable Windows Event Logging,D3-RC,Restore Configuration,respond,Restore,1,Configuration Resource,0.25,artifact_cooccurrence,respond
T1562.003,Impair Command History Logging,D3-RC,Restore Configuration,respond,Restore,1,Configuration Resource,0.25,artifact_cooccurrence,respond
T1562.004,Disable or Modify System Firewall,D3-RC,Restore Configuration,respond,Restore,1,Configuration Resource,0.25,artifact_cooccurrence,respond
T1562.007,Disable or Modify Cloud Firewall,D3-RC,Restore Configuration,respond,Restore,1,Configuration Resource,0.25,artifact_cooccurrence,respond
T1562.008,Disable or Modify Cloud Logs,D3-RC,Restore Configuration,respond,Restore,1,Configuration Resource,0.25,artifact_cooccurrence,respond
T1562.009,Safe Mode Boot,D3-RC,Restore Configuration,respond,Restore,1,Configuration Resource,0.25,artifact_cooccurrence,respond
T1562,Impair Defenses,D3-RC,Restore Configuration,respond,Restore,1,Configuration Resource,0.25,artifact_cooccurrence,respond
T1564.008,Email Hiding Rules,D3-RC,Restore Configuration,respond,Restore,1,Configuration Resource,0.25,artifact_cooccurrence,respond
T1564,Hide Artifacts,D3-RC,Restore Configuration,respond,Restore,1,Configuration Resource,0.25,artifact_cooccurrence,respond
T1574.011,Services Registry Permissions Weakness,D3-RC,Restore Configuration,respond,Restore,1,Configuration Resource,0.25,artifact_cooccurrence,respond
T1574.012,COR_PROFILER,D3-RC,Restore Configuration,respond,Restore,1,Configuration Resource,0.25,artifact_cooccurrence,respond
T1574,Hijack Execution Flow,D3-RC,Restore Configuration,respond,Restore,1,Configuration Resource,0.25,artifact_cooccurrence,respond
T1578.002,Create Cloud Instance,D3-RC,Restore Configuration,respond,Restore,1,Configuration Resource,0.25,artifact_cooccurrence,respond
T1578.003,Delete Cloud Instance,D3-RC,Restore Configuration,respond,Restore,1,Configuration Resource,0.25,artifact_cooccurrence,respond
T1578.004,Revert Cloud Instance,D3-RC,Restore Configuration,respond,Restore,1,Configuration Resource,0.25,artifact_cooccurrence,respond
T1578.005,Modify Cloud Compute Configurations,D3-RC,Restore Configuration,respond,Restore,1,Configuration Resource,0.25,artifact_cooccurrence,respond
T1578,Modify Cloud Compute Infrastructure,D3-RC,Restore Configuration,respond,Restore,1,Configuration Resource,0.25,artifact_cooccurrence,respond
T1614.001,System Language Discovery,D3-RC,Restore Configuration,respond,Restore,1,Configuration Resource,0.25,artifact_cooccurrence,respond
T1614,System Location Discovery,D3-RC,Restore Configuration,respond,Restore,1,Configuration Resource,0.25,artifact_cooccurrence,respond
T1615,Group Policy Discovery,D3-RC,Restore Configuration,respond,Restore,1,Configuration Resource,0.25,artifact_cooccurrence,respond
T1666,Modify Cloud Resource Hierarchy,D3-RC,Restore Configuration,respond,Restore,1,Configuration Resource,0.25,artifact_cooccurrence,respond
T1003.002,Security Account Manager,D3-RD,Restore Database,respond,Restore,1,Database,0.25,artifact_cooccurrence,respond
T1003.004,LSA Secrets,D3-RD,Restore Database,respond,Restore,1,Database,0.25,artifact_cooccurrence,respond
T1003.008,/etc/passwd and /etc/shadow,D3-RD,Restore Database,respond,Restore,1,Database,0.25,artifact_cooccurrence,respond
T1003,OS Credential Dumping,D3-RD,Restore Database,respond,Restore,1,Database,0.25,artifact_cooccurrence,respond
T1012,Query Registry,D3-RD,Restore Database,respond,Restore,1,Database,0.25,artifact_cooccurrence,respond
T1033,System Owner/User Discovery,D3-RD,Restore Database,respond,Restore,1,Database,0.25,artifact_cooccurrence,respond
T1112,Modify Registry,D3-RD,Restore Database,respond,Restore,1,Database,0.25,artifact_cooccurrence,respond
T1137.006,Add-ins,D3-RD,Restore Database,respond,Restore,1,Database,0.25,artifact_cooccurrence,respond
T1137,Office Application Startup,D3-RD,Restore Database,respond,Restore,1,Database,0.25,artifact_cooccurrence,respond
T1207,Rogue Domain Controller,D3-RD,Restore Database,respond,Restore,1,Database,0.25,artifact_cooccurrence,respond
T1213.003,Code Repositories,D3-RD,Restore Database,respond,Restore,1,Database,0.25,artifact_cooccurrence,respond
T1213,Data from Information Repositories,D3-RD,Restore Database,respond,Restore,1,Database,0.25,artifact_cooccurrence,respond
T1218.014,MMC,D3-RD,Restore Database,respond,Restore,1,Database,0.25,artifact_cooccurrence,respond
T1218,System Binary Proxy Execution,D3-RD,Restore Database,respond,Restore,1,Database,0.25,artifact_cooccurrence,respond
T1543.003,Windows Service,D3-RD,Restore Database,respond,Restore,1,Database,0.25,artifact_cooccurrence,respond
T1543,Create or Modify System Process,D3-RD,Restore Database,respond,Restore,1,Database,0.25,artifact_cooccurrence,respond
T1546.012,Image File Execution Options Injection,D3-RD,Restore Database,respond,Restore,1,Database,0.25,artifact_cooccurrence,respond
T1546.015,Component Object Model Hijacking,D3-RD,Restore Database,respond,Restore,1,Database,0.25,artifact_cooccurrence,respond
T1546,Event Triggered Execution,D3-RD,Restore Database,respond,Restore,1,Database,0.25,artifact_cooccurrence,respond
T1548.004,Elevated Execution with Prompt,D3-RD,Restore Database,respond,Restore,1,Database,0.25,artifact_cooccurrence,respond
T1548,Abuse Elevation Control Mechanism,D3-RD,Restore Database,respond,Restore,1,Database,0.25,artifact_cooccurrence,respond
T1552.002,Credentials in Registry,D3-RD,Restore Database,respond,Restore,1,Database,0.25,artifact_cooccurrence,respond
T1552,Unsecured Credentials,D3-RD,Restore Database,respond,Restore,1,Database,0.25,artifact_cooccurrence,respond
T1555.001,Keychain,D3-RD,Restore Database,respond,Restore,1,Database,0.25,artifact_cooccurrence,respond
T1555.002,Securityd Memory,D3-RD,Restore Database,respond,Restore,1,Database,0.25,artifact_cooccurrence,respond
T1555.003,Credentials from Web Browsers,D3-RD,Restore Database,respond,Restore,1,Database,0.25,artifact_cooccurrence,respond
T1555.004,Windows Credential Manager,D3-RD,Restore Database,respond,Restore,1,Database,0.25,artifact_cooccurrence,respond
T1555.005,Password Managers,D3-RD,Restore Database,respond,Restore,1,Database,0.25,artifact_cooccurrence,respond
T1555.006,Cloud Secrets Management Stores,D3-RD,Restore Database,respond,Restore,1,Database,0.25,artifact_cooccurrence,respond
T1555,Credentials from Password Stores,D3-RD,Restore Database,respond,Restore,1,Database,0.25,artifact_cooccurrence,respond
T1564.003,Hidden Window,D3-RD,Restore Database,respond,Restore,1,Database,0.25,artifact_cooccurrence,respond
T1564.005,Hidden File System,D3-RD,Restore Database,respond,Restore,1,Database,0.25,artifact_cooccurrence,respond
T1564,Hide Artifacts,D3-RD,Restore Database,respond,Restore,1,Database,0.25,artifact_cooccurrence,respond
T1614.001,System Language Discovery,D3-RD,Restore Database,respond,Restore,1,Database,0.25,artifact_cooccurrence,respond
T1614,System Location Discovery,D3-RD,Restore Database,respond,Restore,1,Database,0.25,artifact_cooccurrence,respond
T1114.001,Local Email Collection,D3-RE,Restore Email,respond,Restore,1,Email,0.25,artifact_cooccurrence,respond
T1114,Email Collection,D3-RE,Restore Email,respond,Restore,1,Email,0.25,artifact_cooccurrence,respond
T1534,Internal Spearphishing,D3-RE,Restore Email,respond,Restore,1,Email,0.25,artifact_cooccurrence,respond
T1566.001,Spearphishing Attachment,D3-RE,Restore Email,respond,Restore,1,Email,0.25,artifact_cooccurrence,respond
T1566.002,Spearphishing Link,D3-RE,Restore Email,respond,Restore,1,Email,0.25,artifact_cooccurrence,respond
T1566,Phishing,D3-RE,Restore Email,respond,Restore,1,Email,0.25,artifact_cooccurrence,respond
T1014,Rootkit,D3-RS,Restore Software,respond,Restore,1,Software,0.25,artifact_cooccurrence,respond
T1056.003,Web Portal Capture,D3-RS,Restore Software,respond,Restore,1,Software,0.25,artifact_cooccurrence,respond
T1056,Input Capture,D3-RS,Restore Software,respond,Restore,1,Software,0.25,artifact_cooccurrence,respond
T1072,Software Deployment Tools,D3-RS,Restore Software,respond,Restore,1,Software,0.25,artifact_cooccurrence,respond
T1127.001,MSBuild,D3-RS,Restore Software,respond,Restore,1,Software,0.25,artifact_cooccurrence,respond
T1127,Trusted Developer Utilities Proxy Execution,D3-RS,Restore Software,respond,Restore,1,Software,0.25,artifact_cooccurrence,respond
T1137.006,Add-ins,D3-RS,Restore Software,respond,Restore,1,Software,0.25,artifact_cooccurrence,respond
T1137,Office Application Startup,D3-RS,Restore Software,respond,Restore,1,Software,0.25,artifact_cooccurrence,respond
T1176.001,Browser Extensions,D3-RS,Restore Software,respond,Restore,1,Software,0.25,artifact_cooccurrence,respond
T1176.002,IDE Extensions,D3-RS,Restore Software,respond,Restore,1,Software,0.25,artifact_cooccurrence,respond
T1176,Software Extensions,D3-RS,Restore Software,respond,Restore,1,Software,0.25,artifact_cooccurrence,respond
T1195.001,Compromise Software Dependencies and Development Tools,D3-RS,Restore Software,respond,Restore,1,Software,0.25,artifact_cooccurrence,respond
T1195.002,Compromise Software Supply Chain,D3-RS,Restore Software,respond,Restore,1,Software,0.25,artifact_cooccurrence,respond
T1195,Supply Chain Compromise,D3-RS,Restore Software,respond,Restore,1,Software,0.25,artifact_cooccurrence,respond
T1212,Exploitation for Credential Access,D3-RS,Restore Software,respond,Restore,1,Software,0.25,artifact_cooccurrence,respond
T1218.014,MMC,D3-RS,Restore Software,respond,Restore,1,Software,0.25,artifact_cooccurrence,respond
T1218,System Binary Proxy Execution,D3-RS,Restore Software,respond,Restore,1,Software,0.25,artifact_cooccurrence,respond
T1490,Inhibit System Recovery,D3-RS,Restore Software,respond,Restore,1,Software,0.25,artifact_cooccurrence,respond
T1497.003,Time Based Checks,D3-RS,Restore Software,respond,Restore,1,Software,0.25,artifact_cooccurrence,respond
T1497,Virtualization/Sandbox Evasion,D3-RS,Restore Software,respond,Restore,1,Software,0.25,artifact_cooccurrence,respond
T1505.001,SQL Stored Procedures,D3-RS,Restore Software,respond,Restore,1,Software,0.25,artifact_cooccurrence,respond
T1505.004,IIS Components,D3-RS,Restore Software,respond,Restore,1,Software,0.25,artifact_cooccurrence,respond
T1505,Server Software Component,D3-RS,Restore Software,respond,Restore,1,Software,0.25,artifact_cooccurrence,respond
T1542.001,System Firmware,D3-RS,Restore Software,respond,Restore,1,Software,0.25,artifact_cooccurrence,respond
T1542.002,Component Firmware,D3-RS,Restore Software,respond,Restore,1,Software,0.25,artifact_cooccurrence,respond
T1542.003,Bootkit,D3-RS,Restore Software,respond,Restore,1,Software,0.25,artifact_cooccurrence,respond
T1542.004,ROMMONkit,D3-RS,Restore Software,respond,Restore,1,Software,0.25,artifact_cooccurrence,respond
T1542,Pre-OS Boot,D3-RS,Restore Software,respond,Restore,1,Software,0.25,artifact_cooccurrence,respond
T1546.011,Application Shimming,D3-RS,Restore Software,respond,Restore,1,Software,0.25,artifact_cooccurrence,respond
T1546,Event Triggered Execution,D3-RS,Restore Software,respond,Restore,1,Software,0.25,artifact_cooccurrence,respond
T1547.008,LSASS Driver,D3-RS,Restore Software,respond,Restore,1,Software,0.25,artifact_cooccurrence,respond
T1547,Boot or Logon Autostart Execution,D3-RS,Restore Software,respond,Restore,1,Software,0.25,artifact_cooccurrence,respond
T1554,Compromise Host Software Binary,D3-RS,Restore Software,respond,Restore,1,Software,0.25,artifact_cooccurrence,respond
T1564.006,Run Virtual Instance,D3-RS,Restore Software,respond,Restore,1,Software,0.25,artifact_cooccurrence,respond
T1564,Hide Artifacts,D3-RS,Restore Software,respond,Restore,1,Software,0.25,artifact_cooccurrence,respond
T1574.005,Executable Installer File Permissions Weakness,D3-RS,Restore Software,respond,Restore,1,Software,0.25,artifact_cooccurrence,respond
T1574.010,Services File Permissions Weakness,D3-RS,Restore Software,respond,Restore,1,Software,0.25,artifact_cooccurrence,respond
T1574,Hijack Execution Flow,D3-RS,Restore Software,respond,Restore,1,Software,0.25,artifact_cooccurrence,respond
T1649,Steal or Forge Authentication Certificates,D3-RS,Restore Software,respond,Restore,1,Software,0.25,artifact_cooccurrence,respond
T1006,,,,,,0,,0.25,artifact_cooccurrence,zero_defense
T1027.006,,,,,,0,,0.25,artifact_cooccurrence,zero_defense
T1036.002,,,,,,0,,0.25,artifact_cooccurrence,zero_defense
T1036.007,,,,,,0,,0.25,artifact_cooccurrence,zero_defense
T1049,,,,,,0,,0.25,artifact_cooccurrence,zero_defense
T1055.005,,,,,,0,,0.25,artifact_cooccurrence,zero_defense
T1055.008,,,,,,0,,0.25,artifact_cooccurrence,zero_defense
T1056.002,,,,,,0,,0.25,artifact_cooccurrence,zero_defense
T1070.006,,,,,,0,,0.25,artifact_cooccurrence,zero_defense
T1106,,,,,,0,,0.25,artifact_cooccurrence,zero_defense
T1113,,,,,,0,,0.25,artifact_cooccurrence,zero_defense
T1115,,,,,,0,,0.25,artifact_cooccurrence,zero_defense
T1213.004,,,,,,0,,0.25,artifact_cooccurrence,zero_defense
T1213.005,,,,,,0,,0.25,artifact_cooccurrence,zero_defense
T1213.006,,,,,,0,,0.25,artifact_cooccurrence,zero_defense
T1491.001,,,,,,0,,0.25,artifact_cooccurrence,zero_defense
T1547.015,,,,,,0,,0.25,artifact_cooccurrence,zero_defense
T1553.001,,,,,,0,,0.25,artifact_cooccurrence,zero_defense
T1559,,,,,,0,,0.25,artifact_cooccurrence,zero_defense
T1559.001,,,,,,0,,0.25,artifact_cooccurrence,zero_defense
T1559.002,,,,,,0,,0.25,artifact_cooccurrence,zero_defense
T1559.003,,,,,,0,,0.25,artifact_cooccurrence,zero_defense
T1562.012,,,,,,0,,0.25,artifact_cooccurrence,zero_defense
T1564.001,,,,,,0,,0.25,artifact_cooccurrence,zero_defense
T1564.004,,,,,,0,,0.25,artifact_cooccurrence,zero_defense
T1564.009,,,,,,0,,0.25,artifact_cooccurrence,zero_defense
T1578.001,,,,,,0,,0.25,artifact_cooccurrence,zero_defense
